,folder,name,question,Item Type,Section,Type,Program,Language,Level,ID,SectionShort,date
1,Assumptions/eur-assumptions-101-en,eur-assumptions-101-en,"*Testing effect* 
Research has shown that when people learn words from a foreign language they better remember those words if they first study the words and then test themselves trying to recollect the words, compared to just studying the words twice. A researcher from the institute of psychology wants to know whether this so-called testing effect can be proven to exist in the classroom. She divides a group of 60 students into three groups [condition]. The students in group 1 study a list of 30 French words and their Dutch translation twice (1 = restudy). The students in group 2 study the list of 30 French words and their Dutch translation once and then test themselves (2 = testing). The students in group 3 just study the list of 30 French words and their Dutch translation once without testing themselves (3 = study_once). A week after the study phase, the students took a test where they had to give the Dutch translation of the 30 French words that they studied earlier. The total number of correct translations is represented by the variable score [score]. Additionally, the researcher included for each student his/her French grade [French].
Open the data file.
Conduct an analysis to determine whether there is a difference between the three conditions [condition] in terms of total number of correct translations [score]. Test whether there is a violation of the homogeneity of variances assumption for this analysis. What is the F-value for this assumption test? (3 decimals)
**Download**: [SPSS file](eur-assumptions-101-en-data.sav), [CSV file](eur-assumptions-101-en-data.csv)
",num,Assumptions/Homogeneity of variance/Levene's test,Performing analysis,SPSS,English,Statistical Literacy,622fe,Assumptions/Levene's test,2026-01-27
2,Assumptions/eur-assumptions-101-nl,eur-assumptions-101-nl,"*Testing effect* 
Uit onderzoek is gebleken dat wanneer mensen woordjes leren uit een vreemde taal zij deze woordjes op de lange termijn beter kunnen onthouden wanneer zij de woordjes eerst bestuderen en daarna zichzelf testen op de woordjes, dan wanneer zij de woordjes twee keer bestuderen. Een onderzoeker aan het instituut voor psychologie wil weten of dit zogenaamde testing effect zich ook in het klaslokaal openbaart. Ze deelt een groep van 60 4VWO leerlingen in in drie groepen [condition]. De leerlingen in groep 1 bestuderen 2 keer achter elkaar een lijst met 30 nieuwe Franse woordjes (1 = restudy), de leerlingen in groep 2 bestuderen dezelfde lijst 1 keer en testen zichzelf daarna (2 = testing). Hierbij moeten ze hun hand op de Nederlandse vertaling van de Franse woordjes leggen en zelf bedenken wat de betekenis is. Leerlingen in groep 3 bestuderen de lijst met Franse woordjes slechts 1 keer (3 = study_once). Een week na het bestuderen krijgen alle leerlingen een test waarbij zij de 30 Franse woordjes opnieuw te zien krijgen en de Nederlandse vertaling moeten geven. Het totaal aantal correcte vertalingen staat weergegeven in de variabele score [score]. De onderzoeker heeft verder nog voor iedere leerling het rapportcijfer voor Frans [French] verzameld.
Open het databestand.
Doe een analyse om te bepalen of er verschil is tussen de drie condities [condition] op het aantal correct Nederlandse vertalingen [score]. Toets of de assumptie van homogene varianties in de drie condities geschonden wordt. Hoe groot is de F-waarde die bij deze assumptietoets hoort? (3 decimalen)
**Download**: [SPSS file](eur-assumptions-101-nl-data.sav), [CSV file](eur-assumptions-101-nl-data.csv)
",num,Assumptions/Homogeneity of variance/Levene's test,Performing analysis,SPSS,Dutch,Statistical Literacy,c4b09,Assumptions/Levene's test,2026-01-12
3,Assumptions/eur-assumptions-102-en,eur-assumptions-102-en,"*Testing effect* 
Research has shown that when people learn words from a foreign language they better remember those words if they first study the words and then test themselves trying to recollect the words, compared to just studying the words twice. A researcher from the institute of psychology wants to know whether this so-called testing effect can be proven to exist in the classroom. She divides a group of 60 students into three groups [condition]. The students in group 1 study a list of 30 French words and their Dutch translation twice (1 = restudy). The students in group 2 study the list of 30 French words and their Dutch translation once and then test themselves (2 = testing). The students in group 3 just study the list of 30 French words and their Dutch translation once without testing themselves (3 = study_once). A week after the study phase, the students took a test where they had to give the Dutch translation of the 30 French words that they studied earlier. The total number of correct translations is represented by the variable score [score]. Additionally, the researcher included for each student his/her French grade [French].
Open the data file.
Conduct an analysis to determine whether the regression lines for the relation between French grade [French] and test performance [score] differ for the three conditions [condition]. What is p-value corresponding to the F-test of the homogeneity of regression slopes assumption? (3 decimals)
**Download**: [SPSS file](eur-assumptions-102-en-data.sav), [CSV file](eur-assumptions-102-en-data.csv)
",num,"Assumptions/Homogeneity of variance/Levene's test, Inferential Statistics/NHST/p-value",Performing analysis,SPSS,English,Statistical Literacy,89e29,Assumptions/Levene's test,2026-01-27
4,Assumptions/eur-assumptions-102-nl,eur-assumptions-102-nl,"*Testing effect* 
Uit onderzoek is gebleken dat wanneer mensen woordjes leren uit een vreemde taal zij deze woordjes op de lange termijn beter kunnen onthouden wanneer zij de woordjes eerst bestuderen en daarna zichzelf testen op de woordjes, dan wanneer zij de woordjes twee keer bestuderen. Een onderzoeker aan het instituut voor psychologie wil weten of dit zogenaamde testing effect zich ook in het klaslokaal openbaart. Ze deelt een groep van 60 4VWO leerlingen in in drie groepen [condition]. De leerlingen in groep 1 bestuderen 2 keer achter elkaar een lijst met 30 nieuwe Franse woordjes (1 = restudy), de leerlingen in groep 2 bestuderen dezelfde lijst 1 keer en testen zichzelf daarna (2 = testing). Hierbij moeten ze hun hand op de Nederlandse vertaling van de Franse woordjes leggen en zelf bedenken wat de betekenis is. Leerlingen in groep 3 bestuderen de lijst met Franse woordjes slechts 1 keer (3 = study_once). Een week na het bestuderen krijgen alle leerlingen een test waarbij zij de 30 Franse woordjes opnieuw te zien krijgen en de Nederlandse vertaling moeten geven. Het totaal aantal correcte vertalingen staat weergegeven in de variabele score [score]. De onderzoeker heeft verder nog voor iedere leerling het rapportcijfer voor Frans [French] verzameld.
Open het databestand.
Voer een analyse uit om te bepalen of de regressielijnen die de relatie tussen rapportcijfer frans [French] en prestatie op de test [score] weergeven verschillen voor de drie condities [condition]. Wat is de p-waarde behorend bij de F-toets die de homogeniteit van regressie assumptie toetst? (3 decimalen)
**Download**: [SPSS file](eur-assumptions-102-nl-data.sav), [CSV file](eur-assumptions-102-nl-data.csv)
",num,"Assumptions/Homogeneity of variance/Levene's test, Inferential Statistics/NHST/p-value",Performing analysis,SPSS,Dutch,Statistical Literacy,ae7ef,Assumptions/Levene's test,2026-01-12
5,Assumptions/eur-assumptions-103-en,eur-assumptions-103-en,"*Long-term detention*
Currently, in the Netherlands, there is debate about the usefulness of long-term detention with psychiatric treatment. A psychiatrist of a Dutch long-term detention centre collected data about aggression of detainees. The detainees were observed during group treatment sessions and the level of aggressive behavior was rated at four points in time: (1) 2 days after their admission to the centre [T1_aggression] ; (2) half a year after admission [T2_aggression]; (3) a year after admission [T3_aggression]; and (4) a year and a half after admission [T4_aggression]. The level of aggressive behavior was rated by means of a semi-structured interview, resulting in scores ranging from 0 (not aggressive) to 40 (extremely aggressive). Furthermore, the psychiatrist registered whether detainees suffered from psychosis or not [psychosis].
Open the data file.
Perform the relevant ANOVA to test for differences on the four aggression measurements and make sure to test the sphericity assumption. What is the value of Greenhouse-Geisser Epsilon for this model? (3 decimals)
**Download**: [SPSS file](eur-assumptions-103-en-data.sav), [CSV file](eur-assumptions-103-en-data.csv)
",num,"Assumptions/Sphericity/Epsilon, Inferential Statistics/Parametric Techniques/ANOVA/Oneway repeated measures ANOVA",Performing analysis,SPSS,English,Statistical Literacy,0140d,Assumptions/Epsilon,2026-01-12
6,Assumptions/eur-assumptions-103-nl,eur-assumptions-103-nl,"*Ter beschikking gesteld (TBS)*
Er is in Nederland momenteel veel discussie over het nut van langdurige opsluiting van TBS’ers. Een behandelaar van TBS kliniek de Kijvelanden heeft op 4 meetmomenten informatie verzameld over het agressieve gedrag van patiënten. De patiënten werden tijdens groepsbehandelingen geobserveerd en beoordeeld op agressief gedrag 1) 2 dagen na hun opname in de kliniek [T1_aggression]; 2) een half jaar na hun opname [T2_aggression]; 3) een jaar na hun opname [T3_aggression]; en 4) anderhalf jaar na hun opname [T4_aggression]. Het agressieve gedrag werd gescoord middels een semi-gestructureerd interview waarbij de scores kunnen variëren van 0 (niet agressief) tot 40 (uiterst agressief). Verder registreert de behandelaar of de patiënten last hebben van psychoses of niet [psychosis], waarbij 0 = geen psychose en 1 = psychose.
Open het databestand.
Toets of het gemiddelde niveau van agressief gedrag verschilt tussen de vier tijdstippen. Wat is de waarde van Greenhouse-Geisser Epsilon voor bovenstaand model? (3 decimalen)
**Download**: [SPSS file](eur-assumptions-103-nl-data.sav), [CSV file](eur-assumptions-103-nl-data.csv)
",num,Assumptions/Sphericity/Epsilon,Performing analysis,SPSS,Dutch,Statistical Literacy,8069c,Assumptions/Epsilon,2026-01-12
7,Assumptions/eur-assumptions-104-en,eur-assumptions-104-en,"* Testing effect*
Research has shown that when people have to learn faces of strangers they can remember them better in the long run when they study the faces first and then test themselves with matching the faces to the corresponding name, than when they study the faces twice. A researcher at the Institute of Psychology wants to know whether this so-called testing effect reveals itself in the classroom. She divides a group of 60 VWO students into three groups [condition]. The students in group 1 study a list of 30 faces and their names twice in a row (1 = restudy), the students in group 2 study the same faces and their names once and then test themselves (2 = testing). This involves them putting their hand on the list of people's names and figuring out for themselves the name of the person in the picture. Students in grade 3 study the faces and names only 1 time (3 = study_once). One week after studying, all students are given a test where they are shown the 30 faces and have to give the corresponding name. The total number of correctly identified people is shown in the variable score [score]. The researcher further collected a social skill score [social] for each student.
Open the data file.
Do an analysis to determine if there is a difference between the three conditions [condition] on the number of correctly identified people [score]. Test whether the assumption of homogeneous variance in the three conditions is violated. What is the F value associated with this assumption test? (3 decimal places)
* Download**: [SPSS file](eur-assumptions-104-en-data.sav), [CSV file](eur-assumptions-104-en-data.csv)
",num,Assumptions/Homogeneity of variance/Levene's test,Performing analysis,SPSS,English,Statistical Literacy,3b6d7,Assumptions/Levene's test,2026-01-27
8,Assumptions/eur-assumptions-104-nl,eur-assumptions-104-nl,"*Testing effect* 
Uit onderzoek is gebleken dat wanneer mensen gezichten van vreemden moeten leren zij deze op de lange termijn beter kunnen onthouden wanneer zij de gezichten eerst bestuderen en daarna zichzelf testen met het koppelen van de gezichten aan de bijbehorende naam, dan wanneer zij de gezichten twee keer bestuderen. Een onderzoeker aan het instituut voor psychologie wil weten of dit zogenaamde testing effect zich ook in het klaslokaal openbaart. Ze deelt een groep van 60 VWO leerlingen in in drie groepen [condition]. De leerlingen in groep 1 bestuderen 2 keer achter elkaar een lijst met 30 gezichten en de bijbehorende namen (1 = restudy), de leerlingen in groep 2 bestuderen dezelfde gezichten en bijbehorende namen 1 keer en testen zichzelf daarna (2 = testing). Hierbij moeten ze hun hand op de lijst met namen van mensen leggen en zelf bedenken hoe de persoon op de foto heet. Leerlingen in groep 3 bestuderen de gezichten en namen slechts 1 keer (3 = study_once). Een week na het bestuderen krijgen alle leerlingen een test waarbij zij de 30 gezichten te zien krijgen en de bijbehorende naam moeten geven. Het totaal aantal correct geïdentificeerde mensen staat weergegeven in de variabele score [score]. De onderzoeker heeft verder nog voor iedere leerling een sociale vaardigheidsscore [sociaal] verzameld.
Open het databestand.
Doe een analyse om te bepalen of er verschil is tussen de drie condities [condition] op het aantal correct geïdentificeerde mensen [score]. Toets of de assumptie van homogene varianties in de drie condities geschonden wordt. Hoe groot is de F-waarde die bij deze assumptietoets hoort? (3 decimalen)
**Download**: [SPSS file](eur-assumptions-104-nl-data.sav), [CSV file](eur-assumptions-104-nl-data.csv)
",num,Assumptions/Homogeneity of variance/Levene's test,Performing analysis,SPSS,Dutch,Statistical Literacy,f4cba,Assumptions/Levene's test,2026-01-12
9,Assumptions/eur-assumptions-105-en,eur-assumptions-105-en,"* Testing effect*
Research has shown that when people have to learn faces of strangers they can remember them better in the long run when they study the faces first and then test themselves with matching the faces to the corresponding name, than when they study the faces twice. A researcher at the Institute of Psychology wants to know if this so-called testing effect reveals itself in the classroom. She divides a group of 60 4VWO students into three groups [condition]. The students in group 1 study a list of 30 faces and their names twice in a row (1 = restudy), the students in group 2 study the same faces and their names once and then test themselves (2 = testing). This involves them putting their hand on the list of people's names and figuring out for themselves the name of the person in the picture. Students in grade 3 study the faces and names only 1 time (3 = study_once). One week after studying, all students are given a test where they are shown the 30 faces and have to give the corresponding name. The total number of correctly identified people is shown in the variable score [score]. The researcher further collected a social skill score [social] for each student.
Open the data file.
Perform an analysis to determine whether the regression lines representing the relationship between social skill score [social] and performance on the test [score] differ for the three conditions [condition]. What is the p-value associated with the F test that tests the homogeneity of regression assumption? (3 decimal places)
* Download**: [SPSS file](eur-assumptions-105-en-data.sav), [CSV file](eur-assumptions-105-en-data.csv)
",num,"Assumptions/Homogeneity of variance/Levene's test, Inferential Statistics/NHST/p-value",Performing analysis,SPSS,English,Statistical Literacy,6489f,Assumptions/Levene's test,2026-01-27
10,Assumptions/eur-assumptions-105-nl,eur-assumptions-105-nl,"*Testing effect* 
Uit onderzoek is gebleken dat wanneer mensen gezichten van vreemden moeten leren zij deze op de lange termijn beter kunnen onthouden wanneer zij de gezichten eerst bestuderen en daarna zichzelf testen met het koppelen van de gezichten aan de bijbehorende naam, dan wanneer zij de gezichten twee keer bestuderen. Een onderzoeker aan het instituut voor psychologie wil weten of dit zogenaamde testing effect zich ook in het klaslokaal openbaart. Ze deelt een groep van 60 4VWO leerlingen in in drie groepen [condition]. De leerlingen in groep 1 bestuderen 2 keer achter elkaar een lijst met 30 gezichten en de bijbehorende namen (1 = restudy), de leerlingen in groep 2 bestuderen dezelfde gezichten en bijbehorende namen 1 keer en testen zichzelf daarna (2 = testing). Hierbij moeten ze hun hand op de lijst met namen van mensen leggen en zelf bedenken hoe de persoon op de foto heet. Leerlingen in groep 3 bestuderen de gezichten en namen slechts 1 keer (3 = study_once). Een week na het bestuderen krijgen alle leerlingen een test waarbij zij de 30 gezichten te zien krijgen en de bijbehorende naam moeten geven. Het totaal aantal correct geïdentificeerde mensen staat weergegeven in de variabele score [score]. De onderzoeker heeft verder nog voor iedere leerling een sociale vaardigheids-score [sociaal] verzameld.
Open het databestand.
Voer een analyse uit om te bepalen of de regressielijnen die de relatie tussen sociale vaardigheids-score [sociaal] en prestatie op de test [score] weergeven verschillen voor de drie condities [condition]. Wat is de p-waarde behorend bij de F-toets die de homogeniteit van regressie assumptie toetst? (3 decimalen)
**Download**: [SPSS file](eur-assumptions-105-nl-data.sav), [CSV file](eur-assumptions-105-nl-data.csv)
",num,"Assumptions/Homogeneity of variance/Levene's test, Inferential Statistics/NHST/p-value",Performing analysis,SPSS,Dutch,Statistical Literacy,4740b,Assumptions/Levene's test,2026-01-12
11,Assumptions/eur-assumptions-106-en,eur-assumptions-106-en,"*Social skills and Problem Based Learning (PBL)*
A researcher from Erasmus University Rotterdam is investigating the possible advantages of PBL on students’ social competencies and has gathered social competency scores about students on four occasions. These scores come from observations by the researcher 2 days after their first PBL group (T1_social), six months after their first PBL tutor group (T2­_social), a year after their first PBL tutor group (T3_social) and a year and a half after their first PBL tutor group (T4_social). At these four occasions, social competence was measured using a semi-structured interview with scores varying from 0 (not social) to 40 (very social). Additionally, the researcher determines whether a student is shy or not [SHY]. 
Open the data file.
Test whether the mean level of social compentency differs between the four points in time. What is the value of Greenhouse-Geisser Epsilon for this model? (3 decimals)
**Download**: [SPSS file](eur-assumptions-106-en-data.sav), [CSV file](eur-assumptions-106-en-data.csv)
",num,Assumptions/Sphericity/Epsilon,Performing analysis,SPSS,English,Statistical Literacy,304ab,Assumptions/Epsilon,2026-01-12
12,Assumptions/eur-assumptions-106-nl,eur-assumptions-106-nl,"*Sociale vaardigheden en Probleem Gestuurd Onderwijs (PGO)*
Er is in het onderwijs veel aandacht voor de voordelen van PGO. Een onderzoeker aan de Erasmus Universiteit heeft op 4 meetmomenten informatie verzameld over de sociale vaardigheden van studenten. De studenten werden tijdens onderwijsgroepen geobserveerd en beoordeeld op sociale vaardigheid 1) 2 dagen na hun eerste PGO les [T1_social] ; 2) een half jaar na hun eerste PGO les [T2_social]; 3) een jaar na hun eerste PGO les [T3_social]; en 4) anderhalf jaar na hun eerste PGO les [T4_social]. Het sociale gedrag werd gescoord middels een semi-gestructureerd interview waarbij de scores kunnen variëren van 0 (niet sociaal) tot 40 (uiterst sociaal). Verder registreert de behandelaar of de patiënten last hebben van verlegenheid of niet [verlegen].
Open het databestand.
Toets of het gemiddelde niveau van sociale vaardigheden verschilt tussen de vier tijdstippen. Wat is de waarde van Greenhouse-Geisser Epsilon voor bovenstaand model? (3 decimalen)
**Download**: [SPSS file](eur-assumptions-106-nl-data.sav), [CSV file](eur-assumptions-106-nl-data.csv)
",num,Assumptions/Sphericity/Epsilon,Performing analysis,SPSS,Dutch,Statistical Literacy,2490c,Assumptions/Epsilon,2026-01-12
19,Assumptions/uu-assumptions-004-en,uu-assumptions-004-en,"Which of the following assumptions does NOT play a role in a repeated-measures analysis with one within-factor and one between-factor?
Answerlist
----------
* Homogeneity of variances
* Homogeneity of regression lines
* Normally distributed residuals
* Sphericity
",schoice,Assumptions,Performing analysis,NA,English,Statistical Literacy,a68ec,Assumptions/Assumptions,2026-01-12
20,Assumptions/uu-assumptions-004-nl,uu-assumptions-004-nl,"Welke van de onderstaande assumpties speelt GEEN rol bij een herhaalde-metingen analyse met één within-factor en één between-factor?
Answerlist
----------
* Homogeniteit van varianties
* Homogeniteit van regressielijnen
* Normaal verdeelde residuen
* Sphericiteit
",schoice,Assumptions,Performing analysis,NA,Dutch,Statistical Literacy,4061d,Assumptions/Assumptions,2026-01-12
22,Assumptions/uu-assumptions-005-en,uu-assumptions-005-en,"TRUE should you look at in a multiple regression analysis, to check for outliers in XY space?
Answerlist
----------
* The Mahalanobis distance
* Cook's distance
* To the normality of the distribution of the dependent variable
* None of the above answers is correct
",schoice,Assumptions,Performing analysis,NA,English,Statistical Literacy,6048c,Assumptions/Assumptions,2026-01-12
23,Assumptions/uu-assumptions-005-nl,uu-assumptions-005-nl,"Waar moet je bij een multipele regressie-analyse naar kijken, om na te gaan of er sprake is van uitschieters in de XY-ruimte?
Answerlist
----------
* Naar de Mahalanobis distance
* Naar de Cook's distance
* Naar de normaliteit van de verdeling van de afhankelijke variabele
* Geen van de bovenstaande antwoorden is juist
",schoice,Assumptions,Performing analysis,NA,Dutch,Statistical Literacy,f22f3,Assumptions/Assumptions,2026-01-12
27,Assumptions/uu-assumptions-013-en,uu-assumptions-013-en,"Which of the following situations is not an assumption for correct interpretation of the results of a multiple linear regression analysis?
Answerlist
----------
* The observations used to collect the research data (variables) are dependent on each other.
* The distribution of the observed scores of the dependent variable Y around the best-fit regression line is approximately evenly distributed for the different values of the Xs.
* The prediction errors are normally distributed when the regression model is applied.
* The statistical relationship between the independent variables (Xs) in the model is not too strong.
",schoice,Assumptions,Performing analysis,NA,English,Statistical Literacy,0d86e,Assumptions/Assumptions,2026-01-12
28,Assumptions/uu-assumptions-013-nl,uu-assumptions-013-nl,"Welke van de onderstaande situaties is geen assumptie voor een correcte interpretatie van de resultaten van een multipele lineaire regressieanalyse?
Answerlist
----------
* De observaties die zijn gebruikt voor het verzamelen van de onderzoeksgegevens (variabelen) zijn afhankelijk van elkaar.
* De spreiding van de geobserveerde scores van de afhankelijke variabele Y rond de best passende regressielijn is ongeveer gelijk verdeeld voor de verschillende waarden van de X-en.
* De voorspellingsfouten zijn bij toepassing van het regressiemodel normaalverdeeld.
* De statistische samenhang tussen de onafhankelijke variabelen (X-en) in het model is niet te sterk.
",schoice,Assumptions,Performing analysis,NA,Dutch,Statistical Literacy,f726e,Assumptions/Assumptions,2026-01-12
48,Assumptions/uu-Homoscedasticity-023-en,uu-Homoscedasticity-023-en,"One of the conditions of a regression analysis is about ""homoscedasticity."" Which graph is best to use to check this condition?
Answerlist
----------
* A scatterplot with the predictors on the X-axis and nurse stress scores on the Y-axis
* A scatterplot with the residuals on the X-axis and nurse stress scores on the Y-axis
* A scatterplot with the residuals on the X axis and nurse stress scores on the Y axis
* A scatterplot with standardized-predicted nurse stress scores on the X-axis and the standardized residuals on the Y-axis
",schoice,Assumptions/Homoscedasticity,Performing analysis,NA,English,Statistical Literacy,5b831,Assumptions/Homoscedasticity,2026-01-12
268,Descriptive-statistics/eur-descriptive-116-en,eur-descriptive-116-en,"*Work for psychologists and educators.*
A scientist was commissioned to investigate whether psychology and education graduates succeed in finding level jobs. The researcher designed his own questionnaire consisting of 12 Likert items with 5 response options ranging from completely disagree (1) to completely agree (5). An example of an item is: I had to put a lot of effort to find a job opening for a level job. The responses of 608 educators (1) and psychologists (2), distinguished in the variable [psy_ped], to the 12 items are shown in the data file. NOTES. The more the respondent agrees with the statements, the more difficult he/she finds it to find a level job.
Open the data file.
Which of the 12 items has the least variation in respondents' answers (no decimals)?
* Download**: [SPSS file](eur-descriptive-116-nl-data.sav), [CSV file](eur-descriptive-116-nl-data.csv)
",num,Descriptive statistics/Summary Statistics/Measures of Spread/Standard Deviation,"Interpreting output, Performing analysis",SPSS,English,Statistical Literacy,04b15,Descriptive statistics/Standard Deviation,2026-01-12
269,Descriptive-statistics/eur-descriptive-116-nl,eur-descriptive-116-nl,"*Werk voor psychologen en pedagogen.*
Een wetenschapper heeft de opdracht gekregen om te onderzoeken of het afgestudeerde psychologen en pedagogen lukt om een baan op niveau te vinden. De onderzoeker heeft zelf een vragenlijst ontworpen bestaande uit 12 Likert items met 5 antwoordmogelijkheden die variëren van helemaal mee oneens (1) tot helemaal mee eens (5). Een voorbeeld van een item is: Ik heb veel moeite moeten doen om een vacature voor een baan op niveau te vinden. De antwoorden van 608 pedagogen (1) en psychologen (2), onderscheiden in de variabele [psy_ped], op de twaalf items staan weergegeven in het databestand. NB. Hoe meer de respondent het eens is met de stellingen, des te moeilijker hij/zij het vindt om een baan op niveau te vinden.
Open het databestand.
Op welk van de 12 items wordt het minst gevarieerd geantwoord door de respondenten? (geen decimalen)
**Download**: [SPSS file](eur-descriptive-116-nl-data.sav), [CSV file](eur-descriptive-116-nl-data.csv)
",num,Descriptive statistics/Summary Statistics/Measures of Spread/Standard Deviation,"Interpreting output, Performing analysis",SPSS,Dutch,Statistical Literacy,2f50c,Descriptive statistics/Standard Deviation,2026-01-12
270,Descriptive-statistics/eur-descriptive-117-en,eur-descriptive-117-en,"*Work for psychologists and educators.*
A scientist was commissioned to investigate whether psychology and education graduates succeed in finding level jobs. The researcher designed his own questionnaire consisting of 12 Likert items with 5 response options ranging from completely disagree (1) to completely agree (5). An example of an item is: I had to put a lot of effort to find a job opening for a level job. The responses of 608 educators (1) and psychologists (2), distinguished in the variable [psy_ped], to the 12 items are shown in the data file. NOTES. The more the respondent agrees with the statements, the more difficult he/she finds it to find a level job.
Open the data file.
What is the highest correlation between an item and the corrected item total score? (3 decimal places)
* Download**: [SPSS file](eur-descriptive-117-nl-data.sav), [CSV file](eur-descriptive-117-nl-data.csv)
",num,Descriptive statistics/Summary Statistics/Bivariate statistics/Correlation,Performing analysis,SPSS,English,Statistical Literacy,8fed6,Descriptive statistics/Correlation,2026-01-12
271,Descriptive-statistics/eur-descriptive-117-nl,eur-descriptive-117-nl,"*Werk voor psychologen en pedagogen.*
Een wetenschapper heeft de opdracht gekregen om te onderzoeken of het afgestudeerde psychologen en pedagogen lukt om een baan op niveau te vinden. De onderzoeker heeft zelf een vragenlijst ontworpen bestaande uit 12 Likert items met 5 antwoordmogelijkheden die variëren van helemaal mee oneens (1) tot helemaal mee eens (5). Een voorbeeld van een item is: Ik heb veel moeite moeten doen om een vacature voor een baan op niveau te vinden. De antwoorden van 608 pedagogen (1) en psychologen (2), onderscheiden in de variabele [psy_ped], op de twaalf items staan weergegeven in het databestand. NB. Hoe meer de respondent het eens is met de stellingen, des te moeilijker hij/zij het vindt om een baan op niveau te vinden.
Open het databestand.
Wat is de hoogste correlatie tussen een item en de corrected item total score? (3 decimalen)
**Download**: [SPSS file](eur-descriptive-117-nl-data.sav), [CSV file](eur-descriptive-117-nl-data.csv)
",num,Descriptive statistics/Summary Statistics/Bivariate statistics/Correlation,Performing analysis,SPSS,Dutch,Statistical Literacy,15f03,Descriptive statistics/Correlation,2026-01-12
272,Descriptive-statistics/eur-descriptive-118-en,eur-descriptive-118-en,"*Work for psychologists and educators.*
A scientist was commissioned to investigate whether psychology and education graduates succeed in finding level jobs. The researcher designed his own questionnaire consisting of 12 Likert items with 5 response options ranging from completely disagree (1) to completely agree (5). An example of an item is: I had to put a lot of effort to find a job opening for a level job. The responses of 608 educators (1) and psychologists (2), distinguished in the variable [psy_ped], to the 12 items are shown in the data file. NOTES. The more the respondent agrees with the statements, the more difficult he/she finds it to find a level job.
Open the data file.
Calculate the total score as the sum of all responses to all items. Take into account the misses when calculating the total score and exclude individuals who gave less than 8 answers. Round total scores to whole numbers. What is the mean of the total score? (3 decimal places)
* Download**: [SPSS file](eur-descriptive-118-nl-data.sav), [CSV file](eur-descriptive-118-nl-data.csv)
",num,Descriptive statistics/Summary Statistics/Measures of Location/Mean,Performing analysis,SPSS,English,Statistical Literacy,e92a7,Descriptive statistics/Mean,2026-01-12
273,Descriptive-statistics/eur-descriptive-118-nl,eur-descriptive-118-nl,"*Werk voor psychologen en pedagogen.*
Een wetenschapper heeft de opdracht gekregen om te onderzoeken of het afgestudeerde psychologen en pedagogen lukt om een baan op niveau te vinden. De onderzoeker heeft zelf een vragenlijst ontworpen bestaande uit 12 Likert items met 5 antwoordmogelijkheden die variëren van helemaal mee oneens (1) tot helemaal mee eens (5). Een voorbeeld van een item is: Ik heb veel moeite moeten doen om een vacature voor een baan op niveau te vinden. De antwoorden van 608 pedagogen (1) en psychologen (2), onderscheiden in de variabele [psy_ped], op de twaalf items staan weergegeven in het databestand. NB. Hoe meer de respondent het eens is met de stellingen, des te moeilijker hij/zij het vindt om een baan op niveau te vinden.
Open het databestand.
Bereken de totaalscore als de som van alle antwoorden op alle items. Houd rekening met de missings bij het berekenen van de totaalscore en neem personen die minder dan 8 antwoorden hebben gegeven niet mee. Rond de totaalscores af op gehele getallen. Wat is het gemiddelde van de totaalscore? (3 decimalen)
**Download**: [SPSS file](eur-descriptive-118-nl-data.sav), [CSV file](eur-descriptive-118-nl-data.csv)
",num,Descriptive statistics/Summary Statistics/Measures of Location/Mean,Performing analysis,SPSS,Dutch,Statistical Literacy,96d95,Descriptive statistics/Mean,2026-01-12
274,Descriptive-statistics/eur-descriptive-119-en,eur-descriptive-119-en,"*Knowledge about the professional field.*
A knowledge test about the professional field of psychologists and pedagogues consists of 20 items and was administered to 202 students in the master's program in psychology and pedagogy. The total number of correctly answered questions is shown in the variable [total score].
Open the data file.
Calculate the percentile scores. What percent of all students have a total score of 8 or lower (1 decimal place).
* Download**: [SPSS file](eur-descriptive-119-nl-data.sav), [CSV file](eur-descriptive-119-nl-data.csv)
",num,Descriptive statistics/Score interpretation/Percentile,Performing analysis,SPSS,English,Statistical Literacy,9a60c,Descriptive statistics/Percentile,2026-01-12
275,Descriptive-statistics/eur-descriptive-119-nl,eur-descriptive-119-nl,"*Kennis over het beroepsveld.*
Een kennistoets over het beroepsveld van psychologen en pedagogen bestaat uit 20 items en is afgenomen bij 202 studenten uit de master psychologie en pedagogiek. Het totale aantal correct beantwoorde vragen is weergegeven in de variabele [totaalscore]. 
Open het databestand.
Bereken de percentiel scores. Hoeveel procent van alle studenten heeft een totaalscore van 8 of lager? (1 decimaal).
**Download**: [SPSS file](eur-descriptive-119-nl-data.sav), [CSV file](eur-descriptive-119-nl-data.csv)

",num,Descriptive statistics/Score interpretation/Percentile,Performing analysis,SPSS,Dutch,Statistical Literacy,b5c86,Descriptive statistics/Percentile,2026-01-12
276,Descriptive-statistics/eur-descriptive-120-en,eur-descriptive-120-en,"* Nowledge about the professional field.*
A knowledge test about the professional field of psychologists and pedagogues consists of 20 items and was administered to 202 students from the psychology and pedagogy master's program. The total number of correctly answered questions is shown in the variable [total score].
Open the data file.
How many students have a total score greater than two standard deviations above the mean in the group (no decimals)?
* Download**: [SPSS file](eur-descriptive-120-nl-data.sav), [CSV file](eur-descriptive-120-nl-data.csv)
",num,Descriptive statistics/Summary Statistics/Measures of Spread/Standard Deviation,Performing analysis,SPSS,English,Statistical Literacy,e7f39,Descriptive statistics/Standard Deviation,2026-01-12
277,Descriptive-statistics/eur-descriptive-120-nl,eur-descriptive-120-nl,"*Kennis over het beroepsveld.*
Een kennistoets over het beroepsveld van psychologen en pedagogen bestaat uit 20 items en is afgenomen bij 202 studenten uit de master psychologie en pedagogiek. Het totale aantal correct beantwoorde vragen is weergegeven in de variabele [totaalscore]. 
Open het databestand.
Hoeveel studenten hebben een totaalscore die groter is dan twee standaarddeviaties boven het gemiddelde in de groep? (geen decimalen)
**Download**: [SPSS file](eur-descriptive-120-nl-data.sav), [CSV file](eur-descriptive-120-nl-data.csv)
",num,Descriptive statistics/Summary Statistics/Measures of Spread/Standard Deviation,Performing analysis,SPSS,Dutch,Statistical Literacy,b5b80,Descriptive statistics/Standard Deviation,2026-01-12
278,Descriptive-statistics/eur-descriptive-121-en,eur-descriptive-121-en,"*Knowledge about the professional field.*
A knowledge test about the professional field of psychologists and pedagogues consists of 20 items and was administered to 202 students in the master's degree program in psychology and pedagogy. The total number of correctly answered questions is shown in the variable [total score].
Open the data file.
What is the total score associated with a percentile score of 75%? (no decimal places)
* Download**: [SPSS file](eur-descriptive-121-nl-data.sav), [CSV file](eur-descriptive-121-nl-data.csv)
",num,Descriptive statistics/Score interpretation/Percentile,Performing analysis,SPSS,English,Statistical Literacy,9c0fd,Descriptive statistics/Percentile,2026-01-12
279,Descriptive-statistics/eur-descriptive-121-nl,eur-descriptive-121-nl,"*Kennis over het beroepsveld.*
Een kennistoets over het beroepsveld van psychologen en pedagogen bestaat uit 20 items en is afgenomen bij 202 studenten uit de master psychologie en pedagogiek. Het totale aantal correct beantwoorde vragen is weergegeven in de variabele [totaalscore]. 
Open het databestand.
Wat is de totaalscore die hoort bij een percentielscore van 75%? (geen decimalen)
**Download**: [SPSS file](eur-descriptive-121-nl-data.sav), [CSV file](eur-descriptive-121-nl-data.csv)

",num,Descriptive statistics/Score interpretation/Percentile,Performing analysis,SPSS,Dutch,Statistical Literacy,8773d,Descriptive statistics/Percentile,2026-01-12
280,Descriptive-statistics/eur-descriptive-122-en,eur-descriptive-122-en,"*Knowledge about the professional field.*
A knowledge test about the professional field of psychologists and pedagogues consists of 20 items and was administered to 202 students in the master's program in psychology and pedagogy. The total number of correctly answered questions is shown in the variable [total score]. In addition, the scores (0 = not correct, 1 = correct) on item 8 from the above knowledge test are shown in the variable [item8].
Open the data file.
The researcher would like to divide the student's total scores into the following 2 percentile groups: 0-85% = 1; and >85% = 2. Create a new variable in which each student is assigned to the correct percentile group based on his or her percentile score for the variable [total score]. What is the proportion correct on item 8 [item8] for students belonging to percentile group 2? (2 decimal places)
* Download**: [SPSS file](eur-descriptive-122-nl-data.sav), [CSV file](eur-descriptive-122-nl-data.csv)
",num,Descriptive statistics/Summary Statistics/Proportion,Performing analysis,SPSS,English,Statistical Literacy,b5a57,Descriptive statistics/Proportion,2026-01-12
281,Descriptive-statistics/eur-descriptive-122-nl,eur-descriptive-122-nl,"*Kennis over het beroepsveld.*
Een kennistoets over het beroepsveld van psychologen en pedagogen bestaat uit 20 items en is afgenomen bij 202 studenten uit de master psychologie en pedagogiek. Het totale aantal correct beantwoorde vragen is weergegeven in de variabele [totaalscore]. Daarnaast zijn de scores (0 = niet correct, 1 = correct) op item 8 uit bovengenoemde kennistoets weergegeven in de variabele [item8].
Open het databestand.
De onderzoeker wil de totaalscores van de student graag indelen in de volgende 2 percentielgroepen: 0-85% = 1; en >85% = 2. Maak een nieuwe variabele waarin iedere student op basis van zijn of haar percentielscore voor de variabele [totaalscore] wordt toegewezen aan de juiste percentielgroep. Wat is de proportie correct op item 8 [item8] voor studenten die tot percentielgroep 2 behoren? (2 decimalen)
**Download**: [SPSS file](eur-descriptive-122-nl-data.sav), [CSV file](eur-descriptive-122-nl-data.csv)
",num,Descriptive statistics/Summary Statistics/Proportion,Performing analysis,SPSS,Dutch,Statistical Literacy,b2f7a,Descriptive statistics/Proportion,2026-01-12
282,Descriptive-statistics/eur-descriptive-123-en,eur-descriptive-123-en,"*Knowledge about the professional field.*
A knowledge test about the professional field of psychologists and pedagogues consists of 20 items and was administered to 202 students in the master's program in psychology and pedagogy. The total number of correctly answered questions is shown in the variable [total score]. In addition, the scores (0 = not correct, 1 = correct) on item 8 from the above knowledge test are shown in the variable [item8].
Open the data file.
Based on the scores, identify a group consisting of those with a score of 12 or lower on the variable [total score]. What is the proportion correct of this group on item 8 (3 decimal places)?
* Download**: [SPSS file](eur-descriptive-123-nl-data.sav), [CSV file](eur-descriptive-123-nl-data.csv)
",num,Descriptive statistics/Summary Statistics/Proportion,Performing analysis,SPSS,English,Statistical Literacy,e41d0,Descriptive statistics/Proportion,2026-01-12
283,Descriptive-statistics/eur-descriptive-123-nl,eur-descriptive-123-nl,"*Kennis over het beroepsveld.*
Een kennistoets over het beroepsveld van psychologen en pedagogen bestaat uit 20 items en is afgenomen bij 202 studenten uit de master psychologie en pedagogiek. Het totale aantal correct beantwoorde vragen is weergegeven in de variabele [totaalscore]. Daarnaast zijn de scores (0 = niet correct, 1 = correct) op item 8 uit bovengenoemde kennistoets weergegeven in de variabele [item8]. 
Open het databestand.
Identificeer op basis van de scores een groep die bestaat uit de personen met een score van 12 of lager op de variabele [totaalscore]. Wat is de proportie correct van deze groep op item 8? (3 decimalen)
**Download**: [SPSS file](eur-descriptive-123-nl-data.sav), [CSV file](eur-descriptive-123-nl-data.csv)
",num,Descriptive statistics/Summary Statistics/Proportion,Performing analysis,SPSS,Dutch,Statistical Literacy,92064,Descriptive statistics/Proportion,2026-01-12
296,Descriptive-statistics/eur-descriptive-130-en,eur-descriptive-130-en,"Open the SPSS file.
Of the women (Gender = 2), what is the percentage with a score of 2 (disagree) on statement 1 (statement 1)? Round your answer to 1 decimal place.
**Download**: [SPSS file](eur-descriptive-130-en-data.sav), [CSV file](eur-descriptive-130-en-data.csv)
",num,Descriptive statistics/Summary Statistics/Proportion,Performing analysis,SPSS,English,Statistical Literacy,eac30,Descriptive statistics/Proportion,2026-01-12
297,Descriptive-statistics/eur-descriptive-130-nl,eur-descriptive-130-nl,"Open het SPSS-bestand.
Wat is het percentage van de vrouwen (geslacht = 2) met een score van 2 (oneens) op stelling 1 (statement 1)? Rond je antwoord af op 1 decimaal.
* Download**: [SPSS file](eur-descriptive-130-en-data.sav), [CSV file](eur-descriptive-130-en-data.csv)
",num,Descriptive statistics/Summary Statistics/Proportion,Performing analysis,SPSS,Dutch,Statistical Literacy,485f5,Descriptive statistics/Proportion,2026-01-12
300,Descriptive-statistics/eur-descriptive-132-en,eur-descriptive-132-en,"A researcher is interested in the consequences of the financial crisis for 16- and 17-year olds. She wants to predict their leisure expenses in November 2012 [expenses_nov] from a number of predictors. She collected data from 202 teenagers: 1) leisure expenses in November 2012 [expenses_nov]; 2) leisure expenses in July 2012 [expenses_jul]; 3) income from their side occupation in November 2012 [salary_nov]; 4) time spent on studying [studytime]; and 5) their educational level [education] (1 = vmbo, 2 = havo, 3 = vwo)*.
translation for the Dutch education levels: (1 = Lower General Secondary Education, 2 = Higher General Secondary Education, 3 = Pre-university Education)
Open the data file.
Compute the correlations between the predictors: [expenses_jul], [salary_nov], [studytime] and the outcome variable expenses in november 2012 [expenses_nov]. Choose in this analysis a listwise exclusion of missing values. Which predictor has the highest correlation with the outcome variable? Report this correlation. (3 decimals)
**Download**: [SPSS file](eur-descriptive-132-en-data.sav), [CSV file](eur-descriptive-132-en-data.csv)
",num,Descriptive statistics/Summary Statistics/Bivariate statistics/Correlation,Performing analysis,SPSS,English,Statistical Literacy,52ad0,Descriptive statistics/Correlation,2026-01-12
301,Descriptive-statistics/eur-descriptive-132-nl,eur-descriptive-132-nl,"Een onderzoeker is geïnteresseerd in de gevolgen van de financiële crisis voor 16- en 17 jarigen en wil graag hun uitgaven aan vrije tijd in november 2012 [expenses_nov] voorspellen aan de hand van een aantal predictoren. Ze heeft de volgende gegevens verzameld bij 202 jongeren: 1) De uitgaven in de maand november 2012 [expenses_nov]; 2) de uitgaven in de maand juli 2012 [expenses_jul]; 3) de inkomsten uit een bijbaan in november 2012 [salary_nov]; 4) het aantal uren dat de jongeren gemiddeld aan hun studie besteedden in de maand december 2012 [studytime]; en 5) het opleidingsniveau [education] (1 = vmbo, 2 = havo, 3 = vwo). 
Open het databestand.
bereken de correlaties tussen de predictoren: [expenses_jul], [salary_nov], [studytime] en de afhankelijke variabele uitgaven in november 2012 [expenses_nov]. Kies hierbij voor een listwise exclusion of missing values. Welke predictor heeft de hoogste correlatie met de afhankelijke variabele? Rapporteer deze correlatie. (3 decimalen)
**Download**: [SPSS file](eur-descriptive-132-nl-data.sav), [CSV file](eur-descriptive-132-nl-data.csv)
",num,Descriptive statistics/Summary Statistics/Bivariate statistics/Correlation,Performing analysis,SPSS,Dutch,Statistical Literacy,88596,Descriptive statistics/Correlation,2026-01-12
428,Descriptive-statistics/eur-descriptive-401-en,eur-descriptive-401-en,"A researcher working at the psychology institute investigates alcohol abuse among adolescents. The researcher designed a questionnaire with 12 items using Likert scales ranging from 1 (completely disagree) to 5 (completely agree). An example of an item is: When I go out, I often consume more than 5 alcoholic beverages. The answers of 608 adolescent girls (1) and boys (2) to the 12 items are in the dataset. Note: higher scores on the questionnaire reflect more alcohol abuse.
To which of the 12 items do the adolescents give the least varied responses? (no decimals)
Open the dataset below to answer this question:
**Download** [SPSS file](eur-descriptive-401-en-data.sav), [CSV file](eur-descriptive-401-en-data.csv)
",num,Descriptive statistics/Summary Statistics/Measures of Spread/Standard Deviation,"Interpreting output, Performing analysis",SPSS,English,Statistical Literacy,aaa64,Descriptive statistics/Standard Deviation,2026-01-12
429,Descriptive-statistics/eur-descriptive-401-nl,eur-descriptive-401-nl,"Een onderzoeker van het instituut voor psychologie doet onderzoek naar alcoholmisbruik onder adolescenten. De onderzoeker ontwierp een vragenlijst met 12 items op Likert-schalen van 1 (helemaal mee oneens) tot 5 (helemaal mee eens). Een voorbeeld van een item is: Als ik uitga, drink ik vaak meer dan 5 alcoholische dranken. De antwoorden van 608 adolescente meisjes (gender = 1) en jongens (gender = 2) op de 12 items zitten in de dataset. Let op: hogere scores op de vragenlijst duiden op meer alcoholmisbruik.
Op welke van de 12 items geven de adolescenten de minst gevarieerde antwoorden? (geen decimalen)
Open de dataset hieronder om deze vraag te beantwoorden:
* Download** [SPSS file](eur-descriptive-401-en-data.sav), [CSV file](eur-descriptive-401-en-data.csv)
",num,Descriptive statistics/Summary Statistics/Measures of Spread/Standard Deviation,"Interpreting output, Performing analysis",SPSS,Dutch,Statistical Literacy,2330d,Descriptive statistics/Standard Deviation,2026-01-12
436,Descriptive-statistics/eur-descriptive-405-en,eur-descriptive-405-en,"A knowledge test on alcohol contains 20 items and is administered to 202 high school students. The variable [total score] gives the total correct scores. Gender (0 = woman; 1 = man) and alcohol use (0 = very often; 1 = often; 2 = sometimes; 3 = never) are also included in the dataset. 
What is the total score corresponding to a percentile score of 75%? (no decimals)
Open the dataset below to answer this question:
**Download** [SPSS file](eur-descriptive-405-en-data.sav), [CSV file](eur-descriptive-405-en-data.csv)
",num,Descriptive statistics/Score interpretation/Percentile,"Performing analysis, Interpreting output",SPSS,English,Statistical Literacy,ba907,Descriptive statistics/Percentile,2026-01-12
437,Descriptive-statistics/eur-descriptive-405-nl,eur-descriptive-405-nl,"Een kennistest over alcohol bevat 20 items en wordt afgenomen bij 202 middelbare scholieren. De variabele total_score geeft de totale juiste scores. Geslacht (gender; 0 = vrouw; 1 = man) en alcoholgebruik (alchol_use; 0 = heel vaak; 1 = vaak; 2 = soms; 3 = nooit) zijn ook opgenomen in de dataset.
Wat is de totaalscore die overeenkomt met een percentielscore van 75% (geen decimalen)?
Open de dataset hieronder om deze vraag te beantwoorden:
* Download** [SPSS file](eur-descriptive-405-en-data.sav), [CSV file](eur-descriptive-405-en-data.csv)
",num,Descriptive statistics/Score interpretation/Percentile,"Performing analysis, Interpreting output",SPSS,Dutch,Statistical Literacy,13d9d,Descriptive statistics/Percentile,2026-01-12
446,Descriptive-statistics/eur-descriptive-410-en,eur-descriptive-410-en,"A researcher working at the psychology institute investigates alcohol abuse among adolescents. The researcher designed 34 statements the adolescents can agree or disagree with on a four-point scale (1. completely agree; 2. somewhat agree; 3. somewhat disagree; 4. completely disagree). An example of a statement is: When I feel lonely, I enjoy drinking an alcoholic beverage. The answers of 312 girls (0) and boys (1) to the 34 statements are in the dataset. Also included in the dataset are IQ scores, scale scores and the amount of alcohol use (1 = very often; 2 = often; 3 = sometimes; 4 = never).
To which of the 34 items do the adolescents give the most varied responses? (no decimals)
Open the dataset below to answer this question:
**Download** [SPSS file](eur-descriptive-410-en-data.sav), [CSV file](eur-descriptive-410-en-data.csv)
",num,"Descriptive statistics/Summary Statistics/Measures of Spread/Variance, Descriptive statistics/Summary Statistics/Measures of Spread/Standard Deviation","Interpreting output, Performing analysis",SPSS,English,Statistical Literacy,7bdcf,Descriptive statistics/Variance,2026-01-12
447,Descriptive-statistics/eur-descriptive-410-nl,eur-descriptive-410-nl,"Een onderzoeker van het instituut voor psychologie doet onderzoek naar alcoholmisbruik onder adolescenten. De onderzoeker ontwierp 34 stellingen waar de adolescenten het mee eens of oneens kunnen zijn op een vierpuntsschaal (1. helemaal mee eens; 2. enigszins mee eens; 3. enigszins mee oneens; 4. helemaal mee oneens). Een voorbeeld van een stelling is: Als ik me eenzaam voel, drink ik graag een alcoholische drank. De antwoorden van 312 meisjes (gender = 0) en jongens (gender = 1) op de 34 stellingen zitten in de dataset. Ook IQ-scores (IQ), schaalscores (scale) en de hoeveelheid alcoholgebruik (alcohol_use; 1 = heel vaak; 2 = vaak; 3 = soms; 4 = nooit) zijn in de dataset opgenomen.
Op welke van de 34 items geven de adolescenten de meest uiteenlopende antwoorden? (geen decimalen)
Open de dataset hieronder om deze vraag te beantwoorden:
* Download** [SPSS file](eur-descriptive-410-en-data.sav), [CSV file](eur-descriptive-410-en-data.csv)
",num,"Descriptive statistics/Summary Statistics/Measures of Spread/Variance, Descriptive statistics/Summary Statistics/Measures of Spread/Standard Deviation","Interpreting output, Performing analysis",SPSS,Dutch,Statistical Literacy,fff5d,Descriptive statistics/Variance,2026-01-12
452,Descriptive-statistics/eur-descriptive-413-en,eur-descriptive-413-en,"A researcher working at the psychology institute investigates alcohol abuse among adolescents. The researcher designed 34 statements the adolescents can agree or disagree with on a four-point scale (1. completely agree; 2. somewhat agree; 3. somewhat disagree; 4. completely disagree). An example of a statement is: When I feel lonely, I enjoy drinking an alcoholic beverage. The answers of 312 girls (0) and boys (1) to the 34 statements are in the dataset. Also included in the dataset are IQ scores, scale scores and the amount of alcohol use (1 = very often; 2 = often; 3 = sometimes; 4 = never).
What is the scale score corresponding to a percentile score of 30%? (no decimals)
Open the dataset below to answer this question:
**Download** [SPSS file](eur-descriptive-413-en-data.sav), [CSV file](eur-descriptive-413-en-data.csv)
",num,Descriptive statistics/Score interpretation/Percentile,"Interpreting output, Performing analysis, Calculation",SPSS,English,Statistical Literacy,37b82,Descriptive statistics/Percentile,2026-01-12
453,Descriptive-statistics/eur-descriptive-413-nl,eur-descriptive-413-nl,"Een onderzoeker van het instituut voor psychologie doet onderzoek naar alcoholmisbruik onder adolescenten. De onderzoeker ontwierp 34 stellingen waar de adolescenten het mee eens of oneens kunnen zijn op een vierpuntsschaal (1. helemaal mee eens; 2. enigszins mee eens; 3. enigszins mee oneens; 4. helemaal mee oneens). Een voorbeeld van een stelling is: Als ik me eenzaam voel, drink ik graag een alcoholische drank. De antwoorden van 312 meisjes (gender = 0) en jongens (gender = 1) op de 34 stellingen zitten in de dataset. Ook IQ-scores (IQ), schaalscores (scale) en de hoeveelheid alcoholgebruik (alcohol_use; 1 = heel vaak; 2 = vaak; 3 = soms; 4 = nooit) zijn in de dataset opgenomen.
Wat is de schaalscore die overeenkomt met een percentielscore van 30%? (geen decimalen)
Open de dataset hieronder om deze vraag te beantwoorden:
* Download** [SPSS file](eur-descriptive-413-en-data.sav), [CSV file](eur-descriptive-413-en-data.csv)
",num,Descriptive statistics/Score interpretation/Percentile,"Interpreting output, Performing analysis, Calculation",SPSS,Dutch,Statistical Literacy,9662f,Descriptive statistics/Percentile,2026-01-12
480,Descriptive-statistics/uu-Descriptive-statistics-601-en,uu-Descriptive-statistics-601-en,"
* Download**: [SPSS file](uu-Descriptive-statistics-601-en-data.sav), [CSV file](uu-Descriptive-statistics-601-en-data.csv)
Use the data file to answer the questions.

* Answer each question with all decimals listed in the output.**
Answerlist
----------
* The number of respondents whose score on grammar is known is....
* The standard deviation of the score on spelling is....
* The minimum score obtained on technical reading is....
* The mode of vocabulary is...
",cloze,Descriptive statistics,Performing analysis,"SPSS, JASP",English,Statistical Literacy,c4be6,Descriptive statistics/Descriptive statistics,2026-01-12
481,Descriptive-statistics/uu-Descriptive-statistics-601-nl,uu-Descriptive-statistics-601-nl,"
**Download**: [SPSS file](uu-Descriptive-statistics-601-nl-data.sav), [CSV file](uu-Descriptive-statistics-601-nl-data.csv)
Gebruik het databestand om de vragen te beantwoorden.

**Beantwoord iedere vraag met alle decimalen die in de output vermeld staan.**
Answerlist
----------
* Het aantal respondenten waarvan de score op grammatica bekend is, is…
* De standaardafwijking van de score op spelling is…
* De minimaal behaalde score op technisch lezen is…
* De modus van woordenschat is…
",cloze,Descriptive statistics,Performing analysis,"SPSS, JASP",Dutch,Statistical Literacy,beffb,Descriptive statistics/Descriptive statistics,2026-01-12
482,Descriptive-statistics/uu-Descriptive-statistics-602-en,uu-Descriptive-statistics-602-en,"
* Download**: [SPSS file](uu-Descriptive-statistics-602-en-data.sav), [CSV file](uu-Descriptive-statistics-602-en-data.csv)
Open the data file.

* Answer each question with all decimals listed in the output.**
Answerlist
----------
* The number of respondents whose score on reading comprehension is known is....
* The average score on vocabulary is....
* The minimum score obtained on grammar is....
* The mode of spelling is...",cloze,Descriptive statistics,Performing analysis,"SPSS, JASP",English,Statistical Literacy,c43ef,Descriptive statistics/Descriptive statistics,2026-01-12
483,Descriptive-statistics/uu-Descriptive-statistics-602-nl,uu-Descriptive-statistics-602-nl,"
**Download**: [SPSS file](uu-Descriptive-statistics-602-nl-data.sav), [CSV file](uu-Descriptive-statistics-602-nl-data.csv)
Open het databestand.

**Beantwoord iedere vraag met alle decimalen die in de output vermeld staan.**
Answerlist
----------
* Het aantal respondenten waarvan de score op begrijpend lezen bekend is, is…
* De gemiddelde score op woordenschat is…
* De minimaal behaalde score op grammatica is…
* De modus van spelling is…
",cloze,Descriptive statistics,Performing analysis,"SPSS, JASP",Dutch,Statistical Literacy,7f1ee,Descriptive statistics/Descriptive statistics,2026-01-12
484,Descriptive-statistics/uu-Descriptive-statistics-603-en,uu-Descriptive-statistics-603-en,"
* Download**: [SPSS file](uu-Descriptive-statistics-603-en-data.sav), [CSV file](uu-Descriptive-statistics-603-en-data.csv)
Open the data file.
Answer the following questions.
* Answer each question with all decimals listed in the output.**
Answerlist
----------
* The number of respondents whose gender is known is....
* The average score on technical reading is...
* The maximum score obtained on grammar is....
* The mode of comprehension reading is...
",cloze,Descriptive statistics,Performing analysis,"SPSS, JASP",English,Statistical Literacy,c9e89,Descriptive statistics/Descriptive statistics,2026-01-12
485,Descriptive-statistics/uu-Descriptive-statistics-603-nl,uu-Descriptive-statistics-603-nl,"
**Download**: [SPSS file](uu-Descriptive-statistics-603-nl-data.sav), [CSV file](uu-Descriptive-statistics-603-nl-data.csv)
Open het databestand.
Beantwoord de volgende vragen.
**Beantwoord iedere vraag met alle decimalen die in de output vermeld staan.**
Answerlist
----------
* Het aantal respondenten waarvan de sekse bekend is, is…
* De gemiddelde score op technisch lezen is…
* De maximaal behaalde score op grammatica is…
* De modus van begrijpende lezen is…
",cloze,Descriptive statistics,Performing analysis,"SPSS, JASP",Dutch,Statistical Literacy,d433b,Descriptive statistics/Descriptive statistics,2026-01-12
486,Descriptive-statistics/uu-Descriptive-statistics-604-en,uu-Descriptive-statistics-604-en,"
* Download**: [SPSS file](uu-Descriptive-statistics-604-en-data.sav), [CSV file](uu-Descriptive-statistics-604-en-data.csv)
Open the data file.
Answer the following questions.
* Answer each question with all decimals listed in the output.**
Answerlist
----------
* The number of respondents whose score on multiplication is known is....
* The average score on addition is...
* The minimum score obtained on after-measurement mental arithmetics is...
* The mode of fractions is...
",cloze,Descriptive statistics,Performing analysis,"SPSS, JASP",English,Statistical Literacy,1bc45,Descriptive statistics/Descriptive statistics,2026-01-12
487,Descriptive-statistics/uu-Descriptive-statistics-604-nl,uu-Descriptive-statistics-604-nl,"
**Download**: [SPSS file](uu-Descriptive-statistics-604-nl-data.sav), [CSV file](uu-Descriptive-statistics-604-nl-data.csv)
Open het databestand.
Beantwoord de volgende vragen.
**Beantwoord iedere vraag met alle decimalen die in de output vermeld staan.**
Answerlist
----------
* Het aantal respondenten waarvan de score op vermenigvuldigen bekend is, is…
* De gemiddelde score op optellen is…
* De minimaal behaalde score op nameting hoofdrekenen is…
* De modus van breuken is…
",cloze,Descriptive statistics,Performing analysis,"SPSS, JASP",Dutch,Statistical Literacy,fc05f,Descriptive statistics/Descriptive statistics,2026-01-12
488,Descriptive-statistics/uu-Descriptive-statistics-605-nl,uu-Descriptive-statistics-605-nl,"
**Download**: [SPSS file](uu-Descriptive-statistics-605-nl-data.sav), [CSV file](uu-Descriptive-statistics-605-nl-data.csv)
Open het databestand.
Beantwoord de volgende vragen. 
**Beantwoord iedere vraag met alle decimalen die in de output vermeld staan.**
Answerlist
----------
* Het aantal respondenten waarvan de score op optellen bekend is, is…
* De gemiddelde score op breuken is…
* De maximaal behaalde score op vermenigvuldigen is…
* De modus van voormeting hoofdrekenen is…
",cloze,Descriptive statistics,Performing analysis,"SPSS, JASP",Dutch,Statistical Literacy,7a05e,Descriptive statistics/Descriptive statistics,2026-01-12
489,Descriptive-statistics/uu-Descriptive-statistics-606-nl,uu-Descriptive-statistics-606-nl,"
**Download**: [SPSS file](uu-Descriptive-statistics-606-nl-data.sav), [CSV file](uu-Descriptive-statistics-606-nl-data.csv)
Open het databestand.
Beantwoord de volgende vragen. 
**Beantwoord iedere vraag met alle decimalen die in de output vermeld staan.**
Answerlist
----------
* Het aantal respondenten waarvan de score op herkennen van kleuren bekend is, is…
* De gemiddelde score op herkennen van woorden is…
* De minimaal behaalde score op herkennen van dieren is…
* De modus van herkennen van vormen is…
",cloze,Descriptive statistics,Performing analysis,"SPSS, JASP",Dutch,Statistical Literacy,0e0e3,Descriptive statistics/Descriptive statistics,2026-01-12
490,Descriptive-statistics/uu-Descriptive-statistics-607-nl,uu-Descriptive-statistics-607-nl,"
**Download**: [SPSS file](uu-Descriptive-statistics-607-nl-data.sav), [CSV file](uu-Descriptive-statistics-607-nl-data.csv)
Open het databestand.
Beantwoord de volgende vragen. 
**Beantwoord iedere vraag met alle decimalen die in de output vermeld staan.**
Answerlist
----------
* Het aantal respondenten waarvan de score op herkennen van vormen bekend is, is…
* De standaardafwijking van herkennen van dieren is…
* De maximaal behaalde score op herkennen van kleuren is…
* De modus van herkennen van woorden is…
",cloze,Descriptive statistics,Performing analysis,"SPSS, JASP",Dutch,Statistical Literacy,7db3b,Descriptive statistics/Descriptive statistics,2026-01-12
491,Descriptive-statistics/uu-Descriptive-statistics-608-en,uu-Descriptive-statistics-608-en,"
* Download**: [SPSS file](uu-Descriptive-statistics-608-en-data.sav), [CSV file](uu-Descriptive-statistics-608-en-data.csv)
Open the data file.
Answer the following questions.
* Answer each question with all decimals listed in the output.**
Answerlist
----------
* The number of respondents whose score on recognizing letters is known is....
* The standard deviation of recognizing shapes is....
* The minimum score obtained on recognizing animals is...
* The mode of recognizing animals is...
",cloze,Descriptive statistics,Performing analysis,"SPSS, JASP",English,Statistical Literacy,f0ae7,Descriptive statistics/Descriptive statistics,2026-01-12
492,Descriptive-statistics/uu-Descriptive-statistics-608-nl,uu-Descriptive-statistics-608-nl,"
**Download**: [SPSS file](uu-Descriptive-statistics-608-nl-data.sav), [CSV file](uu-Descriptive-statistics-608-nl-data.csv)
Open het databestand.
Beantwoord de volgende vragen.
**Beantwoord iedere vraag met alle decimalen die in de output vermeld staan.**
Answerlist
----------
* Het aantal respondenten waarvan de score op herkennen van letters bekend is, is…
* De standaardafwijking van herkennen van vormen is…
* De minimaal behaalde score op herkennen van dieren is…
* De modus van herkennen van dieren is…
",cloze,Descriptive statistics,Performing analysis,"SPSS, JASP",Dutch,Statistical Literacy,e9714,Descriptive statistics/Descriptive statistics,2026-01-12
493,Descriptive-statistics/uu-Descriptive-statistics-609-en,uu-Descriptive-statistics-609-en,"
* Download**: [SPSS file](uu-Descriptive-statistics-609-en-data.sav), [CSV file](uu-Descriptive-statistics-609-en-data.csv)
Open the data file.
Answer the following questions.
* Answer each question with all decimals listed in the output.**
Answerlist
----------
* The number of respondents whose score on support from partner is known is....
* The average score on number of years of employment is....
* The minimum score obtained on number of years of education is....
* The mode of support from child is...
",cloze,Descriptive statistics,Performing analysis,"SPSS, JASP",English,Statistical Literacy,e0717,Descriptive statistics/Descriptive statistics,2026-01-12
494,Descriptive-statistics/uu-Descriptive-statistics-609-nl,uu-Descriptive-statistics-609-nl,"
**Download**: [SPSS file](uu-Descriptive-statistics-609-nl-data.sav), [CSV file](uu-Descriptive-statistics-609-nl-data.csv)
Open het databestand.
Beantwoord de volgende vragen. 
**Beantwoord iedere vraag met alle decimalen die in de output vermeld staan.**
Answerlist
----------
* Het aantal respondenten waarvan de score op steun van partner bekend is, is…
* De gemiddelde score op aantal jaren arbeid is…
* De minimaal behaalde score op aantal jaren onderwijs is…
* De modus van steun van kind is…
",cloze,Descriptive statistics,Performing analysis,"SPSS, JASP",Dutch,Statistical Literacy,098cb,Descriptive statistics/Descriptive statistics,2026-01-12
495,Descriptive-statistics/uu-Descriptive-statistics-610-en,uu-Descriptive-statistics-610-en,"
* Download**: [SPSS file](uu-Descriptive-statistics-610-en-data.sav), [CSV file](uu-Descriptive-statistics-610-en-data.csv)
Open the data file.
Answer the following questions.
* Answer each question with all decimals listed in the output.**
Answerlist
----------
* The number of respondents whose score on recognizing letters is known is....
* The standard deviation of recognizing shapes is....
* The minimum score obtained on recognizing animals is...
* The mode of recognizing animals is...
",cloze,Descriptive statistics,Performing analysis,"SPSS, JASP",English,Statistical Literacy,e5058,Descriptive statistics/Descriptive statistics,2026-01-12
496,Descriptive-statistics/uu-Descriptive-statistics-610-nl,uu-Descriptive-statistics-610-nl,"
**Download**: [SPSS file](uu-Descriptive-statistics-610-nl-data.sav), [CSV file](uu-Descriptive-statistics-610-nl-data.csv)
Open het databestand.
Beantwoord de volgende vragen. 
**Beantwoord iedere vraag met alle decimalen die in de output vermeld staan.**
Answerlist
----------
* Het aantal respondenten waarvan de score op herkennen van letters bekend is, is…
* De standaardafwijking van herkennen van vormen is…
* De minimaal behaalde score op herkennen van dieren is…
* De modus van herkennen van dieren is…
",cloze,Descriptive statistics,Performing analysis,"SPSS, JASP",Dutch,Statistical Literacy,1eed3,Descriptive statistics/Descriptive statistics,2026-01-12
497,Descriptive-statistics/uu-Descriptive-statistics-611-en,uu-Descriptive-statistics-611-en,"
* Download**: [SPSS file](uu-Descriptive-statistics-611-en-data.sav), [CSV file](uu-Descriptive-statistics-611-en-data.csv)
Open the data file.
Answer the following questions.
* Answer each question with all decimals listed in the output.**
Answerlist
----------
* The number of respondents whose score on support from partner is known is....
* The average score on number of years of employment is....
* The minimum score obtained on number of years of education is....
* The mode of number of years of employment is...
",cloze,Descriptive statistics,Performing analysis,"SPSS, JASP",English,Statistical Literacy,0496c,Descriptive statistics/Descriptive statistics,2026-01-12
498,Descriptive-statistics/uu-Descriptive-statistics-611-nl,uu-Descriptive-statistics-611-nl,"
**Download**: [SPSS file](uu-Descriptive-statistics-611-nl-data.sav), [CSV file](uu-Descriptive-statistics-611-nl-data.csv)
Open het databestand.
Beantwoord de volgende vragen.
**Beantwoord iedere vraag met alle decimalen die in de output vermeld staan.**
Answerlist
----------
* Het aantal respondenten waarvan de score op steun van partner bekend is, is…
* De gemiddelde score op aantal jaren arbeid is…
* De minimaal behaalde score op aantal jaren onderwijs is…
* De modus van aantal jaren arbeid is…
",cloze,Descriptive statistics,Performing analysis,"SPSS, JASP",Dutch,Statistical Literacy,a461e,Descriptive statistics/Descriptive statistics,2026-01-12
499,Descriptive-statistics/uu-Descriptive-statistics-612-en,uu-Descriptive-statistics-612-en,"
* Download**: [SPSS file](uu-Descriptive-statistics-612-en-data.sav), [CSV file](uu-Descriptive-statistics-612-en-data.csv)
Open the data file.
Answer the following questions.
* Answer each question with all decimals listed in the output.**
Answerlist
----------
* The number of respondents whose vocabulary score is known is....
* The standard deviation of reading comprehension is....
* The minimum score obtained on spelling is....
* The mode of grammar is...
",cloze,Descriptive statistics,Performing analysis,"SPSS, JASP",English,Statistical Literacy,b57e9,Descriptive statistics/Descriptive statistics,2026-01-12
500,Descriptive-statistics/uu-Descriptive-statistics-612-nl,uu-Descriptive-statistics-612-nl,"
**Download**: [SPSS file](uu-Descriptive-statistics-612-nl-data.sav), [CSV file](uu-Descriptive-statistics-612-nl-data.csv)
Open het databestand.
Beantwoord de volgende vragen.
**Beantwoord iedere vraag met alle decimalen die in de output vermeld staan.**
Answerlist
----------
* Het aantal respondenten waarvan de score op woordenschat bekend is, is…
* De standaardafwijking van de begrijpend lezen is…
* De minimaal behaalde score op spelling is…
* De modus van grammatica is…
",cloze,Descriptive statistics,Performing analysis,"SPSS, JASP",Dutch,Statistical Literacy,4171e,Descriptive statistics/Descriptive statistics,2026-01-12
501,Descriptive-statistics/uu-Descriptive-statistics-613-en,uu-Descriptive-statistics-613-en,"
* Download**: [SPSS file](uu-Descriptive-statistics-613-en-data.sav), [CSV file](uu-Descriptive-statistics-613-en-data.csv)
Open the data file.
Answer the following questions.
* Answer each question with all decimals listed in the output.**
Answerlist
----------
* The number of respondents whose score on support from child is known is....
* The average score on support from partner is....
* The maximum score obtained on support from boss is....
* The mode of number of years of employment is...
",cloze,Descriptive statistics,Performing analysis,"SPSS, JASP",English,Statistical Literacy,36b4b,Descriptive statistics/Descriptive statistics,2026-01-12
502,Descriptive-statistics/uu-Descriptive-statistics-613-nl,uu-Descriptive-statistics-613-nl,"
**Download**: [SPSS file](uu-Descriptive-statistics-613-nl-data.sav), [CSV file](uu-Descriptive-statistics-613-nl-data.csv)
Open het databestand.
Beantwoord de volgende vragen.
**Beantwoord iedere vraag met alle decimalen die in de output vermeld staan.**
Answerlist
----------
* Het aantal respondenten waarvan de score op steun van kind bekend is, is…
* De gemiddelde score op steun van partner is…
* De maximaal behaalde score op steun van baas is…
* De modus van aantal jaren arbeid is…
",cloze,Descriptive statistics,Performing analysis,"SPSS, JASP",Dutch,Statistical Literacy,abe83,Descriptive statistics/Descriptive statistics,2026-01-12
503,Descriptive-statistics/uu-Descriptive-statistics-614-en,uu-Descriptive-statistics-614-en,"
* Download**: [SPSS file](uu-Descriptive-statistics-614-en-data.sav), [CSV file](uu-Descriptive-statistics-614-en-data.csv)
Open the data file.
Answer the following questions.
* Answer each question with all decimals listed in the output.**
Answerlist
----------
* The number of respondents whose score on reading comprehension is known is....
* The average score on vocabulary is....
* The minimum score obtained on grammar is....
* The mode of spelling is...
",cloze,Descriptive statistics,Performing analysis,"SPSS, JASP",English,Statistical Literacy,c6cb8,Descriptive statistics/Descriptive statistics,2026-01-12
504,Descriptive-statistics/uu-Descriptive-statistics-614-nl,uu-Descriptive-statistics-614-nl,"
**Download**: [SPSS file](uu-Descriptive-statistics-614-nl-data.sav), [CSV file](uu-Descriptive-statistics-614-nl-data.csv)
Open het databestand.
Beantwoord de volgende vragen.
**Beantwoord iedere vraag met alle decimalen die in de output vermeld staan.**
Answerlist
----------
* Het aantal respondenten waarvan de score op begrijpend lezen bekend is, is…
* De gemiddelde score op woordenschat is…
* De minimaal behaalde score op grammatica is…
* De modus van spelling is…
",cloze,Descriptive statistics,Performing analysis,"SPSS, JASP",Dutch,Statistical Literacy,329d0,Descriptive statistics/Descriptive statistics,2026-01-12
505,Descriptive-statistics/uu-Descriptive-statistics-615-en,uu-Descriptive-statistics-615-en,"
**Download**: [SPSS file](uu-Descriptive-statistics-615-en-data.sav), [CSV file](uu-Descriptive-statistics-615-en-data.csv)
Open the data set.
Answer the following questions.
**Answer all questions with all decimals given in the output.**
Answerlist
----------
* The minimum score achieved for grammar is equal to…
* The median for spelling is…
* The number of respondents who answered “not agree” to question V1 is equal to…

",cloze,Descriptive statistics,Performing analysis,"SPSS, JASP",English,Statistical Literacy,a427a,Descriptive statistics/Descriptive statistics,2026-01-12
506,Descriptive-statistics/uu-Descriptive-statistics-615-nl,uu-Descriptive-statistics-615-nl,"
* Download**: [SPSS file](uu-Descriptive-statistics-615-nl-data.sav), [CSV file](uu-Descriptive-statistics-615-nl-data.csv)
Open de gegevensset.
Beantwoord de volgende vragen.
* Beantwoord alle vragen met alle decimalen in de uitvoer.**
Antwoordenlijst
----------
* De minimale score voor grammatica is gelijk aan...
* De mediaan voor spelling is...
* Het aantal respondenten dat ""niet akkoord"" antwoordde op vraag begrijpend lezen is gelijk aan...
",cloze,Descriptive statistics,Performing analysis,"SPSS, JASP",Dutch,Statistical Literacy,c18a9,Descriptive statistics/Descriptive statistics,2026-01-12
507,Descriptive-statistics/uu-Descriptive-statistics-616-en,uu-Descriptive-statistics-616-en,"
* Download**: [SPSS file](uu-Descriptive-statistics-616-en-data.sav), [CSV file](uu-Descriptive-statistics-616-en-data.csv)
Open the data file.
Answer the following questions.
* Answer each question with all decimals listed in the output.**
Answerlist
----------
* The number of respondents whose score on well-being at measurement time 3 is known is....
* The average score on stress tolerance is....
* The maximum score obtained on job satisfaction is...
* The number of respondents in experimental group A is...
",cloze,Descriptive statistics,Performing analysis,"SPSS, JASP",English,Statistical Literacy,112c4,Descriptive statistics/Descriptive statistics,2026-01-12
508,Descriptive-statistics/uu-Descriptive-statistics-616-nl,uu-Descriptive-statistics-616-nl,"
**Download**: [SPSS file](uu-Descriptive-statistics-616-nl-data.sav), [CSV file](uu-Descriptive-statistics-616-nl-data.csv)
Open het databestand.
Beantwoord de volgende vragen.
**Beantwoord iedere vraag met alle decimalen die in de output vermeld staan.**
Answerlist
----------
* Het aantal respondenten waarvan de score op welzijn op meetmoment 3 bekend is, is…
* De gemiddelde score op stressbestendigheid is…
* De maximaal behaalde score op plezier in werk is…
* Het aantal respondenten in experimentele groep A is…
",cloze,Descriptive statistics,Performing analysis,"SPSS, JASP",Dutch,Statistical Literacy,19b51,Descriptive statistics/Descriptive statistics,2026-01-12
509,Descriptive-statistics/uu-Descriptive-statistics-617-nl,uu-Descriptive-statistics-617-nl,"
**Download**: [SPSS file](uu-Descriptive-statistics-617-nl-data.sav), [CSV file](uu-Descriptive-statistics-617-nl-data.csv)
Open het databestand.
Beantwoord de volgende vragen.
**Beantwoord iedere vraag met alle decimalen die in de output vermeld staan.**
Answerlist
----------
* Het aantal respondenten waarvan de score op aandacht op meetmoment 3 bekend is, is… 
* De gemiddelde score op updating is…
* De minimaal behaalde score op aandacht op meetmoment 1 is…
* De range van shifting is…
",cloze,Descriptive statistics,Performing analysis,"SPSS, JASP",Dutch,Statistical Literacy,fdf61,Descriptive statistics/Descriptive statistics,2026-01-12
510,Descriptive-statistics/uu-Descriptive-statistics-618-en,uu-Descriptive-statistics-618-en,"
* Download**: [SPSS file](uu-Descriptive-statistics-618-en-data.sav), [CSV file](uu-Descriptive-statistics-618-en-data.csv)
Open the data file.
Answer the following questions.
* Answer each question with all decimals listed in the output.**
Answerlist
----------
* The number of respondents whose score on language proficiency at measurement time 3 is known is....
* The average score on spelling is...
* The maximum score obtained on grammar is....
* The number of respondents in experimental group B is...
",cloze,Descriptive statistics,Performing analysis,"SPSS, JASP",English,Statistical Literacy,20e18,Descriptive statistics/Descriptive statistics,2026-01-12
511,Descriptive-statistics/uu-Descriptive-statistics-618-nl,uu-Descriptive-statistics-618-nl,"
**Download**: [SPSS file](uu-Descriptive-statistics-618-nl-data.sav), [CSV file](uu-Descriptive-statistics-618-nl-data.csv)
Open het databestand.
Beantwoord de volgende vragen.
**Beantwoord iedere vraag met alle decimalen die in de output vermeld staan.**
Answerlist
----------
* Het aantal respondenten waarvan de score op taalvaardigheid op meetmoment 3 bekend is, is… 
* De gemiddelde score op spelling is…
* De maximaal behaalde score op grammatica is…
* Het aantal respondenten in experimentele groep B is…
",cloze,Descriptive statistics,Performing analysis,"SPSS, JASP",Dutch,Statistical Literacy,f4747,Descriptive statistics/Descriptive statistics,2026-01-12
512,Descriptive-statistics/uu-Descriptive-statistics-619-en,uu-Descriptive-statistics-619-en,"
* Download**: [SPSS file](uu-Descriptive-statistics-619-en-data.sav), [CSV file](uu-Descriptive-statistics-619-en-data.csv)
Open the data file.
Answer the following questions.
* Answer each question with all decimals listed in the output.**
Answerlist
----------
* The number of respondents whose score on well-being at measurement time 2 is known is....
* The average score on job satisfaction is...
* The minimum score obtained on stress tolerance is....
* Most respondents are in experimental group...
",cloze,Descriptive statistics,Performing analysis,"SPSS, JASP",English,Statistical Literacy,9f450,Descriptive statistics/Descriptive statistics,2026-01-12
513,Descriptive-statistics/uu-Descriptive-statistics-619-nl,uu-Descriptive-statistics-619-nl,"
**Download**: [SPSS file](uu-Descriptive-statistics-619-nl-data.sav), [CSV file](uu-Descriptive-statistics-619-nl-data.csv)
Open het databestand.
Beantwoord de volgende vragen.
**Beantwoord iedere vraag met alle decimalen die in de output vermeld staan.**
Answerlist
----------
* Het aantal respondenten waarvan de score op welzijn op meetmoment 2 bekend is, is…
* De gemiddelde score op plezier in werk is…
* De minimaal behaalde score op stressbestendigheid is…
* De meeste respondenten zitten in experimentele groep…
",cloze,Descriptive statistics,Performing analysis,"SPSS, JASP",Dutch,Statistical Literacy,0174f,Descriptive statistics/Descriptive statistics,2026-01-12
514,Descriptive-statistics/uu-Descriptive-statistics-620-en,uu-Descriptive-statistics-620-en,"
* Download**: [SPSS file](uu-Descriptive-statistics-620-en-data.sav), [CSV file](uu-Descriptive-statistics-620-en-data.csv)
Open the data file.
Answer the following questions.
* Answer each question with all decimals listed in the output.**
Answerlist
----------
* The number of respondents whose score on attention at measurement time 1 is known is....
* The average score on shifting is...
* The minimum score obtained on attention at measurement time 3 is...
* The number of respondents in experimental group 2 is...
",cloze,Descriptive statistics,Performing analysis,"SPSS, JASP",English,Statistical Literacy,9bd06,Descriptive statistics/Descriptive statistics,2026-01-12
515,Descriptive-statistics/uu-Descriptive-statistics-620-nl,uu-Descriptive-statistics-620-nl,"
**Download**: [SPSS file](uu-Descriptive-statistics-620-nl-data.sav), [CSV file](uu-Descriptive-statistics-620-nl-data.csv)
Open het databestand.
Beantwoord de volgende vragen.
**Beantwoord iedere vraag met alle decimalen die in de output vermeld staan.**
Answerlist
----------
* Het aantal respondenten waarvan de score op aandacht op meetmoment 1 bekend is, is… 
* De gemiddelde score op shifting is…
* De minimaal behaalde score op aandacht op meetmoment 3 is…
* Het aantal respondenten in experimentele groep 2 is…
",cloze,Descriptive statistics,Performing analysis,"SPSS, JASP",Dutch,Statistical Literacy,2acca,Descriptive statistics/Descriptive statistics,2026-01-12
516,Descriptive-statistics/uu-Descriptive-statistics-621-en,uu-Descriptive-statistics-621-en,"
* Download**: [SPSS file](uu-Descriptive-statistics-621-en-data.sav), [CSV file](uu-Descriptive-statistics-621-en-data.csv)
Open the data file.
Answer the following questions.
* Answer each question with all decimals listed in the output.**
Answerlist
----------
* The number of respondents whose score on language proficiency at measurement time 1 is known is....
* The average score on grammar is...
* The maximum score obtained on spelling is....
* The number of respondents in experimental group A is...
",cloze,Descriptive statistics,Performing analysis,"SPSS, JASP",English,Statistical Literacy,09a97,Descriptive statistics/Descriptive statistics,2026-01-12
517,Descriptive-statistics/uu-Descriptive-statistics-621-nl,uu-Descriptive-statistics-621-nl,"
**Download**: [SPSS file](uu-Descriptive-statistics-621-nl-data.sav), [CSV file](uu-Descriptive-statistics-621-nl-data.csv)
Open het databestand.
Beantwoord de volgende vragen.
**Beantwoord iedere vraag met alle decimalen die in de output vermeld staan.**
Answerlist
----------
* Het aantal respondenten waarvan de score op taalvaardigheid op meetmoment 1 bekend is, is…
* De gemiddelde score op grammatica is…
* De maximaal behaalde score op spelling is…
* Het aantal respondenten in experimentele groep A is…
",cloze,Descriptive statistics,Performing analysis,"SPSS, JASP",Dutch,Statistical Literacy,2fe7e,Descriptive statistics/Descriptive statistics,2026-01-12
1658,Descriptive-statistics/vufsw-z-score-1097-en,vufsw-z-score-1097-en,"A recently-graduated economist gets two job offers.  
  
He can get a job in the US with a monthly salary of $5.000. The mean
salary in the US equals $3.300 and the standard deviation is $800. He
can also get a job in Germany with a monthly salary of €4.000. In
Germany, the mean salary amounts to €2.800 and the standard deviation to
€500.  
  
In which country can he get the highest salary (compared to the mean
salary in the country)? And how can you conclude this?
Answerlist
----------
* In the US, because the standard error of the offered salary is higher in
  the US than in Germany
* In the US, because the z-score of the offered salary is higher in the US
  than in Germany
* In the US, because the correlation coeffecient of the offered salary is
  higher in the US than in Germany
* In Germany, because the standar error of the offered salary is higher in
  Germany than in the US
* In Germany, because the z-score of the offered salary is higher in
  Germany than in the US.
* In Germany, because the correlation coefficient of the offered salary is
  higher in Germany than in the US
",schoice,descriptive statistics/score interpretation/z-score,performing analysis,calculator,English,statistical literacy,f55c4,descriptive statistics/z-score,2026-01-12
1659,Descriptive-statistics/vufsw-z-score-1097-nl,vufsw-z-score-1097-nl,"Een pas afgestudeerde econoom krijgt twee aanbiedingen voor een baan.  
  
Hij kan een baan krijgen in de VS met een maandsalaris van $5.000. The mean
salary in the US equals $3.300 en de standaardafwijking is $800. Hij kan ook een baan krijgen in Duitsland met een maandsalaris van €4.000. In Duitsland bedraagt het gemiddelde salaris €2.800 en de standaardafwijking €500.  
  
In welk land kan hij het hoogste salaris krijgen (vergeleken met het gemiddelde salaris in het land)? En hoe kun je dit concluderen?
Answerlist
----------
* In de VS, omdat de standaardfout van het geboden salaris hoger is in de VS hoger is dan in Duitsland
* In de VS, omdat de z-score van het geboden salaris hoger is in de VS dan in Duitsland
* In de VS, omdat de correlatiecoëfficiënt van het aangeboden salaris hoger is in de VS dan in Duitsland
* In Duitsland, omdat de standaardfout van het aangeboden salaris hoger is in Duitsland hoger is dan in de VS
* In Duitsland, omdat de z-score van het aangeboden salaris hoger is in Duitsland hoger is dan in de VS.
* In Duitsland, omdat de correlatiecoëfficiënt van het aangeboden salaris hoger is in Duitsland dan in de VS
",schoice,descriptive statistics/score interpretation/z-score,performing analysis,calculator,Dutch,statistical literacy,7042d,descriptive statistics/z-score,2026-01-12
1666,Descriptive-statistics/vufsw-z-score-1176-en,vufsw-z-score-1176-en,"Suppose that the current American president claims that the American
population gives the current US president an average approval score of 7
(on a scale of 1 to 10).  
  
A researcher has doubts about this claim and conducts a random survey
among 121 American respondents. This sample shows that the average
approval score is 6.5 (st.dev. = 1.8).  
  
If we assume that the claim of the president is correct (i.e. that the
average approval score in the population is 7), what is then then
probability that we would find this sample statistic (this sample mean
of 6.5)*?*  
  
​The probability* *is* ...*
Answerlist
----------
* 0.11%
* 3.06%
* 1.96%
* 0.87%
* 2.05%
",schoice,descriptive statistics/score interpretation/z-score,performing analysis,calculator,English,statistical thinking,e716e,descriptive statistics/z-score,2026-01-12
1667,Descriptive-statistics/vufsw-z-score-1176-nl,vufsw-z-score-1176-nl,"Stel dat de huidige Amerikaanse president beweert dat de Amerikaanse bevolking de huidige Amerikaanse president een gemiddelde goedkeuringsscore geeft van 7 (op een schaal van 1 tot 10).  
  
Een onderzoeker twijfelt aan deze bewering en houdt een willekeurige enquête onder 121 Amerikaanse respondenten. Uit deze steekproef blijkt dat de gemiddelde goedkeuringsscore 6,5 is (st.dev. = 1,8).  
  
Als we aannemen dat de claim van de president juist is (d.w.z. dat de gemiddelde goedkeuringsscore in de populatie 7 is), wat is dan de kans dat we deze steekproefstatistiek zouden vinden (dit steekproefgemiddelde van 6,5)*?*  De kans* *is* ...*
Answerlist
----------
* 0.11%
* 3.06%
* 1.96%
* 0.87%
* 2.05%
",schoice,descriptive statistics/score interpretation/z-score,performing analysis,calculator,Dutch,statistical thinking,bdcd4,descriptive statistics/z-score,2026-01-12
2124,Factor-analysis/eur-factor-108-en,eur-factor-108-en,"* Ork for psychologists and educators.*
A scientist is investigating factors that may explain why career opportunities for psychologists and educators are sometimes low. From theoretical insights about career opportunities, the researcher has the idea that several dimensions can be distinguished that have something to do with career opportunities. She has devised 34 statements on which respondents can indicate whether they agree with a statement on a 4-point scale (1. completely agree; 2. somewhat agree; 3. not so much agree; 4. not at all agree). An example of a statement is, ""I completed a relevant internship during my education."" The questionnaire was administered to 312 graduates. Participants' responses to the 34 statements are shown in the data file.
Open the data file.
Perform an unrotated exploratory factor analysis with principal axis factoring in which you include all the statements from the questionnaire. What percentage of the total variance does the third factor explain (1 decimal place)?
* Download**: [SPSS file](eur-factor-108-nl-data.sav), [CSV file](eur-factor-108-nl-data.csv)
",num,"Factor analysis/Exploratory factor analysis, Factor analysis/Explained variance",Performing analysis,SPSS,English,Statistical Literacy,66fce,Factor analysis/Exploratory factor analysis,2026-01-12
2125,Factor-analysis/eur-factor-108-nl,eur-factor-108-nl,"*Werk voor psychologen en pedagogen.*
Een wetenschapper doet onderzoek naar factoren die kunnen verklaren waarom de carriëremogelijkheden voor psychologen en pedagogen soms gering zijn. Vanuit theoretische inzichten over carriëremogelijkheden heeft de onderzoeker het idee dat er verschillende dimensies onderscheiden kunnen worden die iets te maken hebben met de carriëremogelijkheden. Ze heeft 34 stellingen bedacht waarop respondenten op een 4-puntsschaal (1. helemaal mee eens; 2. een beetje mee eens; 3. niet zo erg mee eens; 4. helemaal niet mee eens) aan kunnen geven of ze het eens zijn met een stelling. Een voorbeeld van een stelling is: “Ik heb tijdens mijn opleiding een relevante stage gelopen”. De vragenlijst is afgenomen bij 312 afgestudeerden. De responsen van de deelnemers op de 34 stellingen staan weergegeven in het databestand. 
Open het databestand.
Voer een ongeroteerde exploratieve factor analyse uit met principal axis factoring waarbij je alle stellingen uit de vragenlijst opneemt. Hoeveel procent van de totale variantie verklaart de derde factor? (1 decimaal)
**Download**: [SPSS file](eur-factor-108-nl-data.sav), [CSV file](eur-factor-108-nl-data.csv)
",num,"Factor analysis/Exploratory factor analysis, Factor analysis/Explained variance",Performing analysis,SPSS,Dutch,Statistical Literacy,3078a,Factor analysis/Exploratory factor analysis,2026-01-12
2126,Factor-analysis/eur-factor-109-en,eur-factor-109-en,"* Ork for psychologists and educators.*
A scientist is investigating factors that may explain why career opportunities for psychologists and educators are sometimes low. From theoretical insights about career opportunities, the researcher has the idea that several dimensions can be distinguished that have something to do with career opportunities. She has devised 34 statements on which respondents can indicate whether they agree with a statement on a 4-point scale (1. completely agree; 2. somewhat agree; 3. not so much agree; 4. not at all agree). An example of a statement is, ""I completed a relevant internship during my education."" The questionnaire was administered to 312 graduates. Participants' responses to the 34 statements are shown in the data file.
Open the data file.
Conduct an unrotated exploratory factor analysis with principal axis factoring in which you include all statements from the questionnaire and extract 3 factors. What percent of the total variance do the first three factors together explain when 3 factors are extracted?  (1 decimal place)
* Download**: [SPSS file](eur-factor-109-nl-data.sav), [CSV file](eur-factor-109-nl-data.csv)
",num,Factor analysis/Explained variance,Performing analysis,SPSS,English,Statistical Literacy,3f72d,Factor analysis/Explained variance,2026-01-12
2127,Factor-analysis/eur-factor-109-nl,eur-factor-109-nl,"*Werk voor psychologen en pedagogen.*
Een wetenschapper doet onderzoek naar factoren die kunnen verklaren waarom de carriëremogelijkheden voor psychologen en pedagogen soms gering zijn. Vanuit theoretische inzichten over carriëremogelijkheden heeft de onderzoeker het idee dat er verschillende dimensies onderscheiden kunnen worden die iets te maken hebben met de carriëremogelijkheden. Ze heeft 34 stellingen bedacht waarop respondenten op een 4-puntsschaal (1. helemaal mee eens; 2. een beetje mee eens; 3. niet zo erg mee eens; 4. helemaal niet mee eens) aan kunnen geven of ze het eens zijn met een stelling. Een voorbeeld van een stelling is: “Ik heb tijdens mijn opleiding een relevante stage gelopen”. De vragenlijst is afgenomen bij 312 afgestudeerden. De responsen van de deelnemers op de 34 stellingen staan weergegeven in het databestand. 
Open het databestand.
Voer een ongeroteerde exploratieve factor analyse uit met principal axis factoring waarbij je alle stellingen uit de vragenlijst opneemt en waarbij 3 factoren worden geëxtraheerd. 
Hoeveel procent van de totale variantie verklaren de eerste drie factoren samen wanneer er 3 factoren worden geëxtraheerd?  (1 decimaal)
**Download**: [SPSS file](eur-factor-109-nl-data.sav), [CSV file](eur-factor-109-nl-data.csv)
",num,Factor analysis/Explained variance,Performing analysis,SPSS,Dutch,Statistical Literacy,e44b1,Factor analysis/Explained variance,2026-01-12
2128,Factor-analysis/eur-factor-110-en,eur-factor-110-en,"* Ork for psychologists and educators.*
A scientist is investigating factors that may explain why career opportunities for psychologists and educators are sometimes low. From theoretical insights about career opportunities, the researcher has the idea that several dimensions can be distinguished that have something to do with career opportunities. She has devised 34 statements on which respondents can indicate whether they agree with a statement on a 4-point scale (1. completely agree; 2. somewhat agree; 3. not so much agree; 4. not at all agree). An example of a statement is, ""I completed a relevant internship during my education."" The questionnaire was administered to 312 graduates. Participants' responses to the 34 statements are shown in the data file.
Open the data file.
Perform a factor analysis with principal axis factoring, extracting 2 factors and performing a varimax rotation. For this analysis, how high is the correlation between item 7 and factor 1? (3 decimal places)
* Download**: [SPSS file](eur-factor-110-nl-data.sav), [CSV file](eur-factor-110-nl-data.csv)
",num,Factor analysis/Structure matrix,Performing analysis,SPSS,English,Statistical Literacy,c4c05,Factor analysis/Structure matrix,2026-01-12
2129,Factor-analysis/eur-factor-110-nl,eur-factor-110-nl,"*Werk voor psychologen en pedagogen.*
Een wetenschapper doet onderzoek naar factoren die kunnen verklaren waarom de carriëremogelijkheden voor psychologen en pedagogen soms gering zijn. Vanuit theoretische inzichten over carriëremogelijkheden heeft de onderzoeker het idee dat er verschillende dimensies onderscheiden kunnen worden die iets te maken hebben met de carriëremogelijkheden. Ze heeft 34 stellingen bedacht waarop respondenten op een 4-puntsschaal (1. helemaal mee eens; 2. een beetje mee eens; 3. niet zo erg mee eens; 4. helemaal niet mee eens) aan kunnen geven of ze het eens zijn met een stelling. Een voorbeeld van een stelling is: “Ik heb tijdens mijn opleiding een relevante stage gelopen”. De vragenlijst is afgenomen bij 312 afgestudeerden. De responsen van de deelnemers op de 34 stellingen staan weergegeven in het databestand. 
Open het databestand.
Voer een factor analyse uit met principal axis factoring, waarbij 2 factoren worden geëxtraheerd en een varimax rotatie wordt uitgevoerd. Hoe hoog is voor deze analyse de correlatie tussen item 7 en factor 1? (3 decimalen)
**Download**: [SPSS file](eur-factor-110-nl-data.sav), [CSV file](eur-factor-110-nl-data.csv)
",num,Factor analysis/Structure matrix,Performing analysis,SPSS,Dutch,Statistical Literacy,0b1bd,Factor analysis/Structure matrix,2026-01-12
2130,Factor-analysis/eur-factor-111-en,eur-factor-111-en,"* Ork for psychologists and educators.*
A scientist is investigating factors that may explain why career opportunities for psychologists and educators are sometimes low. From theoretical insights about career opportunities, the researcher has the idea that several dimensions can be distinguished that have something to do with career opportunities. She has devised 34 statements on which respondents can indicate whether they agree with a statement on a 4-point scale (1. completely agree; 2. somewhat agree; 3. not so much agree; 4. not at all agree). An example of a statement is, ""I completed a relevant internship during my education."" The questionnaire was administered to 312 graduates. Participants' responses to the 34 statements are shown in the data file.
Open the data file.
Perform a factor analysis with principal axis factoring, extracting 4 factors and performing a varimax rotation. By which factor is item 1 best explained? (note factor number)

* Download**: [SPSS file](eur-factor-111-nl-data.sav), [CSV file](eur-factor-111-nl-data.csv)
",num,Factor analysis/Pattern matrix,Performing analysis,SPSS,English,Statistical Literacy,b6e5f,Factor analysis/Pattern matrix,2026-01-12
2131,Factor-analysis/eur-factor-111-nl,eur-factor-111-nl,"*Werk voor psychologen en pedagogen.*
Een wetenschapper doet onderzoek naar factoren die kunnen verklaren waarom de carriëremogelijkheden voor psychologen en pedagogen soms gering zijn. Vanuit theoretische inzichten over carriëremogelijkheden heeft de onderzoeker het idee dat er verschillende dimensies onderscheiden kunnen worden die iets te maken hebben met de carriëremogelijkheden. Ze heeft 34 stellingen bedacht waarop respondenten op een 4-puntsschaal (1. helemaal mee eens; 2. een beetje mee eens; 3. niet zo erg mee eens; 4. helemaal niet mee eens) aan kunnen geven of ze het eens zijn met een stelling. Een voorbeeld van een stelling is: “Ik heb tijdens mijn opleiding een relevante stage gelopen”. De vragenlijst is afgenomen bij 312 afgestudeerden. De responsen van de deelnemers op de 34 stellingen staan weergegeven in het databestand. 
Open het databestand.
Voer een factor analyse uit met principal axis factoring, waarbij 4 factoren worden geëxtraheerd en een varimax rotatie wordt uitgevoerd. Door welke factor wordt item 1 het best verklaard? (noteer factornummer)

**Download**: [SPSS file](eur-factor-111-nl-data.sav), [CSV file](eur-factor-111-nl-data.csv)
",num,Factor analysis/Pattern matrix,Performing analysis,SPSS,Dutch,Statistical Literacy,4ffb7,Factor analysis/Pattern matrix,2026-01-12
2132,Factor-analysis/eur-factor-112-en,eur-factor-112-en,"* Ork for psychologists and educators.*
A scientist is investigating factors that may explain why career opportunities for psychologists and educators are sometimes low. From theoretical insights about career opportunities, the researcher has the idea that several dimensions can be distinguished that have something to do with career opportunities. She has devised 34 statements on which respondents can indicate whether they agree with a statement on a 4-point scale (1. completely agree; 2. somewhat agree; 3. not so much agree; 4. not at all agree). An example of a statement is, ""I completed a relevant internship during my education."" The questionnaire was administered to 312 graduates. Participants' responses to the 34 statements are shown in the data file.
Open the data file.
Perform a factor analysis with principal axis factoring, extracting 2 factors and performing a promax rotation. How high is the correlation between factor 1 and 2? (3 decimal places)
* Download**: [SPSS file](eur-factor-112-nl-data.sav), [CSV file](eur-factor-112-nl-data.csv)
",num,Factor analysis/Factor correlation matrix,Performing analysis,SPSS,English,Statistical Literacy,0aabb,Factor analysis/Factor correlation matrix,2026-01-12
2133,Factor-analysis/eur-factor-112-nl,eur-factor-112-nl,"*Werk voor psychologen en pedagogen.*
Een wetenschapper doet onderzoek naar factoren die kunnen verklaren waarom de carriëremogelijkheden voor psychologen en pedagogen soms gering zijn. Vanuit theoretische inzichten over carriëremogelijkheden heeft de onderzoeker het idee dat er verschillende dimensies onderscheiden kunnen worden die iets te maken hebben met de carriëremogelijkheden. Ze heeft 34 stellingen bedacht waarop respondenten op een 4-puntsschaal (1. helemaal mee eens; 2. een beetje mee eens; 3. niet zo erg mee eens; 4. helemaal niet mee eens) aan kunnen geven of ze het eens zijn met een stelling. Een voorbeeld van een stelling is: “Ik heb tijdens mijn opleiding een relevante stage gelopen”. De vragenlijst is afgenomen bij 312 afgestudeerden. De responsen van de deelnemers op de 34 stellingen staan weergegeven in het databestand. 
Open het databestand.
Voer een factor analyse uit met principal axis factoring, waarbij 2 factoren worden geëxtraheerd en een promax rotatie wordt uitgevoerd. Hoe hoog is de correlatie tussen factor 1 en 2? (3 decimalen)
**Download**: [SPSS file](eur-factor-112-nl-data.sav), [CSV file](eur-factor-112-nl-data.csv)
",num,Factor analysis/Factor correlation matrix,Performing analysis,SPSS,Dutch,Statistical Literacy,cadfd,Factor analysis/Factor correlation matrix,2026-01-12
2134,Factor-analysis/eur-factor-401-en,eur-factor-401-en,"A researcher investigates the factors that may explain alcohol abuse among the elderly. Based on his theory, the researcher suspects that different dimensions can be distinguished concerning alcohol abuse. She designed 34 statements the elderly can agree or disagree with on a four-point scale (1 = completely agree; 2 = somewhat agree; 3 = somewhat disagree; 4 = completely disagree). An example of a statement is: When I feel lonely, I enjoy drinking an alcoholic beverage. The questionnaire was administered to 312 elderly (>70 years). The responses of the participants to the 34 statements are given in the dataset.
Conduct an unrotated explorative factor analysis with principal axis factoring on all the items of the questionnaire. What is the percentage of the variance that is explained by the third factor? (3 decimals)
Open the dataset below to answer this question:
**Download** [SPSS file](eur-factor-401-en-data.sav), [CSV file](eur-factor-401-en-data.csv)
",num,"Factor analysis/Explained variance, Factor analysis/Eigenvalues, Factor analysis/Exploratory factor analysis","Interpreting output, Performing analysis",SPSS,English,Statistical Literacy,bb169,Factor analysis/Explained variance,2026-01-12
2135,Factor-analysis/eur-factor-401-nl,eur-factor-401-nl,"Een onderzoeker onderzoekt de factoren die alcoholmisbruik onder ouderen kunnen verklaren. Op basis van zijn theorie vermoedt de onderzoeker dat er verschillende dimensies te onderscheiden zijn met betrekking tot alcoholmisbruik. Ze ontwierp 34 stellingen waar ouderen het mee eens of oneens kunnen zijn op een vierpuntsschaal (1 = helemaal mee eens; 2 = enigszins mee eens; 3 = enigszins mee oneens; 4 = helemaal mee oneens). Een voorbeeld van een stelling is: Als ik me eenzaam voel, drink ik graag een alcoholische drank. De vragenlijst werd afgenomen bij 312 ouderen (>70 jaar). De antwoorden van de deelnemers op de 34 stellingen staan in de dataset.
Voer een ongeroteerde exploratieve factoranalyse met hoofdasfactoring uit op alle items van de vragenlijst. Wat is het percentage van de variantie dat verklaard wordt door de derde factor? (3 decimalen)
Open de dataset hieronder om deze vraag te beantwoorden:
* Download** [SPSS file](eur-factor-401-en-data.sav), [CSV file](eur-factor-401-en-data.csv)
",num,"Factor analysis/Explained variance, Factor analysis/Eigenvalues, Factor analysis/Exploratory factor analysis","Interpreting output, Performing analysis",SPSS,Dutch,Statistical Literacy,61c31,Factor analysis/Explained variance,2026-01-12
2136,Factor-analysis/eur-factor-402-en,eur-factor-402-en,"A researcher investigates the factors that may explain alcohol abuse among the elderly. Based on the theory, the researcher suspects that different dimensions can be distinguished concerning alcohol abuse. She designed 34 statements the elderly can agree or disagree with on a four-point scale (1 = completely agree; 2 = somewhat agree; 3 = somewhat disagree; 4 = completely disagree). An example of a statement is: When I feel lonely, I enjoy drinking an alcoholic beverage. The questionnaire was administered to 312 elderly (>70 years). The responses of the participants to the 34 statements are given in the dataset.
When 3 factors are extracted, what is the percentage of the variance of the extracted sums of squared loadings that is explained by the 3 factors combined? (3 decimals)
Open the dataset below to answer this question:
**Download** [SPSS file](eur-factor-402-en-data.sav), [CSV file](eur-factor-402-en-data.csv)
",num,"Factor analysis/Explained variance, Factor analysis/Exploratory factor analysis","Performing analysis, Interpreting output",SPSS,English,Statistical Literacy,54de3,Factor analysis/Explained variance,2026-01-12
2137,Factor-analysis/eur-factor-402-nl,eur-factor-402-nl,"Een onderzoeker onderzoekt de factoren die alcoholmisbruik onder ouderen kunnen verklaren. Op basis van de theorie vermoedt de onderzoeker dat er verschillende dimensies te onderscheiden zijn met betrekking tot alcoholmisbruik. Ze ontwierp 34 stellingen waar ouderen het mee eens of oneens kunnen zijn op een vierpuntsschaal (1 = helemaal mee eens; 2 = enigszins mee eens; 3 = enigszins mee oneens; 4 = helemaal mee oneens). Een voorbeeld van een stelling is: Als ik me eenzaam voel, drink ik graag een alcoholische drank. De vragenlijst werd afgenomen bij 312 ouderen (>70 jaar). De antwoorden van de deelnemers op de 34 stellingen staan in de dataset.
Als er 3 factoren geëxtraheerd zijn, wat is dan het percentage van de variantie van de geëxtraheerde som van de gekwadrateerde ladingen dat verklaard wordt door de 3 factoren samen? (3 decimalen)
Open de dataset hieronder om deze vraag te beantwoorden:
* Download** [SPSS file](eur-factor-402-en-data.sav), [CSV file](eur-factor-402-en-data.csv)
",num,"Factor analysis/Explained variance, Factor analysis/Exploratory factor analysis","Performing analysis, Interpreting output",SPSS,Dutch,Statistical Literacy,0e586,Factor analysis/Explained variance,2026-01-12
2138,Factor-analysis/eur-factor-403-en,eur-factor-403-en,"A researcher investigates the factors that may explain alcohol abuse among the elderly. Based on the theory, the researcher suspects that different dimensions can be distinguished concerning alcohol abuse. She designed 34 statements the elderly can agree or disagree with on a four-point scale (1 = completely agree; 2 = somewhat agree; 3 = somewhat disagree; 4 = completely disagree). An example of a statement is: When I feel lonely, I enjoy drinking an alcoholic beverage. The questionnaire was administered to 312 elderly (>70 years). The responses of the participants to the 34 statements are given in the dataset.
After conducting a factor analysis with principal axis factoring with 2 factors and a varimax rotation, what is the correlation between factor 1 and item 7? (3 decimals)
Open the dataset below to answer this question:
**Download** [SPSS file](eur-factor-403-en-data.sav), [CSV file](eur-factor-403-en-data.csv)
",num,Factor analysis/Structure matrix,"Interpreting output, Performing analysis",SPSS,English,Statistical Literacy,ff437,Factor analysis/Structure matrix,2026-01-12
2139,Factor-analysis/eur-factor-403-nl,eur-factor-403-nl,"Een onderzoeker onderzoekt de factoren die alcoholmisbruik onder ouderen kunnen verklaren. Op basis van de theorie vermoedt de onderzoeker dat er verschillende dimensies te onderscheiden zijn met betrekking tot alcoholmisbruik. Ze ontwierp 34 stellingen waar ouderen het mee eens of oneens kunnen zijn op een vierpuntsschaal (1 = helemaal mee eens; 2 = enigszins mee eens; 3 = enigszins mee oneens; 4 = helemaal mee oneens). Een voorbeeld van een stelling is: Als ik me eenzaam voel, drink ik graag een alcoholische drank. De vragenlijst werd afgenomen bij 312 ouderen (>70 jaar). De antwoorden van de deelnemers op de 34 stellingen staan in de dataset.
Wat is de correlatie tussen factor 1 en item 7 na het uitvoeren van een factoranalyse met principal axis factoring met 2 factoren en een varimax rotatie? (3 decimalen)
Open de dataset hieronder om deze vraag te beantwoorden:
* Download** [SPSS file](eur-factor-403-en-data.sav), [CSV file](eur-factor-403-en-data.csv)
",num,Factor analysis/Structure matrix,"Interpreting output, Performing analysis",SPSS,Dutch,Statistical Literacy,ce30e,Factor analysis/Structure matrix,2026-01-12
2140,Factor-analysis/eur-factor-404-en,eur-factor-404-en,"A researcher investigates the factors that may explain alcohol abuse among the elderly. Based on the theory, the researcher suspects that different dimensions can be distinguished concerning alcohol abuse. She designed 34 statements the elderly can agree or disagree with on a four-point scale (1 = completely agree; 2 = somewhat agree; 3 = somewhat disagree; 4 = completely disagree). An example of a statement is: When I feel lonely, I enjoy drinking an alcoholic beverage. The questionnaire was administered to 312 elderly (>70 years). The responses of the participants to the 34 statements are given in the dataset.
After conducting a factor analysis with principal axis factoring with 3 factors and a promax rotation, what is the loading (in the pattern matrix) of item 9 on factor 2? (3 decimals)
Open the dataset below to answer this question:
**Download** [SPSS file](eur-factor-404-en-data.sav), [CSV file](eur-factor-404-en-data.csv)
",num,"Factor analysis/Pattern matrix, Factor analysis/Factor loadings, Factor analysis/Exploratory factor analysis","Interpreting output, Performing analysis",SPSS,English,Statistical Literacy,90995,Factor analysis/Pattern matrix,2026-01-12
2141,Factor-analysis/eur-factor-404-nl,eur-factor-404-nl,"Een onderzoeker onderzoekt de factoren die alcoholmisbruik onder ouderen kunnen verklaren. Op basis van de theorie vermoedt de onderzoeker dat er verschillende dimensies te onderscheiden zijn met betrekking tot alcoholmisbruik. Ze ontwierp 34 stellingen waar ouderen het mee eens of oneens kunnen zijn op een vierpuntsschaal (1 = helemaal mee eens; 2 = enigszins mee eens; 3 = enigszins mee oneens; 4 = helemaal mee oneens). Een voorbeeld van een stelling is: Als ik me eenzaam voel, drink ik graag een alcoholische drank. De vragenlijst werd afgenomen bij 312 ouderen (>70 jaar). De antwoorden van de deelnemers op de 34 stellingen staan in de dataset.
Wat is na het uitvoeren van een factoranalyse met principal axis factoring met 3 factoren en een promax rotatie de lading (in de patronenmatrix) van item 9 op factor 2? (3 decimalen)
Open de dataset hieronder om deze vraag te beantwoorden:
* Download** [SPSS file](eur-factor-404-en-data.sav), [CSV file](eur-factor-404-en-data.csv)
",num,"Factor analysis/Pattern matrix, Factor analysis/Factor loadings, Factor analysis/Exploratory factor analysis","Interpreting output, Performing analysis",SPSS,Dutch,Statistical Literacy,75274,Factor analysis/Pattern matrix,2026-01-12
2142,Factor-analysis/eur-factor-405-en,eur-factor-405-en,"A researcher investigates the factors that may explain alcohol abuse among the elderly. Based on the theory, the researcher suspects that different dimensions can be distinguished concerning alcohol abuse. She designed 34 statements the elderly can agree or disagree with on a four-point scale (1 = completely agree; 2 = somewhat agree; 3 = somewhat disagree; 4 = completely disagree). An example of a statement is: When I feel lonely, I enjoy drinking an alcoholic beverage. The questionnaire was administered to 312 elderly (>70 years). The responses of the participants to the 34 statements are given in the dataset.
After conducting a factor analysis with principal axis factoring with 2 factors and a promax rotation, what is the correlation between factor 1 and factor 2? (3 decimals)
Open the dataset below to answer this question:
**Download** [SPSS file](eur-factor-405-en-data.sav), [CSV file](eur-factor-405-en-data.csv)
",num,"Factor analysis/Factor correlation matrix, Factor analysis/Exploratory factor analysis","Interpreting output, Performing analysis",SPSS,English,Statistical Literacy,1c0ba,Factor analysis/Factor correlation matrix,2026-01-12
2143,Factor-analysis/eur-factor-405-nl,eur-factor-405-nl,"Een onderzoeker onderzoekt de factoren die alcoholmisbruik onder ouderen kunnen verklaren. Op basis van de theorie vermoedt de onderzoeker dat er verschillende dimensies te onderscheiden zijn met betrekking tot alcoholmisbruik. Ze ontwierp 34 stellingen waar ouderen het mee eens of oneens kunnen zijn op een vierpuntsschaal (1 = helemaal mee eens; 2 = enigszins mee eens; 3 = enigszins mee oneens; 4 = helemaal mee oneens). Een voorbeeld van een stelling is: Als ik me eenzaam voel, drink ik graag een alcoholische drank. De vragenlijst werd afgenomen bij 312 ouderen (>70 jaar). De antwoorden van de deelnemers op de 34 stellingen staan in de dataset.
Wat is de correlatie tussen factor 1 en factor 2 na het uitvoeren van een factoranalyse met principal axis factoring met 2 factoren en een promax rotatie? (3 decimalen)
Open de dataset hieronder om deze vraag te beantwoorden:
* Download** [SPSS file](eur-factor-405-en-data.sav), [CSV file](eur-factor-405-en-data.csv)
",num,"Factor analysis/Factor correlation matrix, Factor analysis/Exploratory factor analysis","Interpreting output, Performing analysis",SPSS,Dutch,Statistical Literacy,a82ed,Factor analysis/Factor correlation matrix,2026-01-12
2144,Factor-analysis/eur-factor-406-en,eur-factor-406-en,"A researcher working at the psychology institute investigates alcohol abuse among adolescents. The researcher designed 34 statements the adolescents can agree or disagree with on a four-point scale (1 = completely agree; 2 = somewhat agree; 3 = somewhat disagree; 4 = completely disagree). An example of a statement is: When I feel lonely, I enjoy drinking an alcoholic beverage. The answers of 312 girls (0) and boys (1) to the 34 statements are in the dataset. 
Conduct an unrotated explorative factor analysis with principal axis factoring on all the items of the questionnaire. What is the percentage of the variance that is explained by the second factor? (3 decimals)
Open the dataset below to answer this question:
**Download** [SPSS file](eur-factor-406-en-data.sav), [CSV file](eur-factor-406-en-data.csv)
",num,"Factor analysis/Explained variance, Factor analysis/Exploratory factor analysis, Factor analysis/Eigenvalues","Interpreting output, Performing analysis",SPSS,English,Statistical Literacy,71bca,Factor analysis/Explained variance,2026-01-12
2145,Factor-analysis/eur-factor-406-nl,eur-factor-406-nl,"Een onderzoeker van het instituut voor psychologie doet onderzoek naar alcoholmisbruik onder adolescenten. De onderzoeker ontwierp 34 stellingen waar de adolescenten het mee eens of oneens kunnen zijn op een vierpuntsschaal (1 = helemaal mee eens; 2 = enigszins mee eens; 3 = enigszins mee oneens; 4 = helemaal mee oneens). Een voorbeeld van een stelling is: Als ik me eenzaam voel, drink ik graag een alcoholische drank. De antwoorden van 312 meisjes (0) en jongens (1) op de 34 stellingen staan in de dataset.
Voer een ongeroteerde exploratieve factoranalyse met hoofdasfactoring uit op alle items van de vragenlijst. Wat is het percentage van de variantie dat verklaard wordt door de tweede factor? (3 decimalen)
Open de dataset hieronder om deze vraag te beantwoorden:
* Download** [SPSS file](eur-factor-406-en-data.sav), [CSV file](eur-factor-406-en-data.csv)
",num,"Factor analysis/Explained variance, Factor analysis/Exploratory factor analysis, Factor analysis/Eigenvalues","Interpreting output, Performing analysis",SPSS,Dutch,Statistical Literacy,3e566,Factor analysis/Explained variance,2026-01-12
2146,Factor-analysis/eur-factor-407-en,eur-factor-407-en,"A researcher working at the psychology institute investigates alcohol abuse among adolescents. The researcher designed 34 statements the adolescents can agree or disagree with on a four-point scale (1 = completely agree; 2 = somewhat agree; 3 = somewhat disagree; 4 = completely disagree). An example of a statement is: When I feel lonely, I enjoy drinking an alcoholic beverage. The answers of 312 girls (0) and boys (1) to the 34 statements are in the dataset. 
When 4 factors are extracted by principal axis factoring, what is the percentage of the variance (extracted sums of squared loadings) that is explained by the 4 factors combined? (3 decimals)
Open the dataset below to answer this question:
**Download** [SPSS file](eur-factor-407-en-data.sav), [CSV file](eur-factor-407-en-data.csv)
",num,"Factor analysis/Explained variance, Factor analysis/Exploratory factor analysis","Interpreting output, Performing analysis",SPSS,English,Statistical Literacy,f2c81,Factor analysis/Explained variance,2026-01-12
2147,Factor-analysis/eur-factor-407-nl,eur-factor-407-nl,"Een onderzoeker van het instituut voor psychologie doet onderzoek naar alcoholmisbruik onder adolescenten. De onderzoeker ontwierp 34 stellingen waar de adolescenten het mee eens of oneens kunnen zijn op een vierpuntsschaal (1 = helemaal mee eens; 2 = enigszins mee eens; 3 = enigszins mee oneens; 4 = helemaal mee oneens). Een voorbeeld van een stelling is: Als ik me eenzaam voel, drink ik graag een alcoholische drank. De antwoorden van 312 meisjes (0) en jongens (1) op de 34 stellingen staan in de dataset.
Als er 4 factoren worden geëxtraheerd door principal axis factoring, wat is dan het percentage van de variantie (geëxtraheerde sommen van gekwadrateerde ladingen) dat wordt verklaard door de 4 factoren samen? (3 decimalen)
Open de onderstaande dataset om deze vraag te beantwoorden:
* Download** [SPSS file](eur-factor-407-en-data.sav), [CSV file](eur-factor-407-en-data.csv)
",num,"Factor analysis/Explained variance, Factor analysis/Exploratory factor analysis","Interpreting output, Performing analysis",SPSS,Dutch,Statistical Literacy,04ccb,Factor analysis/Explained variance,2026-01-12
2148,Factor-analysis/eur-factor-408-en,eur-factor-408-en,"A researcher working at the psychology institute investigates alcohol abuse among adolescents. The researcher designed 34 statements the adolescents can agree or disagree with on a four-point scale (1 = completely agree; 2 = somewhat agree; 3 = somewhat disagree; 4 = completely disagree). An example of a statement is: When I feel lonely, I enjoy drinking an alcoholic beverage. The answers of 312 girls (0) and boys (1) to the 34 statements are in the dataset. 
Conduct a factor analysis with principal axis factoring with 2 factors and an orthogonal varimax rotation, what is the correlation between factor 2 and item 3 on the rotated factor matrix? (3 decimals)
Open the dataset below to answer this question:
**Download** [SPSS file](eur-factor-408-en-data.sav), [CSV file](eur-factor-408-en-data.csv)
",num,"Factor analysis/Exploratory factor analysis, Factor analysis/Rotations, Factor analysis/Factor loadings","Interpreting output, Performing analysis",SPSS,English,Statistical Literacy,23443,Factor analysis/Exploratory factor analysis,2026-01-12
2149,Factor-analysis/eur-factor-408-nl,eur-factor-408-nl,"Een onderzoeker van het instituut voor psychologie doet onderzoek naar alcoholmisbruik onder adolescenten. De onderzoeker ontwierp 34 stellingen waar de adolescenten het mee eens of oneens kunnen zijn op een vierpuntsschaal (1 = helemaal mee eens; 2 = enigszins mee eens; 3 = enigszins mee oneens; 4 = helemaal mee oneens). Een voorbeeld van een stelling is: Als ik me eenzaam voel, drink ik graag een alcoholische drank. De antwoorden van 312 meisjes (0) en jongens (1) op de 34 stellingen staan in de dataset.
Voer een factoranalyse uit met principal axis factoring met 2 factoren en een orthogonale varimax rotatie, wat is de correlatie tussen factor 2 en item 3 op de geroteerde factormatrix? (3 decimalen)
Open de onderstaande dataset om deze vraag te beantwoorden:
* Download** [SPSS file](eur-factor-408-en-data.sav), [CSV file](eur-factor-408-en-data.csv)
",num,"Factor analysis/Exploratory factor analysis, Factor analysis/Rotations, Factor analysis/Factor loadings","Interpreting output, Performing analysis",SPSS,Dutch,Statistical Literacy,10126,Factor analysis/Exploratory factor analysis,2026-01-12
2150,Factor-analysis/eur-factor-409-en,eur-factor-409-en,"A researcher working at the psychology institute investigates alcohol abuse among adolescents. The researcher designed 34 statements the adolescents can agree or disagree with on a four-point scale (1 = completely agree; 2 = somewhat agree; 3 = somewhat disagree; 4 = completely disagree). An example of a statement is: When I feel lonely, I enjoy drinking an alcoholic beverage. The answers of 312 girls (0) and boys (1) to the 34 statements are in the dataset. 
Conduct a factor analysis with principal axis factoring with 3 factors and a non-orthogonal promax rotation. What is the value of the coefficient that shows the unique contribution of factor 2 on item 9? (3 decimals)
Open the dataset below to answer this question:
**Download** [SPSS file](eur-factor-409-en-data.sav), [CSV file](eur-factor-409-en-data.csv)
",num,"Factor analysis/Pattern matrix, Factor analysis/Exploratory factor analysis, Factor analysis/Rotations","Interpreting output, Performing analysis",SPSS,English,Statistical Literacy,d2f2b,Factor analysis/Pattern matrix,2026-01-12
2151,Factor-analysis/eur-factor-409-nl,eur-factor-409-nl,"Een onderzoeker van het instituut voor psychologie doet onderzoek naar alcoholmisbruik onder adolescenten. De onderzoeker ontwierp 34 stellingen waar de adolescenten het mee eens of oneens kunnen zijn op een vierpuntsschaal (1 = helemaal mee eens; 2 = enigszins mee eens; 3 = enigszins mee oneens; 4 = helemaal mee oneens). Een voorbeeld van een stelling is: Als ik me eenzaam voel, drink ik graag een alcoholische drank. De antwoorden van 312 meisjes (0) en jongens (1) op de 34 stellingen staan in de dataset.
Voer een factoranalyse uit met principal axis factoring met 3 factoren en een niet-orthogonale promax rotatie. Wat is de waarde van de coëfficiënt die de unieke bijdrage van factor 2 op item 9 aangeeft? (3 decimalen)
Open de dataset hieronder om deze vraag te beantwoorden:
* Download** [SPSS file](eur-factor-409-en-data.sav), [CSV file](eur-factor-409-en-data.csv)
",num,"Factor analysis/Pattern matrix, Factor analysis/Exploratory factor analysis, Factor analysis/Rotations","Interpreting output, Performing analysis",SPSS,Dutch,Statistical Literacy,736c2,Factor analysis/Pattern matrix,2026-01-12
2152,Factor-analysis/eur-factor-410-en,eur-factor-410-en,"A researcher working at the psychology institute investigates alcohol abuse among adolescents. The researcher designed 34 statements the adolescents can agree or disagree with on a four-point scale (1 = completely agree; 2 = somewhat agree; 3 = somewhat disagree; 4 = completely disagree). An example of a statement is: When I feel lonely, I enjoy drinking an alcoholic beverage. The answers of 312 girls (0) and boys (1) to the 34 statements are in the dataset. 
Conduct a factor analysis with principal axis factoring with 2 factors and a non-orthogonal promax rotation. What is the correlation between factor 1 and factor 2? (3 decimals)
Open the dataset below to answer this question:
**Download** [SPSS file](eur-factor-410-en-data.sav), [CSV file](eur-factor-410-en-data.csv)
",num,"Factor analysis/Factor correlation matrix, Factor analysis/Exploratory factor analysis, Factor analysis/Rotations","Interpreting output, Performing analysis",SPSS,English,Statistical Literacy,70c81,Factor analysis/Factor correlation matrix,2026-01-12
2153,Factor-analysis/eur-factor-410-nl,eur-factor-410-nl,"Een onderzoeker van het instituut voor psychologie doet onderzoek naar alcoholmisbruik onder adolescenten. De onderzoeker ontwierp 34 stellingen waar de adolescenten het mee eens of oneens kunnen zijn op een vierpuntsschaal (1 = helemaal mee eens; 2 = enigszins mee eens; 3 = enigszins mee oneens; 4 = helemaal mee oneens). Een voorbeeld van een stelling is: Als ik me eenzaam voel, drink ik graag een alcoholische drank. De antwoorden van 312 meisjes (0) en jongens (1) op de 34 stellingen staan in de dataset.
Voer een factoranalyse uit met principal axis factoring met 2 factoren en een niet-orthogonale promax rotatie. Wat is de correlatie tussen factor 1 en factor 2? (3 decimalen)
Open de dataset hieronder om deze vraag te beantwoorden:
* Download** [SPSS file](eur-factor-410-en-data.sav), [CSV file](eur-factor-410-en-data.csv)
",num,"Factor analysis/Factor correlation matrix, Factor analysis/Exploratory factor analysis, Factor analysis/Rotations","Interpreting output, Performing analysis",SPSS,Dutch,Statistical Literacy,5b51b,Factor analysis/Factor correlation matrix,2026-01-12
2257,Inferential_Statistics/eur-inferential_statistics-120-en,eur-inferential_statistics-120-en,"* Nowledge about the professional field.*
A knowledge test about the professional field of psychologists and pedagogues consists of 20 items and was administered to 202 students in the master's program in psychology and pedagogy. The total number of correctly answered questions is shown in the variable [total score]. The variable [education] indicates whether a person is studying pedagogy (0) or psychology (1).
Open the data file.
A researcher wants to see if he can predict total score with IQ score and wonders if the relationship is different for psychologists and pedagogues [education]. Perform a regression analysis to investigate this question. What is the unstandardized regression weight of the interaction effect education x IQscore? (3 decimal places)

* Download**: [SPSS file](eur-inferential_statistics-120-en-data.sav), [CSV file](eur-inferential_statistics-120-en-data.csv)
",num,Inferential Statistics/Regression/Multiple linear regression,Performing analysis,SPSS,English,Statistical Literacy,40d3c,Inferential Statistics/Multiple linear regression,2026-01-12
2258,Inferential_Statistics/eur-inferential_statistics-120-nl,eur-inferential_statistics-120-nl,"*Kennis over het beroepsveld.*
Een kennistoets over het beroepsveld van psychologen en pedagogen bestaat uit 20 items en is afgenomen bij 202 studenten uit de master psychologie en pedagogiek. Het totale aantal correct beantwoorde vragen is weergegeven in de variabele [totaalscore]. De variabele [opleiding] geeft aan of iemand pedagogiek (0) of psychologie (1) studeert.
Open het databestand.
Een onderzoeker wil bekijken of hij de totaalscore kan voorspellen met een IQscore en vraagt zicht af of de relatie verschillend is voor psychologen en pedagogen [opleiding]. Voer een regressie analyse uit om deze vraag te onderzoeken. Wat is het ongestandaardiseerde regressiegewicht van het interactie-effect opleiding x IQscore? (3 decimalen)

**Download**: [SPSS file](eur-inferential_statistics-120-nl-data.sav), [CSV file](eur-inferential_statistics-120-nl-data.csv)
",num,Inferential Statistics/Regression/Multiple linear regression,Performing analysis,SPSS,Dutch,Statistical Literacy,a9a94,Inferential Statistics/Multiple linear regression,2026-01-12
2259,Inferential_Statistics/eur-inferential_statistics-121-en,eur-inferential_statistics-121-en,"* Nowledge about the professional field.*
A knowledge test about the professional field of psychologists and pedagogues consists of 20 items and was administered to 202 students in the master's degree program in psychology and pedagogy. The total number of correctly answered questions is shown in the variable [total score]. The variable [education] indicates whether a person is studying pedagogy (0) or psychology (1). The variable [master direction] indicates which subject direction someone is studying, namely clinical child and adolescent (0), remedial pedagogy (1), brain and cognition (2) or work and organizational psychology (3).
Open the data file.
A researcher thinks there are differences in total scores between students who took clinical child and adolescent; orthopedagogy; brain and cognition and labor and organizational psychology. (variable [master's direction]). Conduct an analysis to examine whether students from different master's disciplines differ in mean total score [total score]. What is the effect size (partial eta squared) of this effect (3 decimal places)?
* Download**: [SPSS file](eur-inferential_statistics-121-en-data.sav), [CSV file](eur-inferential_statistics-121-en-data.csv)
",num,Inferential Statistics/Effect size/Eta squared,Performing analysis,SPSS,English,Statistical Literacy,b97ef,Inferential Statistics/Eta squared,2026-01-12
2260,Inferential_Statistics/eur-inferential_statistics-121-nl,eur-inferential_statistics-121-nl,"*Kennis over het beroepsveld.*
Een kennistoets over het beroepsveld van psychologen en pedagogen bestaat uit 20 items en is afgenomen bij 202 studenten uit de master psychologie en pedagogiek. Het totale aantal correct beantwoorde vragen is weergegeven in de variabele [totaalscore]. De variabele [opleiding] geeft aan of iemand pedagogiek (0) of psychologie (1) studeert. De variabele [masterrichting] geeft aan welke materrichting iemand volgt, namelijk klinische kinder en jeugd (0), orthopedagogiek (1), brein en cognitie (2) of arbeids- en organisatie psychologie (3).
Open het databestand.
Een onderzoeker denkt dat er verschillen zijn in totaalscore tussen studenten die klinische kinder en jeugd; orthopedagogiek; brein en cognitie en arbeids- en organisatie psychologie hebben gedaan. (variabele [masterrichting]). Voer een analyse uit om te onderzoeken of studenten uit verschillende masterrichtingen verschillen in gemiddelde totaalscore [totaalscore]. Wat is de effect size (partial eta squared) van dit effect? (3 decimalen)
**Download**: [SPSS file](eur-inferential_statistics-121-nl-data.sav), [CSV file](eur-inferential_statistics-121-nl-data.csv)
",num,Inferential Statistics/Effect size/Eta squared,Performing analysis,SPSS,Dutch,Statistical Literacy,376ee,Inferential Statistics/Eta squared,2026-01-12
2261,Inferential_Statistics/eur-inferential_statistics-122-en,eur-inferential_statistics-122-en,"A researcher is interested in the consequences of the 2008 financial crisis for 16- and 17-year olds. She wants to predict their leisure expenses in November 2012 [expenses_nov] from a number of predictors. She collected data from 202 teenagers: 1) leisure expenses in November 2012 [expenses_nov]; 2) leisure expenses in July 2012 [expenses_jul]; 3) income from their side occupation in November 2012 [salary_nov]; 4) time spent on studying [studytime]; and 5) their educational level [education] (1 = vmbo, 2 = havo, 3 = vwo)*.
**translation for the Dutch education levels: (1 = Lower General Secondary Education, 2 = Higher General Secondary Education, 3 = Pre-university Education)*

Open the data file.
Predict leisure expenses in November 2012 [expenses_nov] from leisure expenses in July 2012 [expenses_jul], income from their side occupation in November 2012 [salary_nov], and time spent on studying [studytime]. What is proportion explained variance of this model (in the sample)? (3 decimals)
**Download**: [SPSS file](eur-inferential_statistics-122-en-data.sav), [CSV file](eur-inferential_statistics-122-en-data.csv)
",num,Inferential Statistics/Regression/R squared,Performing analysis,SPSS,English,Statistical Literacy,95c73,Inferential Statistics/R squared,2026-01-12
2262,Inferential_Statistics/eur-inferential_statistics-122-nl,eur-inferential_statistics-122-nl,"Een onderzoeker is geïnteresseerd in de gevolgen van de financiële crisis van 2008 voor 16- en 17 jarigen en wil graag hun uitgaven aan vrije tijd in november 2012 [expenses_nov] voorspellen aan de hand van een aantal predictoren. Ze heeft de volgende gegevens verzameld bij 202 jongeren: 1) De uitgaven in de maand november 2012 [expenses_nov]; 2) de uitgaven in de maand juli 2012 [expenses_jul]; 3) de inkomsten uit een bijbaan in november 2012 [salary_nov]; 4) het aantal uren dat de jongeren gemiddeld aan hun studie besteedden in de maand december 2012 [studytime]; en 5) het opleidingsniveau [education] (1 = vmbo, 2 = havo, 3 = vwo). 
Open het databestand.
Voorspel de uitgaven in november 2012 [expenses_nov] uit de uitgaven in de maand juli 2012 [expenses_jul], de inkomsten uit een bijbaan in december 2012 [salary_nov] en studietijd [studytime]. Wat is de proportie verklaarde variantie van dit model (in de steekproef)? (3 decimalen)
**Download**: [SPSS file](eur-inferential_statistics-122-nl-data.sav), [CSV file](eur-inferential_statistics-122-nl-data.csv)
",num,Inferential Statistics/Regression/R squared,Performing analysis,SPSS,Dutch,Statistical Literacy,864b0,Inferential Statistics/R squared,2026-01-12
2263,Inferential_Statistics/eur-inferential_statistics-123-en,eur-inferential_statistics-123-en,"A researcher is interested in the consequences of the financial crisis for 16- and 17-year olds. She wants to predict their leisure expenses in November 2012 [expenses_nov] from a number of predictors. She collected data from 202 teenagers: 1) leisure expenses in November 2012 [expenses_nov]; 2) leisure expenses in July 2012 [expenses_jul]; 3) income from their side occupation in November 2012 [salary_nov]; 4) time spent on studying [studytime]; and 5) their educational level [education] (1 = vmbo, 2 = havo, 3 = vwo)*.
**translation for the Dutch education levels: (1 = Lower General Secondary Education, 2 = Higher General Secondary Education, 3 = Pre-university Education)*
Open the data file. Check for outlier assumptions on November's expenses.
What is for this model the standardized residual for the person that spent 264.2 Euro on leisure in November 2012 [expenses_nov]? (3 decimals)
**Download**: [SPSS file](eur-inferential_statistics-123-en-data.sav), [CSV file](eur-inferential_statistics-123-en-data.csv)
",num,Inferential Statistics/Regression/Residuals,Performing analysis,SPSS,English,Statistical Literacy,6b57b,Inferential Statistics/Residuals,2026-01-12
2264,Inferential_Statistics/eur-inferential_statistics-123-nl,eur-inferential_statistics-123-nl,"Een onderzoeker is geïnteresseerd in de gevolgen van de financiële crisis voor 16- en 17 jarigen en wil graag hun uitgaven aan vrije tijd in november 2012 [expenses_nov] voorspellen aan de hand van een aantal predictoren. Ze heeft de volgende gegevens verzameld bij 202 jongeren: 1) De uitgaven in de maand november 2012 [expenses_nov]; 2) de uitgaven in de maand juli 2012 [expenses_jul]; 3) de inkomsten uit een bijbaan in november 2012 [salary_nov]; 4) het aantal uren dat de jongeren gemiddeld aan hun studie besteedden in de maand december 2012 [studytime]; en 5) het opleidingsniveau [education] (1 = vmbo, 2 = havo, 3 = vwo). 
Open het databestand.
Voorspel de uitgaven in november 2012 [expenses_nov] uit de uitgaven in de maand juli 2012 [expenses_jul], de inkomsten uit een bijbaan in december 2012 [salary_nov] en studietijd [studytime].
Wat is in dit model het gestandaardiseerde residu voor de persoon die 264.2 euro aan uitgaven had in november 2012 [expenses_nov]? (3 decimalen)
**Download**: [SPSS file](eur-inferential_statistics-123-nl-data.sav), [CSV file](eur-inferential_statistics-123-nl-data.csv)
",num,Inferential Statistics/Regression/Residuals,Performing analysis,SPSS,Dutch,Statistical Literacy,f7624,Inferential Statistics/Residuals,2026-01-12
2265,Inferential_Statistics/eur-inferential_statistics-124-en,eur-inferential_statistics-124-en,"A researcher is interested in the consequences of the financial crisis for 16- and 17-year olds. She wants to predict their leisure expenses in November 2012 [expenses_nov] from a number of predictors. She collected data from 202 teenagers: 1) leisure expenses in November 2012 [expenses_nov]; 2) leisure expenses in July 2012 [expenses_jul]; 3) income from their side occupation in November 2012 [salary_nov]; 4) time spent on studying [studytime]; and 5) their educational level [education] (1 = vmbo, 2 = havo, 3 = vwo)*.
**translation for the Dutch education levels: (1 = Lower General Secondary Education, 2 = Higher General Secondary Education, 3 = Pre-university Education)*
Open the data file.
What is in this model the standardized regression coefficient for leisure expenses in July 2012 [expenses_jul]? (3 decimals)
**Download**: [SPSS file](eur-inferential_statistics-124-en-data.sav), [CSV file](eur-inferential_statistics-124-en-data.csv)
",num,"Inferential Statistics/Regression/Standardized coefficient, Inferential Statistics/Regression/Simple linear regression",Performing analysis,SPSS,English,Statistical Literacy,fba54,Inferential Statistics/Standardized coefficient,2026-01-12
2266,Inferential_Statistics/eur-inferential_statistics-124-nl,eur-inferential_statistics-124-nl,"Een onderzoeker is geïnteresseerd in de gevolgen van de financiële crisis voor 16- en 17 jarigen en wil graag hun uitgaven aan vrije tijd in november 2012 [expenses_nov] voorspellen aan de hand van een aantal predictoren. Ze heeft de volgende gegevens verzameld bij 202 jongeren: 1) De uitgaven in de maand november 2012 [expenses_nov]; 2) de uitgaven in de maand juli 2012 [expenses_jul]; 3) de inkomsten uit een bijbaan in november 2012 [salary_nov]; 4) het aantal uren dat de jongeren gemiddeld aan hun studie besteedden in de maand december 2012 [studytime]; en 5) het opleidingsniveau [education] (1 = vmbo, 2 = havo, 3 = vwo). 
Open het databestand. Voorspel de uitgaven in november 2012 [expenses_nov] uit de uitgaven in de maand juli 2012 [expenses_jul], de inkomsten uit een bijbaan in december 2012 [salary_nov] en studietijd [studytime]. 
Wat is in dit model de gestandaardiseerde regressiecoëfficiënt voor uitgaven in juli 2012 [expenses_jul]? (3 decimalen)
**Download**: [SPSS file](eur-inferential_statistics-124-nl-data.sav), [CSV file](eur-inferential_statistics-124-nl-data.csv)
",num,Inferential Statistics/Regression/Standardized coefficient,Performing analysis,SPSS,Dutch,Statistical Literacy,c5907,Inferential Statistics/Standardized coefficient,2026-01-12
2267,Inferential_Statistics/eur-inferential_statistics-125-en,eur-inferential_statistics-125-en,"A researcher is interested in the consequences of the financial crisis for 16- and 17-year olds. She wants to predict their leisure expenses in November 2012 [expenses_nov] from a number of predictors. She collected data from 202 teenagers: 1) leisure expenses in November 2012 [expenses_nov]; 2) leisure expenses in July 2012 [expenses_jul]; 3) income from their side occupation in November 2012 [salary_nov]; 4) time spent on studying [studytime]; and 5) their educational level [education] (1 = vmbo, 2 = havo, 3 = vwo)*.
**translation for the Dutch education levels: (1 = Lower General Secondary Education, 2 = Higher General Secondary Education, 3 = Pre-university Education)*
Open the data file.
What is in this model the predicted leisure expense in November 2012 for the teenager with respondent number [pp] 63? (no decimals)
**Download**: [SPSS file](eur-inferential_statistics-125-en-data.sav), [CSV file](eur-inferential_statistics-125-en-data.csv)
",num,"Inferential Statistics/Regression/Prediction, Inferential Statistics/Regression/Simple linear regression, Inferential Statistics/Regression/Equation",Performing analysis,SPSS,English,Statistical Literacy,6faa7,Inferential Statistics/Prediction,2026-01-12
2268,Inferential_Statistics/eur-inferential_statistics-125-nl,eur-inferential_statistics-125-nl,"Een onderzoeker is geïnteresseerd in de gevolgen van de financiële crisis voor 16- en 17 jarigen en wil graag hun uitgaven aan vrije tijd in november 2012 [expenses_nov] voorspellen aan de hand van een aantal predictoren. Ze heeft de volgende gegevens verzameld bij 202 jongeren: 1) De uitgaven in de maand november 2012 [expenses_nov]; 2) de uitgaven in de maand juli 2012 [expenses_jul]; 3) de inkomsten uit een bijbaan in november 2012 [salary_nov]; 4) het aantal uren dat de jongeren gemiddeld aan hun studie besteedden in de maand december 2012 [studytime]; en 5) het opleidingsniveau [education] (1 = vmbo, 2 = havo, 3 = vwo). 
Open het databestand. Voorspel de uitgaven in november 2012 [expenses_nov] uit de uitgaven in de maand juli 2012 [expenses_jul], de inkomsten uit een bijbaan in december 2012 [salary_nov] en studietijd [studytime]. 
Wat is in dit model de voorspelde uitgave in november 2012 voor de jongere met proefpersoonnummer [pp] 63? (geen decimalen)
**Download**: [SPSS file](eur-inferential_statistics-125-nl-data.sav), [CSV file](eur-inferential_statistics-125-nl-data.csv)
",num,Inferential Statistics/Regression/Prediction,Performing analysis,SPSS,Dutch,Statistical Literacy,2f5d0,Inferential Statistics/Prediction,2026-01-12
2269,Inferential_Statistics/eur-inferential_statistics-126-en,eur-inferential_statistics-126-en,"A researcher is interested in the consequences of the financial crisis for 16- and 17-year olds. She wants to predict their leisure expenses in November 2012 [expenses_nov] from a number of predictors. She collected data from 202 teenagers: 1) leisure expenses in November 2012 [expenses_nov]; 2) leisure expenses in July 2012 [expenses_jul]; 3) income from their side occupation in November 2012 [salary_nov]; 4) time spent on studying [studytime]; and 5) their educational level [education] (1 = vmbo, 2 = havo, 3 = vwo)*.
**translation for the Dutch education levels: (1 = Lower General Secondary Education, 2 = Higher General Secondary Education, 3 = Pre-university Education)*
Open the data file.
How much did the proportion of explained variance in leisure expenses in November 2012 [expenses_nov] increase after the variable educational level [education] was added as a predictor to the model? 
**Download**: [SPSS file](eur-inferential_statistics-126-en-data.sav), [CSV file](eur-inferential_statistics-126-en-data.csv)
",num,"Inferential Statistics/Regression/R squared, Inferential Statistics/Regression/Prediction",Performing analysis,SPSS,English,Statistical Literacy,9d6b2,Inferential Statistics/R squared,2026-01-12
2270,Inferential_Statistics/eur-inferential_statistics-126-nl,eur-inferential_statistics-126-nl,"Een onderzoeker is geïnteresseerd in de gevolgen van de financiële crisis voor 16- en 17 jarigen en wil graag hun uitgaven aan vrije tijd in november 2012 [expenses_nov] voorspellen aan de hand van een aantal predictoren. Ze heeft de volgende gegevens verzameld bij 202 jongeren: 1) De uitgaven in de maand november 2012 [expenses_nov]; 2) de uitgaven in de maand juli 2012 [expenses_jul]; 3) de inkomsten uit een bijbaan in november 2012 [salary_nov]; 4) het aantal uren dat de jongeren gemiddeld aan hun studie besteedden in de maand december 2012 [studytime]; en 5) het opleidingsniveau [education] (1 = vmbo, 2 = havo, 3 = vwo). 
Open het databestand. Voorspel de uitgaven in november 2012 [expenses_nov] uit de uitgaven in de maand juli 2012 [expenses_jul], de inkomsten uit een bijbaan in december 2012 [salary_nov] en studietijd [studytime]. 
Breid het model vervolgens uit met de variabele opleidingsniveau [education]. Je dient hiervoor eerst dummy variabelen aan te maken. Laat opleiding = “vmbo” de referentiegroep zijn. Hoeveel is de proportie verklaarde variantie in uitgaven in november 2012 [expenses_nov] toegenomen doordat de variabele opleidingsniveau [education] als predictor aan het model is toegevoegd? (3 decimalen)
**Download**: [SPSS file](eur-inferential_statistics-126-nl-data.sav), [CSV file](eur-inferential_statistics-126-nl-data.csv)
",num,"Inferential Statistics/Regression/R squared, Inferential Statistics/Regression/Prediction",Performing analysis,SPSS,Dutch,Statistical Literacy,44bb3,Inferential Statistics/R squared,2026-01-12
2271,Inferential_Statistics/eur-inferential_statistics-127-en,eur-inferential_statistics-127-en,"Research has shown that when people learn words from a foreign language they better remember those words if they first study the words and then test themselves trying to recollect the words, compared to just studying the words twice. A researcher from the institute of psychology wants to know whether this so-called testing effect can be proven to exist in the classroom. She divides a group of 60 students into three groups [condition]. The students in group 1 study a list of 30 French words and their Dutch translation twice (1 = restudy). The students in group 2 study the list of 30 French words and their Dutch translation once and then test themselves (2 = testing). The students in group 3 just study the list of 30 French words and their Dutch translation once without testing themselves (3 = study_once). A week after the study phase, the students took a test where they had to give the Dutch translation of the 30 French words that they studied earlier. The total number of correct translations is represented by the variable score [score]. Additionally, the researcher included for each student his/her French grade [French].
Open the data file.
What is the average amount of error variance (Mean Square Error) in this model? (3 decimals)
**Download**: [SPSS file](eur-inferential_statistics-127-en-data.sav), [CSV file](eur-inferential_statistics-127-en-data.csv)
",num,"Inferential Statistics/Regression/Regression F-test, Inferential Statistics/Regression/Sum of squares",Performing analysis,SPSS,English,Statistical Literacy,59b5b,Inferential Statistics/Regression F-test,2026-01-12
2272,Inferential_Statistics/eur-inferential_statistics-127-nl,eur-inferential_statistics-127-nl,"Uit onderzoek is gebleken dat wanneer mensen woordjes leren uit een vreemde taal zij deze woordjes op de lange termijn beter kunnen onthouden wanneer zij de woordjes eerst bestuderen en daarna zichzelf testen op de woordjes, dan wanneer zij de woordjes twee keer bestuderen. Een onderzoeker aan het instituut voor psychologie wil weten of dit zogenaamde testing effect zich ook in het klaslokaal openbaart. Ze deelt een groep van 60 4VWO leerlingen in in drie groepen [condition]. De leerlingen in groep 1 bestuderen 2 keer achter elkaar een lijst met 30 nieuwe Franse woordjes (1 = restudy), de leerlingen in groep 2 bestuderen dezelfde lijst 1 keer en testen zichzelf daarna (2 = testing). Hierbij moeten ze hun hand op de Nederlandse vertaling van de Franse woordjes leggen en zelf bedenken wat de betekenis is. Leerlingen in groep 3 bestuderen de lijst met Franse woordjes slechts 1 keer (3 = study_once). Een week na het bestuderen krijgen alle leerlingen een test waarbij zij de 30 Franse woordjes opnieuw te zien krijgen en de Nederlandse vertaling moeten geven. Het totaal aantal correcte vertalingen staat weergegeven in de variabele score [score]. De onderzoeker heeft verder nog voor iedere leerling het rapportcijfer voor Frans [French] verzameld.
Open het databestand. Doe een analyse om te bepalen of er verschil is tussen de drie condities [condition] op het aantal correct Nederlandse vertalingen
Hoe groot is de gemiddelde error variantie (Mean Square Error) van dit model? (3 decimalen)
**Download**: [SPSS file](eur-inferential_statistics-127-nl-data.sav), [CSV file](eur-inferential_statistics-127-nl-data.csv)
",num,"Inferential Statistics/Regression/Regression F-test, Inferential Statistics/Regression/Sum of squares",Performing analysis,SPSS,Dutch,Statistical Literacy,c4a1e,Inferential Statistics/Regression F-test,2026-01-12
2273,Inferential_Statistics/eur-inferential_statistics-128-en,eur-inferential_statistics-128-en,"Research has shown that when people learn words from a foreign language they better remember those words if they first study the words and then test themselves trying to recollect the words, compared to just studying the words twice. A researcher from the institute of psychology wants to know whether this so-called testing effect can be proven to exist in the classroom. She divides a group of 60 students into three groups [condition]. The students in group 1 study a list of 30 French words and their Dutch translation twice (1 = restudy). The students in group 2 study the list of 30 French words and their Dutch translation once and then test themselves (2 = testing). The students in group 3 just study the list of 30 French words and their Dutch translation once without testing themselves (3 = study_once). A week after the study phase, the students took a test where they had to give the Dutch translation of the 30 French words that they studied earlier. The total number of correct translations is represented by the variable score [score]. Additionally, the researcher included for each student his/her French grade [French].
Open the data file.
Conduct Post-Hoc tests to determine whether the performance [score] of students in the testing condition (testing) differs from students in the re-studying condition (restudy). What is the standard error of this difference? (3 decimals)
**Download**: [SPSS file](eur-inferential_statistics-128-en-data.sav), [CSV file](eur-inferential_statistics-128-en-data.csv)
",num,"Inferential Statistics/Regression/Standard error of the estimate, Inferential Statistics/Parametric Techniques/ANOVA/Oneway ANOVA",Performing analysis,SPSS,English,Statistical Literacy,ecf0b,Inferential Statistics/Standard error of the estimate,2026-01-12
2274,Inferential_Statistics/eur-inferential_statistics-128-nl,eur-inferential_statistics-128-nl,"Uit onderzoek is gebleken dat wanneer mensen woordjes leren uit een vreemde taal zij deze woordjes op de lange termijn beter kunnen onthouden wanneer zij de woordjes eerst bestuderen en daarna zichzelf testen op de woordjes, dan wanneer zij de woordjes twee keer bestuderen. Een onderzoeker aan het instituut voor psychologie wil weten of dit zogenaamde testing effect zich ook in het klaslokaal openbaart. Ze deelt een groep van 60 4VWO leerlingen in in drie groepen [condition]. De leerlingen in groep 1 bestuderen 2 keer achter elkaar een lijst met 30 nieuwe Franse woordjes (1 = restudy), de leerlingen in groep 2 bestuderen dezelfde lijst 1 keer en testen zichzelf daarna (2 = testing). Hierbij moeten ze hun hand op de Nederlandse vertaling van de Franse woordjes leggen en zelf bedenken wat de betekenis is. Leerlingen in groep 3 bestuderen de lijst met Franse woordjes slechts 1 keer (3 = study_once). Een week na het bestuderen krijgen alle leerlingen een test waarbij zij de 30 Franse woordjes opnieuw te zien krijgen en de Nederlandse vertaling moeten geven. Het totaal aantal correcte vertalingen staat weergegeven in de variabele score [score]. De onderzoeker heeft verder nog voor iedere leerling het rapportcijfer voor Frans [French] verzameld.
Open het databestand. Doe een analyse om te bepalen of er verschil is tussen de drie condities [condition] op het aantal correct Nederlandse vertalingen
Doe een post-hoc toets om te bepalen of de prestatie [score] van leerlingen die in de testing conditie zaten (testing) verschilt van de leerlingen die de woordjes twee keer bestudeerd hebben (restudy) hebben gekregen. Hoe groot is de standard error van dit verschil? (3 decimalen)

**Download**: [SPSS file](eur-inferential_statistics-128-nl-data.sav), [CSV file](eur-inferential_statistics-128-nl-data.csv)
",num,"Inferential Statistics/Regression/Standard error of the estimate, Inferential Statistics/Parametric Techniques/ANOVA/Oneway ANOVA, Inferential Statistics/Parametric Techniques/ANOVA/Post-hoc test",Performing analysis,SPSS,Dutch,Statistical Literacy,5eb53,Inferential Statistics/Standard error of the estimate,2026-01-12
2275,Inferential_Statistics/eur-inferential_statistics-129-en,eur-inferential_statistics-129-en,"Research has shown that when people learn words from a foreign language they better remember those words if they first study the words and then test themselves trying to recollect the words, compared to just studying the words twice. A researcher from the institute of psychology wants to know whether this so-called testing effect can be proven to exist in the classroom. She divides a group of 60 students into three groups [condition]. The students in group 1 study a list of 30 French words and their Dutch translation twice (1 = restudy). The students in group 2 study the list of 30 French words and their Dutch translation once and then test themselves (2 = testing). The students in group 3 just study the list of 30 French words and their Dutch translation once without testing themselves (3 = study_once). A week after the study phase, the students took a test where they had to give the Dutch translation of the 30 French words that they studied earlier. The total number of correct translations is represented by the variable score [score]. Additionally, the researcher included for each student his/her French grade [French].
Open the data file.
The researcher wants to know whether there is an effect of [condition] on performance [score] while controlling for French grades [French]. Before she can conduct the appropriate analysis, she wants to test whether the three groups differ with respect to their average French grade [French]. What is the F-value for this latter test? (3 decimals)
**Download**: [SPSS file](eur-inferential_statistics-129-en-data.sav), [CSV file](eur-inferential_statistics-129-en-data.csv)
",num,Inferential Statistics/Regression/Regression F-test,Performing analysis,SPSS,English,Statistical Literacy,d80cf,Inferential Statistics/Regression F-test,2026-01-12
2276,Inferential_Statistics/eur-inferential_statistics-129-nl,eur-inferential_statistics-129-nl,"Uit onderzoek is gebleken dat wanneer mensen woordjes leren uit een vreemde taal zij deze woordjes op de lange termijn beter kunnen onthouden wanneer zij de woordjes eerst bestuderen en daarna zichzelf testen op de woordjes, dan wanneer zij de woordjes twee keer bestuderen. Een onderzoeker aan het instituut voor psychologie wil weten of dit zogenaamde testing effect zich ook in het klaslokaal openbaart. Ze deelt een groep van 60 4VWO leerlingen in in drie groepen [condition]. De leerlingen in groep 1 bestuderen 2 keer achter elkaar een lijst met 30 nieuwe Franse woordjes (1 = restudy), de leerlingen in groep 2 bestuderen dezelfde lijst 1 keer en testen zichzelf daarna (2 = testing). Hierbij moeten ze hun hand op de Nederlandse vertaling van de Franse woordjes leggen en zelf bedenken wat de betekenis is. Leerlingen in groep 3 bestuderen de lijst met Franse woordjes slechts 1 keer (3 = study_once). Een week na het bestuderen krijgen alle leerlingen een test waarbij zij de 30 Franse woordjes opnieuw te zien krijgen en de Nederlandse vertaling moeten geven. Het totaal aantal correcte vertalingen staat weergegeven in de variabele score [score]. De onderzoeker heeft verder nog voor iedere leerling het rapportcijfer voor Frans [French] verzameld.
Open het databestand.
De onderzoeker wil weten of er een effect is van conditie [condition] op prestatie [score] wanneer er gecorrigeerd wordt rapportcijfer Frans [French]. Voordat zij dit kan onderzoeken wil ze eerst checken of de drie groepen niet verschillen wat betreft hun gemiddelde rapportcijfer Frans [French]. Wat is de F-waarde die hoort bij deze (laatste) toets? (3 decimalen)
**Download**: [SPSS file](eur-inferential_statistics-129-nl-data.sav), [CSV file](eur-inferential_statistics-129-nl-data.csv)
",num,Inferential Statistics/Regression/Regression F-test,Performing analysis,SPSS,Dutch,Statistical Literacy,4d7d9,Inferential Statistics/Regression F-test,2026-01-12
2277,Inferential_Statistics/eur-inferential_statistics-130-en,eur-inferential_statistics-130-en,"Research has shown that when people learn words from a foreign language they better remember those words if they first study the words and then test themselves trying to recollect the words, compared to just studying the words twice. A researcher from the institute of psychology wants to know whether this so-called testing effect can be proven to exist in the classroom. She divides a group of 60 students into three groups [condition]. The students in group 1 study a list of 30 French words and their Dutch translation twice (1 = restudy). The students in group 2 study the list of 30 French words and their Dutch translation once and then test themselves (2 = testing). The students in group 3 just study the list of 30 French words and their Dutch translation once without testing themselves (3 = study_once). A week after the study phase, the students took a test where they had to give the Dutch translation of the 30 French words that they studied earlier. The total number of correct translations is represented by the variable score [score]. Additionally, the researcher included for each student his/her French grade [French].
Open the data file.
What is in the model with outcome variable [score], independent variable [condition], and covariate [French], the unstandardized regression coefficient of French grade [French]? (3 decimals)
**Download**: [SPSS file](eur-inferential_statistics-130-en-data.sav), [CSV file](eur-inferential_statistics-130-en-data.csv)
",num,Inferential Statistics/Regression/Regression F-test,Performing analysis,SPSS,English,Statistical Literacy,0ef24,Inferential Statistics/Regression F-test,2026-01-12
2278,Inferential_Statistics/eur-inferential_statistics-130-nl,eur-inferential_statistics-130-nl,"Uit onderzoek is gebleken dat wanneer mensen woordjes leren uit een vreemde taal zij deze woordjes op de lange termijn beter kunnen onthouden wanneer zij de woordjes eerst bestuderen en daarna zichzelf testen op de woordjes, dan wanneer zij de woordjes twee keer bestuderen. Een onderzoeker aan het instituut voor psychologie wil weten of dit zogenaamde testing effect zich ook in het klaslokaal openbaart. Ze deelt een groep van 60 4VWO leerlingen in in drie groepen [condition]. De leerlingen in groep 1 bestuderen 2 keer achter elkaar een lijst met 30 nieuwe Franse woordjes (1 = restudy), de leerlingen in groep 2 bestuderen dezelfde lijst 1 keer en testen zichzelf daarna (2 = testing). Hierbij moeten ze hun hand op de Nederlandse vertaling van de Franse woordjes leggen en zelf bedenken wat de betekenis is. Leerlingen in groep 3 bestuderen de lijst met Franse woordjes slechts 1 keer (3 = study_once). Een week na het bestuderen krijgen alle leerlingen een test waarbij zij de 30 Franse woordjes opnieuw te zien krijgen en de Nederlandse vertaling moeten geven. Het totaal aantal correcte vertalingen staat weergegeven in de variabele score [score]. De onderzoeker heeft verder nog voor iedere leerling het rapportcijfer voor Frans [French] verzameld.
Open het databestand.
Wat is in het model met score [score] als afhankelijke variabele, conditie [condition] als onafhankeijke variabele en cijfer Frans [French] als covariaat het ongestandaardiseerde regressiegewicht van rapportcijfer Frans [French]? (3 decimalen)
**Download**: [SPSS file](eur-inferential_statistics-130-nl-data.sav), [CSV file](eur-inferential_statistics-130-nl-data.csv)
",num,"Inferential Statistics/Regression/Regression F-test, Inferential Statistics/Parametric Techniques/ANOVA/ANCOVA",Performing analysis,SPSS,Dutch,Statistical Literacy,9395d,Inferential Statistics/Regression F-test,2026-01-12
2279,Inferential_Statistics/eur-inferential_statistics-131-en,eur-inferential_statistics-131-en,"Currently, in the Netherlands, there is debate about the usefulness of long-term detention with psychiatric treatment. A psychiatrist of a Dutch long-term detention centre collected data about aggression of detainees. The detainees were observed during group treatment sessions and the level of aggressive behavior was rated at four points in time: (1) 2 days after their admission to the centre [T1_aggression] ; (2) half a year after admission [T2_aggression]; (3) a year after admission [T3_aggression]; and (4) a year and a half after admission [T4_aggression]. The level of aggressive behavior was rated by means of a semi-structured interview, resulting in scores ranging from 0 (not aggressive) to 40 (extremely aggressive). Furthermore, the psychiatrist registered whether detainees suffered from psychosis or not [psychosis].
Open the data file.
Conduct an analysis for all subjects to determine whether the level of aggressive behavior differs between the four measurements [T1_aggression, T2_aggression, T3_aggression, T4_aggression]. What is the F-value for this effect according to univariate approach? (3 decimals)
**Download**: [SPSS file](eur-inferential_statistics-131-en-data.sav), [CSV file](eur-inferential_statistics-131-en-data.csv)
",num,Inferential Statistics/Parametric Techniques/ANOVA/Oneway repeated measures ANOVA,Performing analysis,SPSS,English,Statistical Literacy,5546f,Inferential Statistics/Oneway repeated measures ANOVA,2026-01-12
2280,Inferential_Statistics/eur-inferential_statistics-131-nl,eur-inferential_statistics-131-nl,"Er is in Nederland momenteel veel discussie over het nut van langdurige opsluiting van TBS’ers. Een behandelaar van TBS kliniek de Kijvelanden heeft op 4 meetmomenten informatie verzameld over het agressieve gedrag van patiënten. De patiënten werden tijdens groepsbehandelingen geobserveerd en beoordeeld op agressief gedrag 1) 2 dagen na hun opname in de kliniek [T1_aggression] ; 2) een half jaar na hun opname [T2_aggression]; 3) een jaar na hun opname [T3_aggression]; en 4) anderhalf jaar na hun opname [T4_aggression]. Het agressieve gedrag werd gescoord middels een semi-gestructureerd interview waarbij de scores kunnen variëren van 0 (niet agressief) tot 40 (uiterst agressief). Verder registreert de behandelaar of de patiënten last hebben van psychoses of niet [psychosis].
Open het databestand.
Voer eerst voor alle proefpersonen een analyse uit om te bepalen of het agressieve gedrag verschilt voor de vier meetmomenten [T1_aggression, T2_aggression, T3_aggression, T4_aggression]. Wat is de F-waarde voor dit effect volgens de univariate benadering? (3 decimalen)
**Download**: [SPSS file](eur-inferential_statistics-131-nl-data.sav), [CSV file](eur-inferential_statistics-131-nl-data.csv)
",num,Inferential Statistics/Parametric Techniques/ANOVA/Oneway repeated measures ANOVA,Performing analysis,SPSS,Dutch,Statistical Literacy,91c54,Inferential Statistics/Oneway repeated measures ANOVA,2026-01-12
2281,Inferential_Statistics/eur-inferential_statistics-132-en,eur-inferential_statistics-132-en,"Currently, in the Netherlands, there is debate about the usefulness of long-term detention with psychiatric treatment. A psychiatrist of a Dutch long-term detention centre collected data about aggression of detainees. The detainees were observed during group treatment sessions and the level of aggressive behavior was rated at four points in time: (1) 2 days after their admission to the centre [T1_aggression] ; (2) half a year after admission [T2_aggression]; (3) a year after admission [T3_aggression]; and (4) a year and a half after admission [T4_aggression]. The level of aggressive behavior was rated by means of a semi-structured interview, resulting in scores ranging from 0 (not aggressive) to 40 (extremely aggressive). Furthermore, the psychiatrist registered whether detainees suffered from psychosis or not [psychosis].
Open the data file.
The researcher thinks that being psychotic [psychose] may influence the level of aggression over time. Conduct the appropriate analysis to test this hypothesis. What is the F-value for this effect according to univariate approach? (3 decimals)
**Download**: [SPSS file](eur-inferential_statistics-132-en-data.sav), [CSV file](eur-inferential_statistics-132-en-data.csv)
",num,Inferential Statistics/Parametric Techniques/ANOVA/Mixed design ANOVA,Performing analysis,SPSS,English,Statistical Literacy,efaab,Inferential Statistics/Mixed design ANOVA,2026-01-12
2282,Inferential_Statistics/eur-inferential_statistics-132-nl,eur-inferential_statistics-132-nl,"Er is in Nederland momenteel veel discussie over het nut van langdurige opsluiting van TBS’ers. Een behandelaar van TBS kliniek de Kijvelanden heeft op 4 meetmomenten informatie verzameld over het agressieve gedrag van patiënten. De patiënten werden tijdens groepsbehandelingen geobserveerd en beoordeeld op agressief gedrag 1) 2 dagen na hun opname in de kliniek [T1_aggression] ; 2) een half jaar na hun opname [T2_aggression]; 3) een jaar na hun opname [T3_aggression]; en 4) anderhalf jaar na hun opname [T4_aggression]. Het agressieve gedrag werd gescoord middels een semi-gestructureerd interview waarbij de scores kunnen variëren van 0 (niet agressief) tot 40 (uiterst agressief). Verder registreert de behandelaar of de patiënten last hebben van psychoses of niet [psychosis].
Open het databestand.
De onderzoeker denkt dat het wel of niet hebben van psychoses [psychosis] het verloop van het agressieve gedrag door de tijd beïnvloedt. Voer de juiste analyse uit om deze hypothese te toetsen. Wat is de F-waarde voor dit effect volgens de univariate benadering? (3 decimalen)
**Download**: [SPSS file](eur-inferential_statistics-132-nl-data.sav), [CSV file](eur-inferential_statistics-132-nl-data.csv)
",num,Inferential Statistics/Parametric Techniques/ANOVA/Mixed design ANOVA,Performing analysis,SPSS,Dutch,Statistical Literacy,a798e,Inferential Statistics/Mixed design ANOVA,2026-01-12
2283,Inferential_Statistics/eur-inferential_statistics-133-en,eur-inferential_statistics-133-en,"A researcher is interested in the influence of the drop in price for gasoline (bezine) on students who own a car. He wants to predict how many kilometers they will drive in in Januari 2015 [KM_JAN] by using a few predictors. For 202 students, the researcher has gathered the following data: 1) actual driven kilometers in Jan 2015 [KM_JAN], 2) actual driven kilometers in October 2014 [KM_OCT], 3) income for January 2015 [INCOME_JAN], 4) total kilometers traveled using public transport for February 2015 [PUB_TRANS], and 5) type of car [car] (1 = hybrid, 2 = sedan, 3 = suv).
Open the data file. 
Compute the correlations between the predictors: [KM_OCT],  [INCOME_JAN], [PUB_TRANS], and the outcome variable [KM_JAN]. Choose in this analysis a listwise exclusion of missing values. Which predictor has the highest correlation with the outcome variable? Report this correlation. (3 decimals)
**Download**: [SPSS file](eur-inferential_statistics-133-en-data.sav), [CSV file](eur-inferential_statistics-133-en-data.csv)
",num,Inferential Statistics/Parametric Techniques/Correlations/Pearson,Performing analysis,SPSS,English,Statistical Literacy,ec37e,Inferential Statistics/Pearson,2026-01-12
2284,Inferential_Statistics/eur-inferential_statistics-133-nl,eur-inferential_statistics-133-nl,"Een onderzoeker is geïnteresseerd in de gevolgen van de dalende benzineprijs op studenten met een auto en wil graag hun aantal gereden kilometers  in januari 2015 [km_jan] voorspellen aan de hand van een aantal predictoren. Ze heeft de volgende gegevens verzameld bij 202 studenten: 1) Gereden kilometers in januari 2015 [km_jan]; 2) Gereden kilometers in oktober 2014 [km_okt]; 3) de inkomsten uit een bijbaan in januari 2015 [salary_jan]; 4) het aantal kilometers dat de studenten gemiddeld afleggen met het openbaar vervoer in de maand februari 2015 [ov]; en 5) het type auto [car] (1 = hybride, 2 = sedan, 3 = suv).
Open het databestand.
Bepaal de correlaties tussen de predictoren: [km_okt], [salary_jan], [ov] en de afhankelijke variabele gereden kilometers  in januari 2015 [km_jan]. Kies hierbij voor een listwise exclusion of missing values. Welke predictor heeft de hoogste correlatie met de afhankelijke variabele? Rapporteer deze correlatie. (3 decimalen)
**Download**: [SPSS file](eur-inferential_statistics-133-nl-data.sav), [CSV file](eur-inferential_statistics-133-nl-data.csv)
",num,Inferential Statistics/Parametric Techniques/Correlations/Pearson,Performing analysis,SPSS,Dutch,Statistical Literacy,17b7e,Inferential Statistics/Pearson,2026-01-12
2285,Inferential_Statistics/eur-inferential_statistics-134-en,eur-inferential_statistics-134-en,"A researcher is interested in the influence of the drop in price for gasoline (bezine) on students who own a car. He wants to predict how many kilometers they will drive in in Januari 2015 [KM_JAN] by using a few predictors. For 202 students, the researcher has gathered the following data: 1) actual driven kilometers in Jan 2015 [KM_JAN], 2) actual driven kilometers in October 2014 [KM_OCT], 3) income for January 2015 [INCOME_JAN], 4) total kilometers traveled using public transport for February 2015 [PUB_TRANS], and 5) type of car [car] (1 = hybrid, 2 = sedan, 3 = suv).
Open the data file.
Predict the driven kilometers in January 2015 [KM_JAN] from the driven kilometers in October 2014 [KM_OCT], income for January 2015 [INCOME_JAN] and total kilometers traveled using public transport for February 2015 [PUB_TRANS]. What is the explained variance for this model (in the sample)? (3 decimals)
**Download**: [SPSS file](eur-inferential_statistics-134-en-data.sav), [CSV file](eur-inferential_statistics-134-en-data.csv)
",num,Inferential Statistics/Regression/R squared,Performing analysis,SPSS,English,Statistical Literacy,1f115,Inferential Statistics/R squared,2026-01-12
2286,Inferential_Statistics/eur-inferential_statistics-134-nl,eur-inferential_statistics-134-nl,"Een onderzoeker is geïnteresseerd in de gevolgen van de dalende benzineprijs op studenten met een auto en wil graag hun aantal gereden kilometers  in januari 2015 [km_jan] voorspellen aan de hand van een aantal predictoren. Ze heeft de volgende gegevens verzameld bij 202 studenten: 1) Gereden kilometers in januari 2015 [km_jan]; 2) Gereden kilometers in oktober 2014 [km_okt]; 3) de inkomsten uit een bijbaan in januari 2015 [salary_jan]; 4) het aantal kilometers dat de studenten gemiddeld afleggen met het openbaar vervoer in de maand februari 2015 [ov]; en 5) het type auto [car] (1 = hybride, 2 = sedan, 3 = suv).
Open het databestand.
Voorspel de gereden kilometers in januari 2015 [km_jan] uit de gereden kilometers in oktober 2014 [km_okt], de inkomsten uit een bijbaan in januari 2015 [salary_jan] en het aantal kilometers dat de studenten gemiddeld afleggen met het openbaar vervoer in de maand februari 2015 [ov]. Wat is de proportie verklaarde variantie van dit model (in de steekproef)? (3 decimalen)
**Download**: [SPSS file](eur-inferential_statistics-134-nl-data.sav), [CSV file](eur-inferential_statistics-134-nl-data.csv)
",num,Inferential Statistics/Regression/R squared,Performing analysis,SPSS,Dutch,Statistical Literacy,c5bff,Inferential Statistics/R squared,2026-01-12
2287,Inferential_Statistics/eur-inferential_statistics-135-en,eur-inferential_statistics-135-en,"A researcher is interested in the influence of the drop in price for gasoline (bezine) on students who own a car. He wants to predict how many kilometers they will drive in in Januari 2015 [KM_JAN] by using a few predictors. For 202 students, the researcher has gathered the following data: 1) actual driven kilometers in Jan 2015 [KM_JAN], 2) actual driven kilometers in October 2014 [KM_OCT], 3) income for January 2015 [INCOME_JAN], 4) total kilometers traveled using public transport for February 2015 [PUB_TRANS], and 5) type of car [car] (1 = hybrid, 2 = sedan, 3 = suv).
Open the data file.
What is the standardized residual for the person who drove 264.2 kilometers in January 2015 [KM_JAN]? (3 decimals)
**Download**: [SPSS file](eur-inferential_statistics-135-en-data.sav), [CSV file](eur-inferential_statistics-135-en-data.csv)
",num,Inferential Statistics/Regression/Standardized coefficient,Performing analysis,SPSS,English,Statistical Literacy,cea61,Inferential Statistics/Standardized coefficient,2026-01-12
2288,Inferential_Statistics/eur-inferential_statistics-135-nl,eur-inferential_statistics-135-nl,"Een onderzoeker is geïnteresseerd in de gevolgen van de dalende benzineprijs op studenten met een auto en wil graag hun aantal gereden kilometers  in januari 2015 [km_jan] voorspellen aan de hand van een aantal predictoren. Ze heeft de volgende gegevens verzameld bij 202 studenten: 1) Gereden kilometers in januari 2015 [km_jan]; 2) Gereden kilometers in oktober 2014 [km_okt]; 3) de inkomsten uit een bijbaan in januari 2015 [salary_jan]; 4) het aantal kilometers dat de studenten gemiddeld afleggen met het openbaar vervoer in de maand februari 2015 [ov]; en 5) het type auto [car] (1 = hybride, 2 = sedan, 3 = suv).
Open het databestand.
Voorspel de gereden kilometers in januari 2015 [km_jan] uit de gereden kilometers in oktober 2014 [km_okt], de inkomsten uit een bijbaan in januari 2015 [salary_jan] en het aantal kilometers dat de studenten gemiddeld afleggen met het openbaar vervoer in de maand februari 2015 [ov]. Wat is in dit model het gestandaardiseerde residu voor de persoon die 264.2 gereden kilometers had in januari 2015 [km_jan]? (3 decimalen)
**Download**: [SPSS file](eur-inferential_statistics-135-nl-data.sav), [CSV file](eur-inferential_statistics-135-nl-data.csv)
",num,"Inferential Statistics/Regression/Standardized coefficient, Inferential Statistics/Regression/Simple linear regression",Performing analysis,SPSS,Dutch,Statistical Literacy,c93e1,Inferential Statistics/Standardized coefficient,2026-01-12
2289,Inferential_Statistics/eur-inferential_statistics-136-en,eur-inferential_statistics-136-en,"A researcher is interested in the influence of the drop in price for gasoline (bezine) on students who own a car. He wants to predict how many kilometers they will drive in in Januari 2015 [KM_JAN] by using a few predictors. For 202 students, the researcher has gathered the following data: 1) actual driven kilometers in Jan 2015 [KM_JAN], 2) actual driven kilometers in October 2014 [KM_OCT], 3) income for January 2015 [INCOME_JAN], 4) total kilometers traveled using public transport for February 2015 [PUB_TRANS], and 5) type of car [car] (1 = hybrid, 2 = sedan, 3 = suv).
Open the data file.
Report the standardized regression coefficient for driven kilometers in October 2014 [KM_OCT]? (3 decimals)
**Download**: [SPSS file](eur-inferential_statistics-136-en-data.sav), [CSV file](eur-inferential_statistics-136-en-data.csv)
",num,Inferential Statistics/Regression/Standardized coefficient,Performing analysis,SPSS,English,Statistical Literacy,c45da,Inferential Statistics/Standardized coefficient,2026-01-12
2290,Inferential_Statistics/eur-inferential_statistics-136-nl,eur-inferential_statistics-136-nl,"Een onderzoeker is geïnteresseerd in de gevolgen van de dalende benzineprijs op studenten met een auto en wil graag hun aantal gereden kilometers  in januari 2015 [km_jan] voorspellen aan de hand van een aantal predictoren. Ze heeft de volgende gegevens verzameld bij 202 studenten: 1) Gereden kilometers in januari 2015 [km_jan]; 2) Gereden kilometers in oktober 2014 [km_okt]; 3) de inkomsten uit een bijbaan in januari 2015 [salary_jan]; 4) het aantal kilometers dat de studenten gemiddeld afleggen met het openbaar vervoer in de maand februari 2015 [ov]; en 5) het type auto [car] (1 = hybride, 2 = sedan, 3 = suv).
Open het databestand.
Voorspel de gereden kilometers in januari 2015 [km_jan] uit de gereden kilometers in oktober 2014 [km_okt], de inkomsten uit een bijbaan in januari 2015 [salary_jan] en het aantal kilometers dat de studenten gemiddeld afleggen met het openbaar vervoer in de maand februari 2015 [ov]. Wat is in dit model de gestandaardiseerde regressiecoëfficiënt voor gereden kilometers in oktober 2014 [km_okt]? (3 decimalen)
**Download**: [SPSS file](eur-inferential_statistics-136-nl-data.sav), [CSV file](eur-inferential_statistics-136-nl-data.csv)
",num,"Inferential Statistics/Regression/Standardized coefficient, Inferential Statistics/Regression/Simple linear regression",Performing analysis,SPSS,Dutch,Statistical Literacy,061de,Inferential Statistics/Standardized coefficient,2026-01-12
2291,Inferential_Statistics/eur-inferential_statistics-137-en,eur-inferential_statistics-137-en,"A researcher is interested in the influence of the drop in price for gasoline (bezine) on students who own a car. He wants to predict how many kilometers they will drive in in Januari 2015 [KM_JAN] by using a few predictors. For 202 students, the researcher has gathered the following data: 1) actual driven kilometers in Jan 2015 [KM_JAN], 2) actual driven kilometers in October 2014 [KM_OCT], 3) income for January 2015 [INCOME_JAN], 4) total kilometers traveled using public transport for February 2015 [PUB_TRANS], and 5) type of car [car] (1 = hybrid, 2 = sedan, 3 = suv).
Open the data file.
Expand the model using the variable for type of car [car]. Create dummy variables and make ""hybrid"" your reference group. How much did the proportion of explained variance in driven kilometers in January 2015 increase after the variable car [car] was added as a predictor to the model?
**Download**: [SPSS file](eur-inferential_statistics-137-en-data.sav), [CSV file](eur-inferential_statistics-137-en-data.csv)
",num,Inferential Statistics/Regression/Multiple linear regression/R squared change,Performing analysis,SPSS,English,Statistical Literacy,9b3a9,Inferential Statistics/R squared change,2026-01-12
2292,Inferential_Statistics/eur-inferential_statistics-137-nl,eur-inferential_statistics-137-nl,"Een onderzoeker is geïnteresseerd in de gevolgen van de dalende benzineprijs op studenten met een auto en wil graag hun aantal gereden kilometers  in januari 2015 [km_jan] voorspellen aan de hand van een aantal predictoren. Ze heeft de volgende gegevens verzameld bij 202 studenten: 1) Gereden kilometers in januari 2015 [km_jan]; 2) Gereden kilometers in oktober 2014 [km_okt]; 3) de inkomsten uit een bijbaan in januari 2015 [salary_jan]; 4) het aantal kilometers dat de studenten gemiddeld afleggen met het openbaar vervoer in de maand februari 2015 [ov]; en 5) het type auto [car] (1 = hybride, 2 = sedan, 3 = suv).
Open het databestand.
Voorspel eerst de gereden kilometers in januari 2015 [km_jan] uit de gereden kilometers in oktober 2014 [km_okt], de inkomsten uit een bijbaan in januari 2015 [salary_jan] en het aantal kilometers dat de studenten gemiddeld afleggen met het openbaar vervoer in de maand februari 2015 [ov].
Breid het model uit met de variabele type auto [car]. Je dient hiervoor eerst dummy variabelen aan te maken. Laat auto= “hybride” de referentiegroep zijn. Hoeveel is de proportie verklaarde variantie in  gereden kilometers in januari 2015 [km_jan] toegenomen doordat de variabele type auto [car] als predictor aan het model is toegevoegd? (3 decimalen)
**Download**: [SPSS file](eur-inferential_statistics-137-nl-data.sav), [CSV file](eur-inferential_statistics-137-nl-data.csv)
",num,"Inferential Statistics/Regression/Multiple linear regression/R squared change, Inferential Statistics/Regression/Simple linear regression",Performing analysis,SPSS,Dutch,Statistical Literacy,fc70b,Inferential Statistics/R squared change,2026-01-12
2293,Inferential_Statistics/eur-inferential_statistics-140-en,eur-inferential_statistics-140-en,"A researcher from Erasmus University Rotterdam is investigating the possible advantages of PBL on students’ social competencies and has gathered social competency scores about students on four occasions. These scores come from observations by the researcher 2 days after their first PBL group (T1_social), six months after their first PBL tutor group (T2­_social), a year after their first PBL tutor group (T3_social) and a year and a half after their first PBL tutor group (T4_social). At these four occasions, social competence was measured using a semi-structured interview with scores varying from 0 (not social) to 40 (very social). Additionally, the researcher determines whether a student is shy or not [SHY]. 
Open the data file.
Conduct an analysis for all subjects to determine whether the level of social competency differs between the four measurements ? [T1_social, T2_social, T3_social, T4_social]. What is the F-value for this effect according to univariate approach? (3 decimals)
**Download**: [SPSS file](eur-inferential_statistics-140-en-data.sav), [CSV file](eur-inferential_statistics-140-en-data.csv)
",num,Inferential Statistics/Parametric Techniques/ANOVA/Oneway repeated measures ANOVA,Performing analysis,SPSS,English,Statistical Literacy,552bc,Inferential Statistics/Oneway repeated measures ANOVA,2026-01-12
2294,Inferential_Statistics/eur-inferential_statistics-140-nl,eur-inferential_statistics-140-nl,"Er is in het onderwijs veel aandacht voor de voordelen van PGO. Een onderzoeker aan de Erasmus Universiteit heeft op 4 meetmomenten informatie verzameld over de sociale vaardigheden van studenten. De studenten werden tijdens onderwijsgroepen geobserveerd en beoordeeld op sociale vaardigheid 1) 2 dagen na hun eerste PGO les [T1_social] ; 2) een half jaar na hun eerste PGO les [T2_social]; 3) een jaar na hun eerste PGO les [T3_social]; en 4) anderhalf jaar na hun eerste PGO les [T4_social]. Het sociale gedrag werd gescoord middels een semi-gestructureerd interview waarbij de scores kunnen variëren van 0 (niet sociaal) tot 40 (uiterst sociaal). Verder registreert de behandelaar of de patiënten last hebben van verlegenheid of niet [verlegen].
Open het databestand.
Voer eerst voor alle proefpersonen een analyse uit om te bepalen of de sociale vaardigheid verschilt voor de vier meetmomenten [T1_social, T2_social, T3_social, T4_social]. Wat is de F-waarde voor dit effect volgens de univariate benadering? (3 decimalen)
**Download**: [SPSS file](eur-inferential_statistics-140-nl-data.sav), [CSV file](eur-inferential_statistics-140-nl-data.csv)
",num,Inferential Statistics/Parametric Techniques/ANOVA/Oneway repeated measures ANOVA,Performing analysis,SPSS,Dutch,Statistical Literacy,5aacb,Inferential Statistics/Oneway repeated measures ANOVA,2026-01-12
2295,Inferential_Statistics/eur-inferential_statistics-141-en,eur-inferential_statistics-141-en,"A researcher from Erasmus University Rotterdam is investigating the possible advantages of PBL on students’ social competencies and has gathered social competency scores about students on four occasions. These scores come from observations by the researcher 2 days after their first PBL group (T1_social), six months after their first PBL tutor group (T2­_social), a year after their first PBL tutor group (T3_social) and a year and a half after their first PBL tutor group (T4_social). At these four occasions, social competence was measured using a semi-structured interview with scores varying from 0 (not social) to 40 (very social). Additionally, the researcher determines whether a student is shy or not [SHY]. 
Open the data file.
The researcher thinks that being shy or not [SHY] may influence the change in social competency over time. Conduct the appropriate analysis to test this hypothesis. What is the F-value for this effect according to univariate approach? (3 decimals)
**Download**: [SPSS file](eur-inferential_statistics-141-en-data.sav), [CSV file](eur-inferential_statistics-141-en-data.csv)
",num,Inferential Statistics/Parametric Techniques/ANOVA/Mixed design ANOVA,Performing analysis,SPSS,English,Statistical Literacy,072ae,Inferential Statistics/Mixed design ANOVA,2026-01-12
2296,Inferential_Statistics/eur-inferential_statistics-141-nl,eur-inferential_statistics-141-nl,"Er is in het onderwijs veel aandacht voor de voordelen van PGO. Een onderzoeker aan de Erasmus Universiteit heeft op 4 meetmomenten informatie verzameld over de sociale vaardigheden van studenten. De studenten werden tijdens onderwijsgroepen geobserveerd en beoordeeld op sociale vaardigheid 1) 2 dagen na hun eerste PGO les [T1_social] ; 2) een half jaar na hun eerste PGO les [T2_social]; 3) een jaar na hun eerste PGO les [T3_social]; en 4) anderhalf jaar na hun eerste PGO les [T4_social]. Het sociale gedrag werd gescoord middels een semi-gestructureerd interview waarbij de scores kunnen variëren van 0 (niet sociaal) tot 40 (uiterst sociaal). Verder registreert de behandelaar of de patiënten last hebben van verlegenheid of niet [verlegen].
Open het databestand.
De onderzoeker denkt dat het wel of niet hebben van psychoses [psychosis] het verloop van het agressieve gedrag door de tijd beïnvloedt. Voer de juist analyse uit om deze hypothese te toetsen. Wat is de F-waarde voor dit effect volgens de univariate benadering? (3 decimalen)
**Download**: [SPSS file](eur-inferential_statistics-141-nl-data.sav), [CSV file](eur-inferential_statistics-141-nl-data.csv)
",num,Inferential Statistics/Parametric Techniques/ANOVA/Mixed design ANOVA,Performing analysis,SPSS,Dutch,Statistical Literacy,81810,Inferential Statistics/Mixed design ANOVA,2026-01-12
2339,Inferential_Statistics/eur-inferential_statistics-222-en,eur-inferential_statistics-222-en,"Men and women often comment on each other's driving in the car. We look at the gender of who is behind the wheel [Driver, where male = 0, female = 1], what make of car someone drives [Car, where Ford = 1, Audi = 2, Toyota = 3, and Volkswagen = 4], the miles driven [Driven_kilometers] and the miles as a co-driver [Co-driver_kilometers]. We also look at who received a collision and who did not [Collision, where no collision = 0, did collision = 1].
Test whether the average number of Driving kilometers is significantly different from the average number of kilometers as a Co-driver. Write the p-value found in the answer box (with 3 decimal places).
* Download**: [SPSS file](eur-inferential_statistics-222-en-data.sav), [CSV file](eur-inferential_statistics-222-en-data.csv)
",num,Inferential Statistics/Parametric Techniques/t-test/Independent samples means,Performing analysis,SPSS,English,Statistical Literacy,25428,Inferential Statistics/Independent samples means,2026-01-12
2340,Inferential_Statistics/eur-inferential_statistics-222-nl,eur-inferential_statistics-222-nl,"Mannen en vrouwen hebben in de auto vaak commentaar op elkaars rijgedrag. We kijken naar het geslacht van wie er achter het stuur zit [Chauffeur, waarbij man = 0, vrouw = 1], in welk merk auto iemand rijdt [Auto, waarbij Ford = 1, Audi = 2, Toyota = 3, en Volkswagen = 4], naar de gereden kilometers [Gereden_kilometers] en naar de kilometers als bijrijder [Bijrijder_kilometers]. Ook kijken we naar wie een botsing heeft gekregen en wie niet [Botsing, waarbij geen botsing = 0, wel botsing = 1].
Toets of het gemiddelde aantal Gereden kilometers significant afwijkt van het gemiddelde aantal kilometers als Bijrijder. Schrijf de gevonden p-waarde in het antwoordvakje (met 3 cijfers achter de komma).
**Download**: [SPSS file](eur-inferential_statistics-222-nl-data.sav), [CSV file](eur-inferential_statistics-222-nl-data.csv)
",num,Inferential Statistics/Parametric Techniques/t-test/Independent samples means,Performing analysis,SPSS,Dutch,Statistical Literacy,5c08b,Inferential Statistics/Independent samples means,2026-01-12
2341,Inferential_Statistics/eur-inferential_statistics-223-en,eur-inferential_statistics-223-en,"Men and women often comment on each other's driving in the car. We look at the gender of who is behind the wheel [Driver, where male = 0, female = 1], what make of car someone drives [Car, where Ford = 1, Audi = 2, Toyota = 3, and Volkswagen = 4], the miles driven [Driven_kilometers] and the miles as a co-driver [Co-driver_kilometers]. We also look at who received a collision and who did not [Collision, where no collision = 0, did collision = 1].
What is the probability of getting a collision [Collision=1] among women [Driver]? Write the probability (not a percentage) in the answer box (with 2 decimal places).
* Download**: [SPSS file](eur-inferential_statistics-223-en-data.sav), [CSV file](eur-inferential_statistics-223-en-data.csv)
",num,Inferential Statistics/Parametric Techniques/Cross tables,"Calculation, Interpreting output, Performing analysis",SPSS,English,Statistical Literacy,c124c,Inferential Statistics/Cross tables,2026-01-12
2342,Inferential_Statistics/eur-inferential_statistics-223-nl,eur-inferential_statistics-223-nl,"Mannen en vrouwen hebben in de auto vaak commentaar op elkaars rijgedrag. We kijken naar het geslacht van wie er achter het stuur zit [Chauffeur, waarbij man = 0, vrouw = 1], in welk merk auto iemand rijdt [Auto, waarbij Ford = 1, Audi = 2, Toyota = 3, en Volkswagen = 4], naar de gereden kilometers [Gereden_kilometers] en naar de kilometers als bijrijder [Bijrijder_kilometers]. Ook kijken we naar wie een botsing heeft gekregen en wie niet [Botsing, waarbij geen botsing = 0, wel botsing = 1].
Wat is de kans op het krijgen van een botsing [Botsing=1] bij vrouwen [Chauffeur]? Schrijf de kans (geen percentage) in het antwoordvakje (met 2 cijfers achter de komma).
**Download**: [SPSS file](eur-inferential_statistics-223-nl-data.sav), [CSV file](eur-inferential_statistics-223-nl-data.csv)
",num,Inferential Statistics/Parametric Techniques/Cross tables,"Calculation, Interpreting output, Performing analysis",SPSS,Dutch,Statistical Literacy,77499,Inferential Statistics/Cross tables,2026-01-12
2349,Inferential_Statistics/eur-inferential_statistics-227-en,eur-inferential_statistics-227-en,"Men and women often comment on each other's driving in the car. We look at the gender of who is behind the wheel [Driver, where male = 0, female = 1], what make of car someone drives [Car, where Ford = 1, Audi = 2, Toyota = 3, and Volkswagen = 4], the miles driven [Driven_kilometers] and the miles as a co-driver [Co-driver_kilometers]. We also look at who received a collision and who did not [Collision, where no collision = 0, did collision = 1]....
The researcher tests whether there is a relationship between the gender of the driver and the make of the car. Write the p-value of this test in the answer box (using 3 decimal places).
* Download**: [SPSS file](eur-inferential_statistics-227-en-data.sav), [CSV file](eur-inferential_statistics-227-en-data.csv)
",num,Inferential Statistics/Parametric Techniques/Cross tables/Chi-Squared for Independence,Performing analysis,SPSS,English,Statistical Literacy,b2a46,Inferential Statistics/Chi-Squared for Independence,2026-01-12
2350,Inferential_Statistics/eur-inferential_statistics-227-nl,eur-inferential_statistics-227-nl,"Mannen en vrouwen hebben in de auto vaak commentaar op elkaars rijgedrag. We kijken naar het geslacht van wie er achter het stuur zit [Chauffeur, waarbij man = 0, vrouw = 1], in welk merk auto iemand rijdt [Auto, waarbij Ford = 1, Audi = 2, Toyota = 3, en Volkswagen = 4], naar de gereden kilometers [Gereden_kilometers] en naar de kilometers als bijrijder [Bijrijder_kilometers]. Ook kijken we naar wie een botsing heeft gekregen en wie niet [Botsing, waarbij geen botsing = 0, wel botsing = 1]..
De onderzoeker toetst of er een relatie is tussen het geslacht van de chauffeur en het merk van de auto. Schrijf de p-waarde van deze toets in het antwoordvakje (met 3 cijfers achter de komma).
**Download**: [SPSS file](eur-inferential_statistics-227-nl-data.sav), [CSV file](eur-inferential_statistics-227-nl-data.csv)
",num,Inferential Statistics/Parametric Techniques/Cross tables/Chi-Squared for Independence,Performing analysis,SPSS,Dutch,Statistical Literacy,3cb1c,Inferential Statistics/Chi-Squared for Independence,2026-01-12
2351,Inferential_Statistics/eur-inferential_statistics-228-en,eur-inferential_statistics-228-en,"Men and women often comment on each other's driving in the car. We look at the gender of who is behind the wheel [Driver, where male = 0, female = 1], what make of car someone drives [Car, where Ford = 1, Audi = 2, Toyota = 3, and Volkswagen = 4], the miles driven [Driven_kilometers] and the miles as a co-driver [Co-driver_kilometers]. We also look at who received a collision and who did not [Collision, where no collision = 0, did collision = 1].
Someone states that 45% of all drivers will be male. Is this person right or should we reject his statement? Write the p-value found for this test in the answer box (using 3 decimal places).
* Download**: [SPSS file](eur-inferential_statistics-228-en-data.sav), [CSV file](eur-inferential_statistics-228-en-data.csv)
",num,Inferential Statistics/Parametric Techniques/Cross tables/Chi-Squared for Independence,Performing analysis,SPSS,English,Statistical Literacy,e741b,Inferential Statistics/Chi-Squared for Independence,2026-01-12
2352,Inferential_Statistics/eur-inferential_statistics-228-nl,eur-inferential_statistics-228-nl,"Mannen en vrouwen hebben in de auto vaak commentaar op elkaars rijgedrag. We kijken naar het geslacht van wie er achter het stuur zit [Chauffeur, waarbij man = 0, vrouw = 1], in welk merk auto iemand rijdt [Auto, waarbij Ford = 1, Audi = 2, Toyota = 3, en Volkswagen = 4], naar de gereden kilometers [Gereden_kilometers] en naar de kilometers als bijrijder [Bijrijder_kilometers]. Ook kijken we naar wie een botsing heeft gekregen en wie niet [Botsing, waarbij geen botsing = 0, wel botsing = 1].
Iemand stelt dat 45% van alle chauffeurs een man zal zijn. Heeft deze persoon gelijk of moeten we zijn stelling verwerpen? Schrijf de gevonden p-waarde van deze toets in het antwoordvakje (met 3 cijfers achter de komma).
**Download**: [SPSS file](eur-inferential_statistics-228-nl-data.sav), [CSV file](eur-inferential_statistics-228-nl-data.csv)
",num,Inferential Statistics/Parametric Techniques/Cross tables/Chi-Squared for Independence,Performing analysis,SPSS,Dutch,Statistical Literacy,97219,Inferential Statistics/Chi-Squared for Independence,2026-01-12
2353,Inferential_Statistics/eur-inferential_statistics-229-en,eur-inferential_statistics-229-en,"A question that has puzzled researchers for years is...do you really sleep worse after watching a horror movie? To answer this question once and for all, a researcher at EUR drew a sample from all visitors to a Horror-film festival (Slasher-fest) in Rotterdam.  The participants had to indicate the length of the movie they had watched at the festival, and how many hours they had slept the night after the festival. The researcher also administered a questionnaire to the participants measuring their ""degree of anxiety,"" and recorded whether a person was male [Gender = 0] or female [Gender = 1].
If you want to know the correlation between the number of hours of sleep [HourSleep] and the number of minutes of film [MinutenFilm], look at the Pearson correlation. Give the value of this correlation. (3 decimal places)
* Download**: [SPSS file](eur-inferential_statistics-229-en-data.sav), [CSV file](eur-inferential_statistics-229-en-data.csv)
",num,Inferential Statistics/Parametric Techniques/Correlations/Pearson,Performing analysis,SPSS,English,Statistical Literacy,94a2d,Inferential Statistics/Pearson,2026-01-12
2354,Inferential_Statistics/eur-inferential_statistics-229-nl,eur-inferential_statistics-229-nl,"Een vraag die onderzoekers al jaren bezighoudt is…slaap je nu echt slechter als je naar een horror-film hebt gekeken? Om deze vraag voor eens en voor altijd te beantwoorden heeft een onderzoeker aan de EUR een steekproef getrokken uit alle bezoekers van een Horror-film festival (Slasher-fest) in Rotterdam.  De deelnemers moesten aangeven hoe lang de film was die ze hadden gekeken op het festival, en hoeveel uur ze de avond na het festival hadden geslapen. Ook heeft de onderzoeker een vragenlijst afgenomen bij de deelnemers waarmee hij hun “mate van angstigheid” kon meten, en heeft hij geregistreerd of iemand man [Geslacht = 0] of vrouw [Geslacht = 1] was.
Als je de correlatie wilt weten tussen het aantal uren slaap [UrenSlaap] en het aantal minuten film [MinutenFilm], kijk je naar de Pearson correlatie. Geef de waarde van deze correlatie. (3 decimalen)
**Download**: [SPSS file](eur-inferential_statistics-229-nl-data.sav), [CSV file](eur-inferential_statistics-229-nl-data.csv)
",num,Inferential Statistics/Parametric Techniques/Correlations/Pearson,Performing analysis,SPSS,Dutch,Statistical Literacy,33ebb,Inferential Statistics/Pearson,2026-01-12
2355,Inferential_Statistics/eur-inferential_statistics-230-en,eur-inferential_statistics-230-en,"A question that has puzzled researchers for years is...do you really sleep worse after watching a horror movie? To answer this question once and for all, a researcher at EUR drew a sample from all visitors to a Horror-film festival (Slasher-fest) in Rotterdam.  The participants had to indicate the length of the movie they had watched at the festival, and how many hours they had slept the night after the festival. The researcher also administered a questionnaire to the participants measuring their ""degree of anxiety,"" and recorded whether a person was male [Gender = 0] or female [Gender = 1].
What is the Pearson correlation between the number of hours of sleep [HourSleep] and the number of minutes of movie [MinutenFilm] among men [Gender]? (3 decimal places)
* Download**: [SPSS file](eur-inferential_statistics-230-en-data.sav), [CSV file](eur-inferential_statistics-230-en-data.csv)
",num,Inferential Statistics/Parametric Techniques/Correlations/Pearson,"Interpreting output, Performing analysis",SPSS,English,Statistical Literacy,3a3d5,Inferential Statistics/Pearson,2026-01-12
2356,Inferential_Statistics/eur-inferential_statistics-230-nl,eur-inferential_statistics-230-nl,"Een vraag die onderzoekers al jaren bezighoudt is…slaap je nu echt slechter als je naar een horror-film hebt gekeken? Om deze vraag voor eens en voor altijd te beantwoorden heeft een onderzoeker aan de EUR een steekproef getrokken uit alle bezoekers van een Horror-film festival (Slasher-fest) in Rotterdam.  De deelnemers moesten aangeven hoe lang de film was die ze hadden gekeken op het festival, en hoeveel uur ze de avond na het festival hadden geslapen. Ook heeft de onderzoeker een vragenlijst afgenomen bij de deelnemers waarmee hij hun “mate van angstigheid” kon meten, en heeft hij geregistreerd of iemand man [Geslacht = 0] of vrouw [Geslacht = 1] was.
Wat is de Pearson correlatie tussen het aantal uren slaap [UrenSlaap] en het aantal minuten film [MinutenFilm] bij de mannen [Geslacht]? (3 decimalen)
**Download**: [SPSS file](eur-inferential_statistics-230-nl-data.sav), [CSV file](eur-inferential_statistics-230-nl-data.csv)
",num,Inferential Statistics/Parametric Techniques/Correlations/Pearson,"Interpreting output, Performing analysis",SPSS,Dutch,Statistical Literacy,bfe8c,Inferential Statistics/Pearson,2026-01-12
2357,Inferential_Statistics/eur-inferential_statistics-231-en,eur-inferential_statistics-231-en,"A question that has puzzled researchers for years is.....do you really sleep worse after watching a horror movie? To answer this question once and for all, a researcher at EUR drew a sample from all visitors to a Horror-film festival (Slasher-fest) in Rotterdam.  The participants had to indicate the length of the movie they had watched at the festival, and how many hours they had slept the night after the festival. The researcher also administered a questionnaire to the participants measuring their ""degree of anxiety,"" and recorded whether a person was male [Gender = 0] or female [Gender = 1].
Investigate the extent to which you can predict the number of hours of sleep [HourSleep] a person has had based on the number of minutes of movie [MinutenFilm] that person has watched. What is the value of the test statistic for the entire model, where you predict the number of hours of sleep [HourSleep] by the number of minutes of movie [MinutenFilm]? (3 decimal places)
* Download**: [SPSS file](eur-inferential_statistics-231-en-data.sav), [CSV file](eur-inferential_statistics-231-en-data.csv)
",num,Inferential Statistics/Regression/Simple linear regression,Performing analysis,SPSS,English,Statistical Literacy,f7a66,Inferential Statistics/Simple linear regression,2026-01-12
2358,Inferential_Statistics/eur-inferential_statistics-231-nl,eur-inferential_statistics-231-nl,"Een vraag die onderzoekers al jaren bezighoudt is…..slaap je nu echt slechter als je naar een horror-film hebt gekeken? Om deze vraag voor eens en voor altijd te beantwoorden heeft een onderzoeker aan de EUR een steekproef getrokken uit alle bezoekers van een Horror-film festival (Slasher-fest) in Rotterdam.  De deelnemers moesten aangeven hoe lang de film was die ze hadden gekeken op het festival, en hoeveel uur ze de avond na het festival hadden geslapen. Ook heeft de onderzoeker een vragenlijst afgenomen bij de deelnemers waarmee hij hun “mate van angstigheid” kon meten, en heeft hij geregistreerd of iemand man [Geslacht = 0] of vrouw [Geslacht = 1] was.
Onderzoek in hoeverre je het aantal uren slaap [UrenSlaap] dat iemand heeft gehad kunt voorspellen aan de hand van het aantal minuten film [MinutenFilm] dat die persoon heeft gekeken. Wat is de waarde van de toetsstatistiek voor het hele model, waarbij je het aantal uren slaap [UrenSlaap] voorspelt aan de hand van het aantal minuten film [MinutenFilm]? (3 decimalen)
**Download**: [SPSS file](eur-inferential_statistics-231-nl-data.sav), [CSV file](eur-inferential_statistics-231-nl-data.csv)
",num,Inferential Statistics/Regression/Simple linear regression,Performing analysis,SPSS,Dutch,Statistical Literacy,a4b96,Inferential Statistics/Simple linear regression,2026-01-12
2359,Inferential_Statistics/eur-inferential_statistics-232-en,eur-inferential_statistics-232-en,"A question that has puzzled researchers for years is.....do you really sleep worse after watching a horror movie? To answer this question once and for all, a researcher at EUR drew a sample from all visitors to a Horror-film festival (Slasher-fest) in Rotterdam.  The participants had to indicate the length of the movie they had watched at the festival, and how many hours they had slept the night after the festival. The researcher also administered a questionnaire to the participants measuring their ""degree of anxiety,"" and recorded whether a person was male [Gender = 0] or female [Gender = 1].
If you want to know which of the two independent variables (predictors) measured on a different scale [MinuteFilm and Gender] better predicts the number of hours of sleep [HourSleep], TRUE should you look? Give the value of the relevant coefficient of the worst predictor. (3 decimal places)
* Download**: [SPSS file](eur-inferential_statistics-232-en-data.sav), [CSV file](eur-inferential_statistics-232-en-data.csv)
",num,Inferential Statistics/Regression/Simple linear regression,Performing analysis,SPSS,English,Statistical Literacy,cc8fe,Inferential Statistics/Simple linear regression,2026-01-12
2360,Inferential_Statistics/eur-inferential_statistics-232-nl,eur-inferential_statistics-232-nl,"Een vraag die onderzoekers al jaren bezighoudt is…..slaap je nu echt slechter als je naar een horror-film hebt gekeken? Om deze vraag voor eens en voor altijd te beantwoorden heeft een onderzoeker aan de EUR een steekproef getrokken uit alle bezoekers van een Horror-film festival (Slasher-fest) in Rotterdam.  De deelnemers moesten aangeven hoe lang de film was die ze hadden gekeken op het festival, en hoeveel uur ze de avond na het festival hadden geslapen. Ook heeft de onderzoeker een vragenlijst afgenomen bij de deelnemers waarmee hij hun “mate van angstigheid” kon meten, en heeft hij geregistreerd of iemand man [Geslacht = 0] of vrouw [Geslacht = 1] was.
Als je wilt weten welke van de twee onafhankelijke variabelen (predictoren), die op een verschillende schaal zijn gemeten [MinutenFilm en Geslacht], een betere voorspelling geeft van het aantal uren slaap [UrenSlaap], waar moet je dan kijken? Geef de waarde van de relevante coëfficiënt van de slechtste voorspeller. (3 decimalen)
**Download**: [SPSS file](eur-inferential_statistics-232-nl-data.sav), [CSV file](eur-inferential_statistics-232-nl-data.csv)
",num,Inferential Statistics/Regression/Simple linear regression,Performing analysis,SPSS,Dutch,Statistical Literacy,b8d6b,Inferential Statistics/Simple linear regression,2026-01-12
2361,Inferential_Statistics/eur-inferential_statistics-233-en,eur-inferential_statistics-233-en,"A question that has puzzled researchers for years is...do you really sleep worse after watching a horror movie? To answer this question once and for all, a researcher at EUR drew a sample from all visitors to a Horror-film festival (Slasher-fest) in Rotterdam.  The participants had to indicate the length of the movie they had watched at the festival, and how many hours they had slept the night after the festival. The researcher also administered a questionnaire to the participants measuring their ""degree of anxiety,"" and recorded whether a person was male [Gender = 0] or female [Gender = 1].
Add the variable Anxiety Score to the model that initially included only MinutenFilm as a predictor. What is the difference in proportion explained variance compared to the model with only MinutenFilm? (3 decimal places)
* Download**: [SPSS file](eur-inferential_statistics-233-en-data.sav), [CSV file](eur-inferential_statistics-233-en-data.csv)
",num,"Inferential Statistics/Regression/Simple linear regression, Inferential Statistics/Regression/R squared, Inferential Statistics/Regression/Multiple linear regression/R squared change",Performing analysis,SPSS,English,Statistical Literacy,15a60,Inferential Statistics/Simple linear regression,2026-01-12
2362,Inferential_Statistics/eur-inferential_statistics-233-nl,eur-inferential_statistics-233-nl,"Een vraag die onderzoekers al jaren bezighoudt is…slaap je nu echt slechter als je naar een horror-film hebt gekeken? Om deze vraag voor eens en voor altijd te beantwoorden heeft een onderzoeker aan de EUR een steekproef getrokken uit alle bezoekers van een Horror-film festival (Slasher-fest) in Rotterdam.  De deelnemers moesten aangeven hoe lang de film was die ze hadden gekeken op het festival, en hoeveel uur ze de avond na het festival hadden geslapen. Ook heeft de onderzoeker een vragenlijst afgenomen bij de deelnemers waarmee hij hun “mate van angstigheid” kon meten, en heeft hij geregistreerd of iemand man [Geslacht = 0] of vrouw [Geslacht = 1] was.
Voeg de variabele Angst-score toe aan het model waarin in eerste instantie alleen MinutenFilm als predictor is opgenomen. Wat is het verschil in proportie verklaarde variantie t.o.v. het model met alleen MinutenFilm? (3 decimalen)
**Download**: [SPSS file](eur-inferential_statistics-233-nl-data.sav), [CSV file](eur-inferential_statistics-233-nl-data.csv)
",num,"Inferential Statistics/Regression/Simple linear regression, Inferential Statistics/Regression/R squared, Inferential Statistics/Regression/Multiple linear regression/R squared change",Performing analysis,SPSS,Dutch,Statistical Literacy,8024a,Inferential Statistics/Simple linear regression,2026-01-12
2363,Inferential_Statistics/eur-inferential_statistics-234-en,eur-inferential_statistics-234-en,"A researcher doubts whether he would not be better off becoming an athlete after all, and if he chooses to do so, what sport would be best for him. To determine this for himself, he drew a sample from all professional athletes in the U.S. and determined what their average annual income was (in 10,000 dollars). In addition, he determined what sport [Football = 1, Basketball = 2, Baseball = 3] someone did, and whether it was a male [Gender = 0] or female [Gender = 1] athlete.
Test whether there is a difference between the three different sports [Sports] in average income [Income]. Give the F value. (3 decimal places)
* Download**: [SPSS file](eur-inferential_statistics-234-en-data.sav), [CSV file](eur-inferential_statistics-234-en-data.csv)
",num,"Inferential Statistics/Parametric Techniques/ANOVA/Oneway ANOVA, Inferential Statistics/NHST/Test statistic/F-statistic",Performing analysis,SPSS,English,Statistical Literacy,59d19,Inferential Statistics/Oneway ANOVA,2026-01-12
2364,Inferential_Statistics/eur-inferential_statistics-234-nl,eur-inferential_statistics-234-nl,"Een onderzoeker twijfelt of hij toch niet beter atleet kan worden, en als hij daarvoor kiest, welke sport hij dan het beste kan kiezen. Om dit voor zichzelf te bepalen heeft hij een steekproef getrokken uit alle professionele sporters in de VS en bepaald wat hun gemiddelde jaarlijkse inkomen was (in 10.000 dollars). Daarnaast heeft hij bepaald wat voor sport [Voetbal = 1, Basketbal = 2, Honkbal = 3] iemand deed, en of het ging om een mannelijke [Geslacht = 0] of een vrouwelijke [Geslacht = 1] atleet.
Toets of er verschil is tussen de drie verschillende sporten [Sport] in gemiddelde inkomen [inkomen]. Geef de F-waarde. (3 decimalen)
**Download**: [SPSS file](eur-inferential_statistics-234-nl-data.sav), [CSV file](eur-inferential_statistics-234-nl-data.csv)
",num,"Inferential Statistics/Parametric Techniques/ANOVA/Oneway ANOVA, Inferential Statistics/NHST/Test statistic/F-statistic",Performing analysis,SPSS,Dutch,Statistical Literacy,880a8,Inferential Statistics/Oneway ANOVA,2026-01-12
2365,Inferential_Statistics/eur-inferential_statistics-235-en,eur-inferential_statistics-235-en,"A researcher doubts whether he would not be better off becoming an athlete after all, and if he chooses to do so, what sport would be best for him. To determine this for himself, he drew a sample from all professional athletes in the U.S. and determined what their average annual income was (in 10,000 dollars). In addition, he determined what sport [Football = 1, Basketball = 2, Baseball = 3] someone did, and whether it was a male [Gender = 0] or female [Gender = 1] athlete.
In a model with the factor Sports and the dependent variable Income, what is the value of the mean residual variance (MS_within) in the sample? (3 decimal places)
* Download**: [SPSS file](eur-inferential_statistics-235-en-data.sav), [CSV file](eur-inferential_statistics-235-en-data.csv)
",num,Inferential Statistics/Parametric Techniques/ANOVA/Oneway ANOVA,Performing analysis,SPSS,English,Statistical Literacy,89471,Inferential Statistics/Oneway ANOVA,2026-01-12
2366,Inferential_Statistics/eur-inferential_statistics-235-nl,eur-inferential_statistics-235-nl,"Een onderzoeker twijfelt of hij toch niet beter atleet kan worden, en als hij daarvoor kiest, welke sport hij dan het beste kan kiezen. Om dit voor zichzelf te bepalen heeft hij een steekproef getrokken uit alle professionele sporters in de VS en bepaald wat hun gemiddelde jaarlijkse inkomen was (in 10.000 dollars). Daarnaast heeft hij bepaald wat voor sport [Voetbal = 1, Basketbal = 2, Honkbal = 3] iemand deed, en of het ging om een mannelijke [Geslacht = 0] of een vrouwelijke [Geslacht = 1] atleet.
Wat is in een model met de factor Sport en de afhankelijke variabele Inkomen de waarde van de gemiddelde residuele variantie (MS_within) in de steekproef? (3 decimalen)
**Download**: [SPSS file](eur-inferential_statistics-235-nl-data.sav), [CSV file](eur-inferential_statistics-235-nl-data.csv)
",num,Inferential Statistics/Parametric Techniques/ANOVA/Oneway ANOVA,Performing analysis,SPSS,Dutch,Statistical Literacy,e05b5,Inferential Statistics/Oneway ANOVA,2026-01-12
2367,Inferential_Statistics/eur-inferential_statistics-236-en,eur-inferential_statistics-236-en,"A researcher doubts whether he would not be better off becoming an athlete after all, and if he chooses to do so, what sport would be best for him. To determine this for himself, he drew a sample from all professional athletes in the U.S. and determined what their average annual income was (in 10,000 dollars). In addition, he determined what sport [Football = 1, Basketball = 2, Baseball = 3] someone did, and whether it was a male [Gender = 0] or female [Gender = 1] athlete.
Using the LSD correction, test pairwise differences in income [Income] between the three types of athletes [Sports]. What is the p-value associated with the statistic testing the difference between Basketball Players [Sport=2] and Baseball Players [Sport=3]? (3 decimal places).
* Download**: [SPSS file](eur-inferential_statistics-236-en-data.sav), [CSV file](eur-inferential_statistics-236-en-data.csv)
",num,"Inferential Statistics/Parametric Techniques/ANOVA/Post-hoc test, Inferential Statistics/Parametric Techniques/ANOVA/Oneway ANOVA",Performing analysis,SPSS,English,Statistical Literacy,3b4f2,Inferential Statistics/Post-hoc test,2026-01-12
2368,Inferential_Statistics/eur-inferential_statistics-236-nl,eur-inferential_statistics-236-nl,"Een onderzoeker twijfelt of hij toch niet beter atleet kan worden, en als hij daarvoor kiest, welke sport hij dan het beste kan kiezen. Om dit voor zichzelf te bepalen heeft hij een steekproef getrokken uit alle professionele sporters in de VS en bepaald wat hun gemiddelde jaarlijkse inkomen was (in 10.000 dollars). Daarnaast heeft hij bepaald wat voor sport [Voetbal = 1, Basketbal = 2, Honkbal = 3] iemand deed, en of het ging om een mannelijke [Geslacht = 0] of een vrouwelijke [Geslacht = 1] atleet.
Toets met de LSD-correctie paarsgewijs de verschillen in inkomen [Inkomen] tussen de drie soorten sporters [Sport]. Wat is de p-waarde die hoort bij de statistiek die het verschil toetst tussen de Basketballers [Sport=2] en Honkballers [Sport=3]? (3 decimalen)
**Download**: [SPSS file](eur-inferential_statistics-236-nl-data.sav), [CSV file](eur-inferential_statistics-236-nl-data.csv)
",num,"Inferential Statistics/Parametric Techniques/ANOVA/Post-hoc test, Inferential Statistics/Parametric Techniques/ANOVA/Oneway ANOVA",Performing analysis,SPSS,Dutch,Statistical Literacy,ed87c,Inferential Statistics/Post-hoc test,2026-01-12
2369,Inferential_Statistics/eur-inferential_statistics-237-en,eur-inferential_statistics-237-en,"A researcher doubts whether he would not be better off becoming an athlete after all, and if he chooses to do so, what sport would be best for him. To determine this for himself, he drew a sample from all professional athletes in the U.S. and determined what their average annual income was (in 10,000 dollars). In addition, he determined what sport [Football = 1, Basketball = 2, Baseball = 3] someone did, and whether it was a male [Gender = 0] or female [Gender = 1] athlete.
Perform an appropriate test where you include sports and gender as independent variables and income as the dependent variable. What is the Sum of Squares for the factor with the least significant main effect (3 decimal places)?
* Download**: [SPSS file](eur-inferential_statistics-237-en-data.sav), [CSV file](eur-inferential_statistics-237-en-data.csv)
",num,Inferential Statistics/Parametric Techniques/ANOVA/Twoway ANOVA,Performing analysis,SPSS,English,Statistical Literacy,23f5d,Inferential Statistics/Twoway ANOVA,2026-01-12
2370,Inferential_Statistics/eur-inferential_statistics-237-nl,eur-inferential_statistics-237-nl,"Een onderzoeker twijfelt of hij toch niet beter atleet kan worden, en als hij daarvoor kiest, welke sport hij dan het beste kan kiezen. Om dit voor zichzelf te bepalen heeft hij een steekproef getrokken uit alle professionele sporters in de VS en bepaald wat hun gemiddelde jaarlijkse inkomen was (in 10.000 dollars). Daarnaast heeft hij bepaald wat voor sport [Voetbal = 1, Basketbal = 2, Honkbal = 3] iemand deed, en of het ging om een mannelijke [Geslacht = 0] of een vrouwelijke [Geslacht = 1] atleet.
Voer een gepaste test uit waarbij je sport en geslacht als onafhankelijke variabelen meeneemt en inkomen als afhankelijke variabele. Wat is de Sum of Squares voor de factor met het minst significante hoofdeffect? (3 decimalen)
**Download**: [SPSS file](eur-inferential_statistics-237-nl-data.sav), [CSV file](eur-inferential_statistics-237-nl-data.csv)
",num,Inferential Statistics/Parametric Techniques/ANOVA/Twoway ANOVA,Performing analysis,SPSS,Dutch,Statistical Literacy,bb7ac,Inferential Statistics/Twoway ANOVA,2026-01-12
2371,Inferential_Statistics/eur-inferential_statistics-238-en,eur-inferential_statistics-238-en,"A researcher doubts whether he would not be better off becoming an athlete after all, and if he chooses to do so, what sport would be best for him. To determine this for himself, he drew a sample from all professional athletes in the U.S. and determined what their average annual income was (in 10,000 dollars). In addition, he determined what sport [Football = 1, Basketball = 2, Baseball = 3] someone did, and whether it was a male [Gender = 0] or female [Gender = 1] athlete.
The researcher wants to know if [Income] differs between the types of athletes [Sports] taking into account their gender [Sex]. Perform a 2-way ANOVA. What is men's Estimated Marginal Mean (3 decimal places)?
* Download**: [SPSS file](eur-inferential_statistics-238-en-data.sav), [CSV file](eur-inferential_statistics-238-en-data.csv)
",num,Inferential Statistics/Parametric Techniques/ANOVA/Twoway ANOVA,Performing analysis,SPSS,English,Statistical Literacy,2def1,Inferential Statistics/Twoway ANOVA,2026-01-12
2372,Inferential_Statistics/eur-inferential_statistics-238-nl,eur-inferential_statistics-238-nl,"Een onderzoeker twijfelt of hij toch niet beter atleet kan worden, en als hij daarvoor kiest, welke sport hij dan het beste kan kiezen. Om dit voor zichzelf te bepalen heeft hij een steekproef getrokken uit alle professionele sporters in de VS en bepaald wat hun gemiddelde jaarlijkse inkomen was (in 10.000 dollars). Daarnaast heeft hij bepaald wat voor sport [Voetbal = 1, Basketbal = 2, Honkbal = 3] iemand deed, en of het ging om een mannelijke [Geslacht = 0] of een vrouwelijke [Geslacht = 1] atleet.
De onderzoeker wil weten of [Inkomen] verschilt tussen de type sporters [Sport] rekening houdend met hun geslacht [geslacht]. Voer een 2-weg ANOVA uit. Wat is de Estimated Marginal Mean van mannen? (3 decimalen)
**Download**: [SPSS file](eur-inferential_statistics-238-nl-data.sav), [CSV file](eur-inferential_statistics-238-nl-data.csv)
",num,Inferential Statistics/Parametric Techniques/ANOVA/Twoway ANOVA,Performing analysis,SPSS,Dutch,Statistical Literacy,a59b0,Inferential Statistics/Twoway ANOVA,2026-01-12
2373,Inferential_Statistics/eur-inferential_statistics-239-en,eur-inferential_statistics-239-en,"A researcher doubts whether he would not be better off becoming an athlete after all, and if he chooses to do so, what sport would be best for him. To determine this for himself, he drew a sample from all professional athletes in the U.S. and determined what their average annual income was (in 10,000 dollars). In addition, he determined what sport [Football = 1, Basketball = 2, Baseball = 3] someone did, and whether it was a male [Gender = 0] or female [Gender = 1] athlete.
What is the effect size [partial eta squared] of the interaction effect of type of sport [Sport] and gender [Gender]? (3 decimal places)
* Download**: [SPSS file](eur-inferential_statistics-239-en-data.sav), [CSV file](eur-inferential_statistics-239-en-data.csv)
",num,"Inferential Statistics/Parametric Techniques/ANOVA/Twoway ANOVA, Inferential Statistics/Effect size/Eta squared",Performing analysis,SPSS,English,Statistical Literacy,43054,Inferential Statistics/Twoway ANOVA,2026-01-12
2374,Inferential_Statistics/eur-inferential_statistics-239-nl,eur-inferential_statistics-239-nl,"Een onderzoeker twijfelt of hij toch niet beter atleet kan worden, en als hij daarvoor kiest, welke sport hij dan het beste kan kiezen. Om dit voor zichzelf te bepalen heeft hij een steekproef getrokken uit alle professionele sporters in de VS en bepaald wat hun gemiddelde jaarlijkse inkomen was (in 10.000 dollars). Daarnaast heeft hij bepaald wat voor sport [Voetbal = 1, Basketbal = 2, Honkbal = 3] iemand deed, en of het ging om een mannelijke [Geslacht = 0] of een vrouwelijke [Geslacht = 1] atleet.
Wat is de effect size [partial eta squared] van het interactie-effect van type sport [Sport] en geslacht [Geslacht]? (3 decimalen)
**Download**: [SPSS file](eur-inferential_statistics-239-nl-data.sav), [CSV file](eur-inferential_statistics-239-nl-data.csv)
",num,"Inferential Statistics/Parametric Techniques/ANOVA/Twoway ANOVA, Inferential Statistics/Effect size/Eta squared",Performing analysis,SPSS,Dutch,Statistical Literacy,a754c,Inferential Statistics/Twoway ANOVA,2026-01-12
2375,Inferential_Statistics/eur-inferential_statistics-240-en,eur-inferential_statistics-240-en,"Feyenoord and Ajax fans often criticize each other's teams. We will be looking at what team a person is a fan of [Fan, where Feyenoord = 0 and Ajax = 1], in what city a person lives [City, where Rotterdam = 1, Amsterdam = 2, Dordrecht = 3 and Haarlem = 4], the number of games played by the favourite team that they watched over the years (so the amount of games played by Feyenoord watched by a Feyenoord fan) [played_favourite] and to the amount of games played by the other team that someone watched over the years [played_other]. We also registered whose team became division champion in the last 4 years [Champion, where No championship = 0 and Championship = 1].
Compute a new variable on which people from Amsterdam and Haarlem are one group, and people from Rotterdam and Dordrecht are the other. Determine if the average number of “games by the other team that someone watched” of the ""Amsterdam+Haarlem"" group, is significantly different from that of the “Rotterdam+Dordrecht”group. Report the obtained p-value (using 3 decimals).
**Download**: [SPSS file](inferential_statistics-240-en-data.sav), [CSV file](inferential_statistics-240-en-data.csv)
",num,Inferential Statistics/Parametric Techniques/t-test/Independent samples means,Performing analysis,SPSS,English,Statistical Literacy,ee3f9,Inferential Statistics/Independent samples means,2026-01-12
2376,Inferential_Statistics/eur-inferential_statistics-240-nl,eur-inferential_statistics-240-nl,"Feyenoord- en Ajax-fans hebben vaak kritiek op elkaars team. We kijken naar van welk team iemand fan is [Fan, waarbij Feyenoord = 0 en Ajax = 1], in welke stad iemand woont [Stad, waarbij Rotterdam = 1, Amsterdam = 2, Dordrecht = 3 en Haarlem = 4], het aantal wedstrijden gespeeld door het favoriete team waar iemand in de loop der jaren naar heeft gekeken (dus het aantal wedstrijden gespeeld door Feyenoord waar een Feyenoord-fan naar heeft gekeken) [played_favourite] en het aantal wedstrijden gespeeld door het andere team waar iemand in de loop der jaren naar heeft gekeken [played_other]. We hebben ook geregistreerd wiens team kampioen is geworden in de laatste 4 jaar [Kampioen, waarbij Geen kampioenschap = 0 en Kampioenschap = 1].
Bereken een nieuwe variabele waarbij mensen uit Amsterdam en Haarlem de ene groep vormen en mensen uit Rotterdam en Dordrecht de andere. Bepaal of het gemiddelde aantal ""wedstrijden van het andere team dat iemand keek"" van de groep ""Amsterdam+Haarlem"" significant verschilt van dat van de groep ""Rotterdam+Dordrecht"". Rapporteer de verkregen p-waarde (met 3 decimalen).
* Download**: [SPSS file](inferential_statistics-240-en-data.sav), [CSV file](inferential_statistics-240-en-data.csv)
",num,Inferential Statistics/Parametric Techniques/t-test/Independent samples means,Performing analysis,SPSS,Dutch,Statistical Literacy,20052,Inferential Statistics/Independent samples means,2026-01-12
2377,Inferential_Statistics/eur-inferential_statistics-241-en,eur-inferential_statistics-241-en,"Feyenoord and Ajax fans often criticize each other's teams. We will be looking at what team a person is a fan of [Fan, where Feyenoord = 0 and Ajax = 1], in what city a person lives [City, where Rotterdam = 1, Amsterdam = 2, Dordrecht = 3 and Haarlem = 4], the number of games played by the favourite team that they watched over the years (so the amount of games played by Feyenoord watched by a Feyenoord fan) [played_favourite] and to the amount of games played by the other team that someone watched over the years [played_other]. We also registered whose team became division champion in the last 4 years [Champion, where No championship = 0 and Championship = 1].
Test if the average number of games watched when the favourite team played differs significantly from the number of games watched when the other team played. Report the obtained p-value. (using 3 decimals).
**Download**: [SPSS file](inferential_statistics-241-en-data.sav), [CSV file](inferential_statistics-241-en-data.csv)
",num,Inferential Statistics/Parametric Techniques/t-test/Independent samples means,Performing analysis,SPSS,English,Statistical Literacy,fa1d1,Inferential Statistics/Independent samples means,2026-01-12
2378,Inferential_Statistics/eur-inferential_statistics-241-nl,eur-inferential_statistics-241-nl,"Feyenoord- en Ajax-fans hebben vaak kritiek op elkaars team. We kijken naar van welk team iemand fan is [Fan, waarbij Feyenoord = 0 en Ajax = 1], in welke stad iemand woont [Stad, waarbij Rotterdam = 1, Amsterdam = 2, Dordrecht = 3 en Haarlem = 4], het aantal wedstrijden gespeeld door het favoriete team waar iemand in de loop der jaren naar heeft gekeken (dus het aantal wedstrijden gespeeld door Feyenoord waar een Feyenoord-fan naar heeft gekeken) [played_favourite] en het aantal wedstrijden gespeeld door het andere team waar iemand in de loop der jaren naar heeft gekeken [played_other]. We hebben ook geregistreerd wiens team kampioen is geworden in de laatste 4 jaar [Kampioen, waarbij Geen kampioenschap = 0 en Kampioenschap = 1].
Test of het gemiddelde aantal bekeken wedstrijden wanneer het favoriete team speelde significant verschilt van het aantal bekeken wedstrijden wanneer het andere team speelde. Rapporteer de verkregen p-waarde. (met 3 decimalen).
* Download**: [SPSS file](inferential_statistics-241-en-data.sav), [CSV file](inferential_statistics-241-en-data.csv)
",num,Inferential Statistics/Parametric Techniques/t-test/Independent samples means,Performing analysis,SPSS,Dutch,Statistical Literacy,b384e,Inferential Statistics/Independent samples means,2026-01-12
2379,Inferential_Statistics/eur-inferential_statistics-242-en,eur-inferential_statistics-242-en,"Feyenoord and Ajax fans often criticize each other's teams. We will be looking at what team a person is a fan of [Fan, where Feyenoord = 0 and Ajax = 1], in what city a person lives [City, where Rotterdam = 1, Amsterdam = 2, Dordrecht = 3 and Haarlem = 4], the number of games played by the favourite team that they watched over the years (so the amount of games played by Feyenoord watched by a Feyenoord fan) [played_favourite] and to the amount of games played by the other team that someone watched over the years [played_other]. We also registered whose team became division champion in the last 4 years [Champion, where No championship = 0 and Championship = 1].
What is chance of winning the championship [Champion=1] for an Ajax fan [Fan]? Report the probability, not the percentage. (using 2 decimals).
**Download**: [SPSS file](inferential_statistics-242-en-data.sav), [CSV file](inferential_statistics-242-en-data.csv)
",num,Inferential Statistics/Parametric Techniques/Cross tables,"Interpreting output, Performing analysis",SPSS,English,Statistical Literacy,598b9,Inferential Statistics/Cross tables,2026-01-12
2380,Inferential_Statistics/eur-inferential_statistics-242-nl,eur-inferential_statistics-242-nl,"Feyenoord- en Ajax-fans hebben vaak kritiek op elkaars team. We kijken naar van welk team iemand fan is [Fan, waarbij Feyenoord = 0 en Ajax = 1], in welke stad iemand woont [Stad, waarbij Rotterdam = 1, Amsterdam = 2, Dordrecht = 3 en Haarlem = 4], het aantal wedstrijden gespeeld door het favoriete team waar iemand in de loop der jaren naar heeft gekeken (dus het aantal wedstrijden gespeeld door Feyenoord waar een Feyenoord-fan naar heeft gekeken) [played_favourite] en het aantal wedstrijden gespeeld door het andere team waar iemand in de loop der jaren naar heeft gekeken [played_other]. We hebben ook geregistreerd wiens team kampioen is geworden in de laatste 4 jaar [Kampioen, waarbij Geen kampioenschap = 0 en Kampioenschap = 1].
Wat is de kans op het kampioenschap [Kampioen=1] voor een Ajax-fan [Fan]? Geef de kans, niet het percentage. (gebruik 2 decimalen).
* Downloaden**: [SPSS file](inferential_statistics-242-en-data.sav), [CSV file](inferential_statistics-242-en-data.csv)
",num,Inferential Statistics/Parametric Techniques/Cross tables,"Interpreting output, Performing analysis",SPSS,Dutch,Statistical Literacy,0f9ac,Inferential Statistics/Cross tables,2026-01-12
2381,Inferential_Statistics/eur-inferential_statistics-243-en,eur-inferential_statistics-243-en,"Feyenoord and Ajax fans often criticize each other's teams. We will be looking at what team a person is a fan of [Fan, where Feyenoord = 0 and Ajax = 1], in what city a person lives [City, where Rotterdam = 1, Amsterdam = 2, Dordrecht = 3 and Haarlem = 4], the number of games played by the favourite team that they watched over the years (so the amount of games played by Feyenoord watched by a Feyenoord fan) [played_favourite] and to the amount of games played by the other team that someone watched over the years [played_other]. We also registered whose team became division champion in the last 4 years [Champion, where No championship = 0 and Championship = 1].
If the championship has been won [Champion=1], what is chance that this was the case for a Feyenoord fan [Fan]? Report the probability, not the percentage. (using 2 decimals).
**Download**: [SPSS file](inferential_statistics-243-en-data.sav), [CSV file](inferential_statistics-243-en-data.csv)
",num,Inferential Statistics/Parametric Techniques/Cross tables,"Interpreting output, Performing analysis",SPSS,English,Statistical Literacy,bd359,Inferential Statistics/Cross tables,2026-01-12
2382,Inferential_Statistics/eur-inferential_statistics-243-nl,eur-inferential_statistics-243-nl,"Feyenoord- en Ajax-fans hebben vaak kritiek op elkaars team. We kijken naar van welk team iemand fan is [Fan, waarbij Feyenoord = 0 en Ajax = 1], in welke stad iemand woont [Stad, waarbij Rotterdam = 1, Amsterdam = 2, Dordrecht = 3 en Haarlem = 4], het aantal wedstrijden gespeeld door het favoriete team waar iemand in de loop der jaren naar heeft gekeken (dus het aantal wedstrijden gespeeld door Feyenoord waar een Feyenoord-fan naar heeft gekeken) [played_favourite] en het aantal wedstrijden gespeeld door het andere team waar iemand in de loop der jaren naar heeft gekeken [played_other]. We hebben ook geregistreerd wiens team kampioen is geworden in de laatste 4 jaar [Kampioen, waarbij Geen kampioenschap = 0 en Kampioenschap = 1].
Als het kampioenschap is behaald [Kampioen=1], wat is dan de kans dat dit het geval was voor een Feyenoord-fan [Fan]? Rapporteer de kans, niet het percentage. (gebruik 2 decimalen).
* Download**: [SPSS file](inferential_statistics-243-en-data.sav), [CSV file](inferential_statistics-243-en-data.csv)
",num,Inferential Statistics/Parametric Techniques/Cross tables,"Interpreting output, Performing analysis",SPSS,Dutch,Statistical Literacy,daa30,Inferential Statistics/Cross tables,2026-01-12
2383,Inferential_Statistics/eur-inferential_statistics-244-en,eur-inferential_statistics-244-en,"Feyenoord and Ajax fans often criticize each other's teams. We will be looking at what team a person is a fan of [Fan, where Feyenoord = 0 and Ajax = 1], in what city a person lives [City, where Rotterdam = 1, Amsterdam = 2, Dordrecht = 3 and Haarlem = 4], the number of games played by the favourite team that they watched over the years (so the amount of games played by Feyenoord watched by a Feyenoord fan) [played_favourite] and to the amount of games played by the other team that someone watched over the years [played_other]. We also registered whose team became division champion in the last 4 years [Champion, where No championship = 0 and Championship = 1].
What is the Relative Risk (RR) of winning the championship [Champion=1] for Feyenoord fans compared to Ajax fans [Fan]? Report the Relative Risk (using 3 decimals).
**Download**: [SPSS file](inferential_statistics-244-en-data.sav), [CSV file](inferential_statistics-244-en-data.csv)
",num,Inferential Statistics/Parametric Techniques/Cross tables,"Interpreting output, Performing analysis",SPSS,English,Statistical Literacy,1a160,Inferential Statistics/Cross tables,2026-01-12
2384,Inferential_Statistics/eur-inferential_statistics-244-nl,eur-inferential_statistics-244-nl,"Feyenoord- en Ajax-fans hebben vaak kritiek op elkaars team. We kijken naar van welk team iemand fan is [Fan, waarbij Feyenoord = 0 en Ajax = 1], in welke stad iemand woont [Stad, waarbij Rotterdam = 1, Amsterdam = 2, Dordrecht = 3 en Haarlem = 4], het aantal wedstrijden gespeeld door het favoriete team dat iemand in de loop der jaren heeft bekeken (dus het aantal wedstrijden gespeeld door Feyenoord bekeken door een Feyenoord-fan) [played_favourite] en het aantal wedstrijden gespeeld door het andere team dat iemand in de loop der jaren heeft bekeken [played_other]. We hebben ook geregistreerd wiens team kampioen is geworden in de laatste 4 jaar [Kampioen, waarbij Geen kampioenschap = 0 en Kampioenschap = 1].
Wat is het Relatieve Risico (RR) op het behalen van het kampioenschap [Kampioen=1] voor Feyenoord-fans vergeleken met Ajax-fans [Fan]? Rapporteer het Relatieve Risico (met 3 decimalen).
* Downloaden**: [SPSS file](inferential_statistics-244-en-data.sav), [CSV file](inferential_statistics-244-en-data.csv)
",num,Inferential Statistics/Parametric Techniques/Cross tables,"Interpreting output, Performing analysis",SPSS,Dutch,Statistical Literacy,3f206,Inferential Statistics/Cross tables,2026-01-12
2385,Inferential_Statistics/eur-inferential_statistics-245-en,eur-inferential_statistics-245-en,"Feyenoord and Ajax fans often criticize each other's teams. We will be looking at what team a person is a fan of [Fan, where Feyenoord = 0 and Ajax = 1], in what city a person lives [City, where Rotterdam = 1, Amsterdam = 2, Dordrecht = 3 and Haarlem = 4], the number of games played by the favourite team that they watched over the years (so the amount of games played by Feyenoord watched by a Feyenoord fan) [played_favourite] and to the amount of games played by the other team that someone watched over the years [played_other]. We also registered whose team became division champion in the last 4 years [Champion, where No championship = 0 and Championship = 1].
It is investigated whether the probability of winning the championship [Champion=1] is the same for all cities [City]. If the null hypothesis were true, what would be the expected number of fans from Rotterdam [City=1] that saw their team win a championship [Champion=1]? Report the expected number (using 1 decimal).
**Download**: [SPSS file](inferential_statistics-245-en-data.sav), [CSV file](inferential_statistics-245-en-data.csv)
",num,Inferential Statistics/Parametric Techniques/Cross tables,"Interpreting output, Performing analysis",SPSS,English,Statistical Literacy,87d3f,Inferential Statistics/Cross tables,2026-01-12
2386,Inferential_Statistics/eur-inferential_statistics-245-nl,eur-inferential_statistics-245-nl,"Feyenoord- en Ajax-fans hebben vaak kritiek op elkaars team. We kijken naar van welk team iemand fan is [Fan, waarbij Feyenoord = 0 en Ajax = 1], in welke stad iemand woont [Stad, waarbij Rotterdam = 1, Amsterdam = 2, Dordrecht = 3 en Haarlem = 4], het aantal wedstrijden gespeeld door het favoriete team waar iemand in de loop der jaren naar heeft gekeken (dus het aantal wedstrijden gespeeld door Feyenoord waar een Feyenoord-fan naar heeft gekeken) [played_favourite] en het aantal wedstrijden gespeeld door het andere team waar iemand in de loop der jaren naar heeft gekeken [played_other]. We hebben ook geregistreerd wiens team kampioen is geworden in de laatste 4 jaar [Kampioen, waarbij Geen kampioenschap = 0 en Kampioenschap = 1].
Er is onderzocht of de kans op het winnen van het kampioenschap [Kampioen=1] voor alle steden hetzelfde is [Stad]. Als de nulhypothese waar zou zijn, wat is dan het verwachte aantal fans uit Rotterdam [Stad=1] dat hun team een kampioenschap [Kampioen=1] zag winnen? Geef het verwachte aantal (met 1 decimaal).
* Downloaden**: [SPSS file](inferential_statistics-245-en-data.sav), [CSV file](inferential_statistics-245-en-data.csv)
",num,Inferential Statistics/Parametric Techniques/Cross tables,"Interpreting output, Performing analysis",SPSS,Dutch,Statistical Literacy,eb537,Inferential Statistics/Cross tables,2026-01-12
2387,Inferential_Statistics/eur-inferential_statistics-246-en,eur-inferential_statistics-246-en,"Feyenoord and Ajax fans often criticize each other's teams. We will be looking at what team a person is a fan of [Fan, where Feyenoord = 0 and Ajax = 1], in what city a person lives [City, where Rotterdam = 1, Amsterdam = 2, Dordrecht = 3 and Haarlem = 4], the number of games played by the favourite team that they watched over the years (so the amount of games played by Feyenoord watched by a Feyenoord fan) [played_favourite] and to the amount of games played by the other team that someone watched over the years [played_other]. We also registered whose team became division champion in the last 4 years [Champion, where No championship = 0 and Championship = 1].
The researcher tests whether there is a relation between the team someone is a fan of [Fan] and the city where someone lives. Report the p-value (using 3 decimals).
**Download**: [SPSS file](inferential_statistics-246-en-data.sav), [CSV file](inferential_statistics-246-en-data.csv)
",num,Inferential Statistics/Parametric Techniques/Cross tables,"Interpreting output, Performing analysis",SPSS,English,Statistical Literacy,e3fac,Inferential Statistics/Cross tables,2026-01-12
2388,Inferential_Statistics/eur-inferential_statistics-246-nl,eur-inferential_statistics-246-nl,"Feyenoord- en Ajax-fans hebben vaak kritiek op elkaars team. We kijken naar van welk team iemand fan is [Fan, waarbij Feyenoord = 0 en Ajax = 1], in welke stad iemand woont [Stad, waarbij Rotterdam = 1, Amsterdam = 2, Dordrecht = 3 en Haarlem = 4], het aantal wedstrijden gespeeld door het favoriete team waar iemand in de loop der jaren naar heeft gekeken (dus het aantal wedstrijden gespeeld door Feyenoord waar een Feyenoord-fan naar heeft gekeken) [played_favourite] en het aantal wedstrijden gespeeld door het andere team waar iemand in de loop der jaren naar heeft gekeken [played_other]. We hebben ook geregistreerd wiens team kampioen is geworden in de laatste 4 jaar [Kampioen, waarbij Geen kampioenschap = 0 en Kampioenschap = 1].
De onderzoeker test of er een verband is tussen het team waar iemand fan van is [Fan] en de stad waar iemand woont. Rapporteer de p-waarde (met 3 decimalen).
* Download**: [SPSS file](inferential_statistics-246-en-data.sav), [CSV file](inferential_statistics-246-en-data.csv)
",num,Inferential Statistics/Parametric Techniques/Cross tables,"Interpreting output, Performing analysis",SPSS,Dutch,Statistical Literacy,5ec2c,Inferential Statistics/Cross tables,2026-01-12
2389,Inferential_Statistics/eur-inferential_statistics-247-en,eur-inferential_statistics-247-en,"Feyenoord and Ajax fans often criticize each other's teams. We will be looking at what team a person is a fan of [Fan, where Feyenoord = 0 and Ajax = 1], in what city a person lives [City, where Rotterdam = 1, Amsterdam = 2, Dordrecht = 3 and Haarlem = 4], the number of games played by the favourite team that they watched over the years (so the amount of games played by Feyenoord watched by a Feyenoord fan) [played_favourite] and to the amount of games played by the other team that someone watched over the years [played_other]. We also registered whose team became division champion in the last 4 years [Champion, where No championship = 0 and Championship = 1].
Someone claims that 45% of all fans are Feyenoord fans. Is this person right or should we reject their claim? Report the obtained p-value (using 3 decimals).
**Download**: [SPSS file](inferential_statistics-247-en-data.sav), [CSV file](inferential_statistics-247-en-data.csv)
",num,Inferential Statistics/Parametric Techniques/Cross tables,"Interpreting output, Performing analysis",SPSS,English,Statistical Literacy,1e24f,Inferential Statistics/Cross tables,2026-01-12
2390,Inferential_Statistics/eur-inferential_statistics-247-nl,eur-inferential_statistics-247-nl,"Feyenoord- en Ajax-fans hebben vaak kritiek op elkaars team. We kijken naar van welk team iemand fan is [Fan, waarbij Feyenoord = 0 en Ajax = 1], in welke stad iemand woont [Stad, waarbij Rotterdam = 1, Amsterdam = 2, Dordrecht = 3 en Haarlem = 4], het aantal wedstrijden gespeeld door het favoriete team waar iemand in de loop der jaren naar heeft gekeken (dus het aantal wedstrijden gespeeld door Feyenoord waar een Feyenoord-fan naar heeft gekeken) [played_favourite] en het aantal wedstrijden gespeeld door het andere team waar iemand in de loop der jaren naar heeft gekeken [played_other]. We hebben ook geregistreerd wiens team kampioen is geworden in de laatste 4 jaar [Kampioen, waarbij Geen kampioenschap = 0 en Kampioenschap = 1].
Iemand beweert dat 45% van alle fans Feyenoord-fan is. Is deze persoon correct of moeten we zijn bewering verwerpen? Rapporteer de verkregen p-waarde (met 3 decimalen).
* Download**: [SPSS file](inferential_statistics-247-en-data.sav), [CSV file](inferential_statistics-247-en-data.csv)
",num,Inferential Statistics/Parametric Techniques/Cross tables,"Interpreting output, Performing analysis",SPSS,Dutch,Statistical Literacy,3c0b6,Inferential Statistics/Cross tables,2026-01-12
2391,Inferential_Statistics/eur-inferential_statistics-248-en,eur-inferential_statistics-248-en,"As you get older, going out becomes more of an exhaustion… the mind is willing, but the body is weak. To be able to advice the aging party-goers, a researcher drew a sample out of all the people visiting a certain nightclub in Rotterdam. The participants in the study were asked to report the amount of minutes they napped before going out and to report the amount of hours they spend partying that night. In addition, they had to fill in a questionnaire that quantified their natural need for sleep, and they needed to indicate whether their friends considered them to be a party-animal or a stay-at-home [Group, where stay-at-home = 0 and party animal = 1]. 
If you want to know the correlation between the amount of hours spent partying [HoursPartying] and the amount of minutes spent napping [MinutesNap], you need to use the Pearson correlation. Give the value of this correlation. (3 decimals)
**Download**: [SPSS file](eur-inferential_statistics-248-en-data.sav), [CSV file](eur-inferential_statistics-248-en-data.csv)
",num,Inferential Statistics/Parametric Techniques/Correlations/Pearson,Performing analysis,SPSS,English,Statistical Literacy,4e6f0,Inferential Statistics/Pearson,2026-01-12
2392,Inferential_Statistics/eur-inferential_statistics-248-nl,eur-inferential_statistics-248-nl,"Zoals iedere volwassene weet is koffie van onschatbare waarde op de werkvloer…..geen koffie, geen productiviteit. Dicht bij het koffieapparaat zitten is dan ook een must voor iedere werknemer. Om te kijken hoe belangrijk een plek dicht het koffie-apparaat is heeft een onderzoeker aan de EUR een steekproef getrokken uit alle werknemers in Nederland. De deelnemers moesten daarom voor de eerste maandag van de maand aangeven hoeveel minuten ze die dag in totaal bezig waren met lopen van en naar het koffie-apparaat, en hoeveel uur ze die dag hebben gewerkt. Ook heeft de onderzoeker een vragenlijst afgenomen bij de deelnemers waarmee hij hun “work-a-holic” score kon bepalen, en heeft hij geregistreerd of iemand man [Geslacht = 0] of vrouw [Geslacht = 1] was.
Als je de correlatie wilt weten tussen het aantal uren besteed aan werk [UrenWerk] en het aantal minuten gespendeerd aan lopen naar het koffiezet apparaat [MinutenKoffie], kijk je naar de Pearson correlatie. Geef de waarde van deze correlatie. (3 decimalen)
**Download**: [SPSS file](eur-inferential_statistics-248-nl-data.sav), [CSV file](eur-inferential_statistics-248-nl-data.csv)
",num,Inferential Statistics/Parametric Techniques/Correlations/Pearson,Performing analysis,SPSS,Dutch,Statistical Literacy,a47a4,Inferential Statistics/Pearson,2026-01-12
2393,Inferential_Statistics/eur-inferential_statistics-249-en,eur-inferential_statistics-249-en,"As you get older, going out becomes more of an exhaustion… the mind is willing, but the body is weak. To be able to advise the aging party-goers, a researcher drew a sample out of all the people visiting a certain nightclub in Rotterdam. The participants in the study were asked to report the amount of minutes they napped before going out and to report the amount of hours they spend partying that night. In addition, they had to fill in a questionnaire that quantified their natural need for sleep, and they needed to indicate whether their friends considered them to be a party-animal or a stay-at-home type of person [Group, where stay-at-home = 0 and party animal = 1]. 
What is the Pearson correlation between the amount of hours spent partying [HoursPartying] and the amount of minutes spent napping [MinutesNap] for stay-at-homes [Group=0]? (3 decimals)
**Download**: [SPSS file](eur-inferential_statistics-249-en-data.sav), [CSV file](eur-inferential_statistics-249-en-data.csv)
",num,Inferential Statistics/Parametric Techniques/Correlations/Pearson,Performing analysis,SPSS,English,Statistical Literacy,0b170,Inferential Statistics/Pearson,2026-01-12
2394,Inferential_Statistics/eur-inferential_statistics-249-nl,eur-inferential_statistics-249-nl,"Zoals iedere volwassene weet is koffie van onschatbare waarde op de werkvloer…geen koffie, geen productiviteit. Dicht bij het koffieapparaat zitten is dan ook een must voor iedere werknemer. Om te kijken hoe belangrijk een plek dicht het koffie-apparaat, is heeft een onderzoeker aan de EUR een steekproef getrokken uit alle werknemers in Nederland. De deelnemers moesten daarom voor de eerste maandag van de maand aangeven hoeveel minuten ze die dag in totaal bezig waren met lopen van en naar het koffie-apparaat, en hoeveel uur ze die dag hebben gewerkt. Ook heeft de onderzoeker een vragenlijst afgenomen bij de deelnemers waarmee hij hun “work-a-holic” score kon bepalen, en heeft hij geregistreerd of iemand man [Geslacht = 0] of vrouw [Geslacht = 1] was.
Wat is de Pearson correlatie tussen het aantal uren besteed aan werk [UrenWerk] en het aantal minuten gespendeerd aan lopen naar het koffiezet apparaat [MinutenKoffie] bij de mannen [Geslacht=0]? (3 decimalen)
**Download**: [SPSS file](eur-inferential_statistics-249-nl-data.sav), [CSV file](eur-inferential_statistics-249-nl-data.csv)
",num,Inferential Statistics/Parametric Techniques/Correlations/Pearson,Performing analysis,SPSS,Dutch,Statistical Literacy,aaa2e,Inferential Statistics/Pearson,2026-01-12
2395,Inferential_Statistics/eur-inferential_statistics-250-en,eur-inferential_statistics-250-en,"As you get older, going out becomes more of an exhaustion… the mind is willing, but the body is weak. To be able to advise the aging party-goers, a researcher drew a sample out of all the people visiting a certain nightclub in Rotterdam. The participants in the study were asked to report the amount of minutes they napped before going out and to report the amount of hours they spend partying that night. In addition, they had to fill in a questionnaire that quantified their natural need for sleep, and they needed to indicate whether their friends considered them to be a party-animal or a stay-at-home type of person [Group, where stay-at-home = 0 and party animal = 1]. 
Determine to what extent you can predict the amount of hours someone spent partying [HoursPartying] from the amount of minutes that they napped [MinutesNap]. What is the value of the test statistic for the entire model in which you predict hours spent partying [HoursPartying] using amount of minutes spent napping [MinutesNap]? (3 decimals)
**Download**: [SPSS file](eur-inferential_statistics-250-en-data.sav), [CSV file](eur-inferential_statistics-250-en-data.csv)
",num,"Inferential Statistics/Regression/Simple linear regression, Inferential Statistics/NHST/Test statistic/t-statistic",Performing analysis,SPSS,English,Statistical Literacy,8bc22,Inferential Statistics/Simple linear regression,2026-01-12
2396,Inferential_Statistics/eur-inferential_statistics-250-nl,eur-inferential_statistics-250-nl,"Zoals iedere volwassene weet is koffie van onschatbare waarde op de werkvloer…geen koffie, geen productiviteit. Dicht bij het koffieapparaat zitten is dan ook een must voor iedere werknemer. Om te kijken hoe belangrijk een plek dicht het koffie-apparaat is, heeft een onderzoeker aan de EUR een steekproef getrokken uit alle werknemers in Nederland. De deelnemers moesten daarom voor de eerste maandag van de maand aangeven hoeveel minuten ze die dag in totaal bezig waren met lopen van en naar het koffie-apparaat, en hoeveel uur ze die dag hebben gewerkt. Ook heeft de onderzoeker een vragenlijst afgenomen bij de deelnemers waarmee hij hun “work-a-holic” score kon bepalen, en heeft hij geregistreerd of iemand man [Geslacht = 0] of vrouw [Geslacht = 1] was.
Onderzoek in hoeverre je het aantal uren dat iemand besteedt aan werk [UrenWerk] kunt voorspellen aan de hand van het aantal minuten dat hij/zij heeft gespendeerd aan lopen naar het koffiezet apparaat [MinutenKoffie]. Wat is de waarde van de toetsstatistiek voor het hele model waarbij je het aantal uren dat iemand besteedt aan werk [UrenWerk], voorspelt aan de hand van het aantal minuten gespendeerd aan lopen naar het koffiezet apparaat [MinutenKoffie]? (3 decimalen)
**Download**: [SPSS file](eur-inferential_statistics-250-nl-data.sav), [CSV file](eur-inferential_statistics-250-nl-data.csv)
",num,Inferential Statistics/Regression/Simple linear regression,Performing analysis,SPSS,Dutch,Statistical Literacy,bcf7c,Inferential Statistics/Simple linear regression,2026-01-12
2397,Inferential_Statistics/eur-inferential_statistics-251-en,eur-inferential_statistics-251-en,"As you get older, going out becomes more of an exhaustion… the mind is willing, but the body is weak. To be able to advise the aging party-goers, a researcher drew a sample out of all the people visiting a certain nightclub in Rotterdam. The participants in the study were asked to report the amount of minutes they napped before going out and to report the amount of hours they spend partying that night. In addition, they had to fill in a questionnaire that quantified their natural need for sleep, and they needed to indicate whether their friends considered them to be a party-animal or a stay-at-home type of person [Group, where stay-at-home = 0 and party animal = 1]. 
If you want to know which independent variable (predictor) out of a set of two independent variables, measured on different scales [MinutesNap and Group], gives the best prediction of the amount of hours someone spent partying [HoursPartying], where do you need to look? Give the value of the relevant coefficient for the worst predictor. (3 decimals)
**Download**: [SPSS file](eur-inferential_statistics-251-en-data.sav), [CSV file](eur-inferential_statistics-251-en-data.csv)
",num,"Inferential Statistics/Regression/Simple linear regression, Inferential Statistics/Regression/Standardized coefficient",Performing analysis,SPSS,English,Statistical Literacy,4973c,Inferential Statistics/Simple linear regression,2026-01-12
2398,Inferential_Statistics/eur-inferential_statistics-251-nl,eur-inferential_statistics-251-nl,"Zoals iedere volwassene weet is koffie van onschatbare waarde op de werkvloer…geen koffie, geen productiviteit. Dicht bij het koffieapparaat zitten is dan ook een must voor iedere werknemer. Om te kijken hoe belangrijk een plek dicht het koffie-apparaat is, heeft een onderzoeker aan de EUR een steekproef getrokken uit alle werknemers in Nederland. De deelnemers moesten daarom voor de eerste maandag van de maand aangeven hoeveel minuten ze die dag in totaal bezig waren met lopen van en naar het koffie-apparaat, en hoeveel uur ze die dag hebben gewerkt. Ook heeft de onderzoeker een vragenlijst afgenomen bij de deelnemers waarmee hij hun “work-a-holic” score kon bepalen, en heeft hij geregistreerd of iemand man [Geslacht = 0] of vrouw [Geslacht = 1] was.
Als je wilt weten welke van de twee onafhankelijke variabelen (predictoren), die op een verschillende schaal zijn gemeten [MinutenKoffie en Geslacht], een betere voorspelling geeft het aantal uren dat iemand besteed aan werk [UrenWerk], waar moet je dan kijken? Geef de waarde van de relevante coëfficiënt van de slechtste voorspeller. (3 decimalen)
**Download**: [SPSS file](eur-inferential_statistics-251-nl-data.sav), [CSV file](eur-inferential_statistics-251-nl-data.csv)
",num,Inferential Statistics/Regression/Simple linear regression,Performing analysis,SPSS,Dutch,Statistical Literacy,1e6fd,Inferential Statistics/Simple linear regression,2026-01-12
2399,Inferential_Statistics/eur-inferential_statistics-252-en,eur-inferential_statistics-252-en,"As you get older, going out becomes more of an exhaustion… the mind is willing, but the body is weak. To be able to advise the aging party-goers, a researcher drew a sample out of all the people visiting a certain nightclub in Rotterdam. The participants in the study were asked to report the amount of minutes they napped before going out and to report the amount of hours they spend partying that night. In addition, they had to fill in a questionnaire that quantified their natural need for sleep, and they needed to indicate whether their friends considered them to be a party-animal or a stay-at-home type of person [Group, where stay-at-home = 0 and party animal = 1]. 
Add a variable NeedSleep to a model that only has MinutesNap as a predictor variable to predict the amount of hours someone spent partying [HoursPartying]. What is the difference in explained variance between a model with just MinutesNap and a model with both MinutesNap and NeedSleep? (3 decimals)
**Download**: [SPSS file](eur-inferential_statistics-252-en-data.sav), [CSV file](eur-inferential_statistics-252-en-data.csv)
",num,"Inferential Statistics/Regression/R squared, Inferential Statistics/Regression/Multiple linear regression/R squared change",Performing analysis,SPSS,English,Statistical Literacy,e7601,Inferential Statistics/R squared,2026-01-12
2400,Inferential_Statistics/eur-inferential_statistics-252-nl,eur-inferential_statistics-252-nl,"Zoals iedere volwassene weet is koffie van onschatbare waarde op de werkvloer…geen koffie, geen productiviteit. Dicht bij het koffieapparaat zitten is dan ook een must voor iedere werknemer. Om te kijken hoe belangrijk een plek dicht het koffie-apparaat is, heeft een onderzoeker aan de EUR een steekproef getrokken uit alle werknemers in Nederland. De deelnemers moesten daarom voor de eerste maandag van de maand aangeven hoeveel minuten ze die dag in totaal bezig waren met lopen van en naar het koffie-apparaat, en hoeveel uur ze die dag hebben gewerkt. Ook heeft de onderzoeker een vragenlijst afgenomen bij de deelnemers waarmee hij hun “work-a-holic” score kon bepalen, en heeft hij geregistreerd of iemand man [Geslacht = 0] of vrouw [Geslacht = 1] was.
Test een model waar in eerste instantie alleen MinutenKoffie als predictor is opgenomen om te voorspellen hoeveel uur iemand besteedt aan werk [UrenWerk]. Voeg vervolgens de variabele WorkAHolic toe als predictor aan het model. Wat is het verschil in proportie verklaarde variantie van het model met deze twee predictoren t.o.v. het model met alleen MinutenKoffie? (3 decimalen)
**Download**: [SPSS file](eur-inferential_statistics-252-nl-data.sav), [CSV file](eur-inferential_statistics-252-nl-data.csv)
",num,Inferential Statistics/Regression/Simple linear regression,Performing analysis,SPSS,Dutch,Statistical Literacy,d3273,Inferential Statistics/Simple linear regression,2026-01-12
2408,Inferential_Statistics/eur-inferential_statistics-256-nl,eur-inferential_statistics-256-nl,"Je hoort heel vaak dat mensen uit grote gezinnen socialer zijn dan mensen die bijvoorbeeld enig kind waren. Een onderzoeker die zelf enig kind was vindt dit onzin. Nu besluit hij in zijn eentje een onderzoek te doen dat aantoont dat de stelling niet waar is. Hij trekt daarvoor een steekproef uit de Nederlandse bevolking en neemt bij de deelnemers een vragenlijst af om hun mate van socialiteit te bepalen. Daarnaast stelt hij vast of een deelnemer man [Geslacht = 0] of vrouw [Geslacht = 1] is, en of de deelnemer enig kind is [Gezin = 1], 1 of 2 broers/zussen heeft [Gezin = 2], of meer dan 2 broers/zussen heeft [Gezin = 3].
Voeg de variabele gezin toe. Voeg nu geslacht toe als tweede factor. Wat is de Sum of Squares voor de factor met het minst significante hoofdeffect? (3 decimalen)
**Download**: [SPSS file](eur-inferential_statistics-256-nl-data.sav), [CSV file](eur-inferential_statistics-256-nl-data.csv)
",num,Inferential Statistics/Parametric Techniques/ANOVA/Twoway ANOVA,"Interpreting output, Performing analysis",SPSS,Dutch,Statistical Literacy,1ff77,Inferential Statistics/Twoway ANOVA,2026-01-12
2412,Inferential_Statistics/eur-inferential_statistics-258-nl,eur-inferential_statistics-258-nl,"Je hoort heel vaak dat mensen uit grote gezinnen socialer zijn dan mensen die bijvoorbeeld enig kind waren. Een onderzoeker die zelf enig kind was vindt dit onzin. Nu besluit hij in zijn eentje een onderzoek te doen dat aantoont dat de stelling niet waar is. Hij trekt daarvoor een steekproef uit de Nederlandse bevolking en neemt bij de deelnemers een vragenlijst af om hun mate van socialiteit te bepalen. Daarnaast stelt hij vast of een deelnemer man [Geslacht = 0] of vrouw [Geslacht = 1] is, en of de deelnemer enig kind is [Gezin = 1], 1 of 2 broers/zussen heeft [Gezin = 2], of meer dan 2 broers/zussen heeft [Gezin = 3].
Wat is de effect size [partial eta squared] van het interactie-effect van type gezin [Gezin] en geslacht [Geslacht]? (3 decimalen)
**Download**: [SPSS file](eur-inferential_statistics-258-nl-data.sav), [CSV file](eur-inferential_statistics-258-nl-data.csv)
",num,"Inferential Statistics/Parametric Techniques/ANOVA/Twoway ANOVA, Inferential Statistics/Effect size/Eta squared",Performing analysis,SPSS,Dutch,Statistical Literacy,fdc60,Inferential Statistics/Twoway ANOVA,2026-01-12
2413,Inferential_Statistics/eur-inferential_statistics-259-en,eur-inferential_statistics-259-en,"A teacher wonders whether the mean grade for methods theory (variable: methods theory) for students living away from home [Residential = 0] differs from the mean for students living at home [Residential = 1]. Perform the analysis and provide the t-value (to 3 decimal places).
* Download**: [SPSS file](eur-inferential_statistics-259-en-data.sav), [CSV file](eur-inferential_statistics-259-en-data.csv)
",num,"Inferential Statistics/NHST/Test statistic/t-statistic, Inferential Statistics/Parametric Techniques/t-test/Independent samples means",Performing analysis,SPSS,English,Statistical Literacy,f6e3f,Inferential Statistics/t-statistic,2026-01-12
2414,Inferential_Statistics/eur-inferential_statistics-259-nl,eur-inferential_statistics-259-nl,"Een docent vraagt zich af of het gemiddelde cijfer voor methodenleer (variabele: methodenleer) voor uitwonende studenten [Woon = 0] afwijkt van het gemiddelde voor thuiswonende [Woon = 1] studenten. Voer de analyse uit en geef de t-waarde (met 3 cijfers achter de komma).
**Download**: [SPSS file](eur-inferential_statistics-259-nl-data.sav), [CSV file](eur-inferential_statistics-259-nl-data.csv)
",num,"Inferential Statistics/NHST/Test statistic/t-statistic, Inferential Statistics/Parametric Techniques/t-test/Independent samples means",Performing analysis,SPSS,Dutch,Statistical Literacy,ce7c8,Inferential Statistics/t-statistic,2026-01-12
2415,Inferential_Statistics/eur-inferential_statistics-260-en,eur-inferential_statistics-260-en,"Test whether the mean grade on exam 4 (variable subject4) is significantly different from the mean grade on exam 5 (variable subject5). Write the t-value found in the answer box (with 3 decimal places).
* Download**: [SPSS file](eur-inferential_statistics-260-en-data.sav), [CSV file](eur-inferential_statistics-260-en-data.csv)
",num,"Inferential Statistics/NHST/Test statistic/t-statistic, Inferential Statistics/Parametric Techniques/t-test/Paired samples",Performing analysis,SPSS,English,Statistical Literacy,3d287,Inferential Statistics/t-statistic,2026-01-12
2416,Inferential_Statistics/eur-inferential_statistics-260-nl,eur-inferential_statistics-260-nl,"Toets of het gemiddelde cijfer op tentamen 4 (variabele vak4) significant afwijkt van het gemiddelde cijfer op tentamen 5 (variabele vak5). Schrijf de gevonden t-waarde in het antwoordvakje (met 3 cijfers achter de komma).
**Download**: [SPSS file](eur-inferential_statistics-260-nl-data.sav), [CSV file](eur-inferential_statistics-260-nl-data.csv)
",num,"Inferential Statistics/NHST/Test statistic/t-statistic, Inferential Statistics/Parametric Techniques/t-test/Paired samples",Performing analysis,SPSS,Dutch,Statistical Literacy,84256,Inferential Statistics/t-statistic,2026-01-12
2417,Inferential_Statistics/eur-inferential_statistics-261-en,eur-inferential_statistics-261-en,"Test whether the mean grade on exam 6 (variable vak6) for students living away from home [Woon = 0] is significantly different from the mean for students living at home [Woon = 1]. Write the p-value found in the answer box (with 3 decimal places).
* Download**: [SPSS file](eur-inferential_statistics-260-en-data.sav), [CSV file](eur-inferential_statistics-261-en-data.csv)
",num,"Inferential Statistics/NHST/p-value, Inferential Statistics/Parametric Techniques/t-test/Independent samples means",Performing analysis,SPSS,English,Statistical Literacy,f2110,Inferential Statistics/p-value,2026-01-12
2418,Inferential_Statistics/eur-inferential_statistics-261-nl,eur-inferential_statistics-261-nl,"Toets of het gemiddelde cijfer op tentamen 6 (variabele vak6) voor uitwonende studenten [Woon = 0] significant afwijkt van het gemiddelde voor thuiswonende [Woon = 1] studenten. Schrijf de gevonden p-waarde in het antwoordvakje (met 3 cijfers achter de komma).
**Download**: [SPSS file](eur-inferential_statistics-260-nl-data.sav), [CSV file](eur-inferential_statistics-261-nl-data.csv)
",num,"Inferential Statistics/NHST/p-value, Inferential Statistics/Parametric Techniques/t-test/Independent samples means",Performing analysis,SPSS,Dutch,Statistical Literacy,6a576,Inferential Statistics/p-value,2026-01-12
2419,Inferential_Statistics/eur-inferential_statistics-262-en,eur-inferential_statistics-262-en,"A teacher wonders whether the mean grade for macroeconomics (variable: macro_economics) for students living away from home [Residential = 0] differs from the mean for students living at home [Residential = 1]. Perform the analysis and provide the p-value of the Levene's Test (with 3 decimal places).
* Download**: [SPSS file](eur-inferential_statistics-262-nl-data.sav), [CSV file](eur-inferential_statistics-262-nl-data.csv)
",num,"Inferential Statistics/NHST/p-value, Inferential Statistics/Parametric Techniques/t-test/Independent samples means, Assumptions/Homogeneity of variance/Levene's test",Performing analysis,SPSS,English,Statistical Literacy,36741,Inferential Statistics/p-value,2026-01-12
2420,Inferential_Statistics/eur-inferential_statistics-262-nl,eur-inferential_statistics-262-nl,"Een docent vraagt zich af of het gemiddelde cijfer voor macro-economie (variabele: macro_economie) voor uitwonende studenten [Woon = 0] afwijkt van het gemiddelde voor thuiswonende [Woon = 1] studenten. Voer de analyse uit en geef de p-waarde van de Levene's Test (met 3 cijfers achter de komma).
**Download**: [SPSS file](eur-inferential_statistics-262-nl-data.sav), [CSV file](eur-inferential_statistics-262-nl-data.csv)
",num,"Inferential Statistics/NHST/p-value, Inferential Statistics/Parametric Techniques/t-test/Independent samples means, Assumptions/Homogeneity of variance/Levene's test",Performing analysis,SPSS,Dutch,Statistical Literacy,a6769,Inferential Statistics/p-value,2026-01-12
2421,Inferential_Statistics/eur-inferential_statistics-263-en,eur-inferential_statistics-263-en,"A teacher wonders whether the mean grade for logic (variable logic) for students living away from home [Residential = 0] differs from the mean for students living at home [Residential = 1]. Perform the analysis and provide the p-value of the Levene's Test (with 3 decimal places).  
* Download**: [SPSS file](eur-inferential_statistics-263-nl-data.sav), [CSV file](eur-inferential_statistics-263-nl-data.csv)
",num,"Assumptions/Homogeneity of variance/Levene's test, Inferential Statistics/Parametric Techniques/t-test/Independent samples means",Performing analysis,SPSS,English,Statistical Literacy,d61ef,Assumptions/Levene's test,2026-01-12
2422,Inferential_Statistics/eur-inferential_statistics-263-nl,eur-inferential_statistics-263-nl,"Een docent vraagt zich af of het gemiddelde cijfer voor logica (variabele logica) voor uitwonende studenten [Woon = 0] afwijkt van het gemiddelde voor thuiswonende [Woon = 1] studenten. Voer de analyse uit en geef de p-waarde van de Levene's Test (met 3 cijfers achter de komma).  
**Download**: [SPSS file](eur-inferential_statistics-263-nl-data.sav), [CSV file](eur-inferential_statistics-263-nl-data.csv)
",num,"Assumptions/Homogeneity of variance/Levene's test, Inferential Statistics/Parametric Techniques/t-test/Independent samples means",Performing analysis,SPSS,Dutch,Statistical Literacy,ebcf8,Assumptions/Levene's test,2026-01-12
2423,Inferential_Statistics/eur-inferential_statistics-264-en,eur-inferential_statistics-264-en,"Test whether the mean grade on exam 4 (variable subject4) is significantly different from the mean grade on exam 3 (variable subject3). Write the t-value found in the answer box (with 3 decimal places).
* Download**: [SPSS file](eur-inferential_statistics-264-en-data.sav), [CSV file](eur-inferential_statistics-264-en-data.csv)
",num,"Inferential Statistics/NHST/Test statistic/t-statistic, Inferential Statistics/Parametric Techniques/t-test/Paired samples",Performing analysis,SPSS,English,Statistical Literacy,647fe,Inferential Statistics/t-statistic,2026-01-12
2424,Inferential_Statistics/eur-inferential_statistics-264-nl,eur-inferential_statistics-264-nl,"Toets of het gemiddelde cijfer op tentamen 4 (variabele vak4) significant afwijkt van het gemiddelde cijfer op tentamen 3 (variabele vak3). Schrijf de gevonden t-waarde in het antwoordvakje (met 3 cijfers achter de komma).
**Download**: [SPSS file](eur-inferential_statistics-264-nl-data.sav), [CSV file](eur-inferential_statistics-264-nl-data.csv)
",num,"Inferential Statistics/NHST/Test statistic/t-statistic, Inferential Statistics/Parametric Techniques/t-test/Paired samples",Performing analysis,SPSS,Dutch,Statistical Literacy,6bf8e,Inferential Statistics/t-statistic,2026-01-12
2425,Inferential_Statistics/eur-inferential_statistics-265-en,eur-inferential_statistics-265-en,"Test whether the mean grade on exam 1 (variable subject1) for students living at home [Live = 1] differs significantly from the mean of students no longer living at home [Live = 0]. Write the p-value found in the answer box (with 3 decimal places).
* Download**: [SPSS file](eur-inferential_statistics-265-en-data.sav), [CSV file](eur-inferential_statistics-265-en-data.csv)
",num,Inferential Statistics/Parametric Techniques/t-test/Independent samples means,Performing analysis,SPSS,English,Statistical Literacy,23380,Inferential Statistics/Independent samples means,2026-01-12
2426,Inferential_Statistics/eur-inferential_statistics-265-nl,eur-inferential_statistics-265-nl,"Toets of het gemiddelde cijfer op tentamen 1 (variabele vak1) voor thuiswonende [Woon = 1] studenten significant afwijkt van het gemiddelde van studenten die niet meer thuis wonen [Woon = 0]. Schrijf de gevonden p-waarde in het antwoordvakje (met 3 cijfers achter de komma).
**Download**: [SPSS file](eur-inferential_statistics-265-nl-data.sav), [CSV file](eur-inferential_statistics-265-nl-data.csv)
",num,Inferential Statistics/Parametric Techniques/t-test/Independent samples means,Performing analysis,SPSS,Dutch,Statistical Literacy,fefb1,Inferential Statistics/Independent samples means,2026-01-12
2429,Inferential_Statistics/eur-inferential_statistics-267-en,eur-inferential_statistics-267-en,"Test whether the mean grade on course exam 1.6 (variable course1_6) for students living with their parents [livingparent = 1] deviates significantly from the mean grade of students who live away from their parents [livingparent = 0]. Write the observed p-value in the answer box (with 3 decimal places). Caution: Report the p-value SPSS gives. You do not have to divide by 2.
**Download**: [SPSS file](eur-inferential_statistics-267-en-data.sav), [CSV file](eur-inferential_statistics-267-en-data.csv)
",num,"Inferential Statistics/NHST/p-value, Inferential Statistics/Parametric Techniques/t-test/Independent samples means",Performing analysis,SPSS,English,Statistical Literacy,52616,Inferential Statistics/p-value,2026-01-12
2430,Inferential_Statistics/eur-inferential_statistics-267-nl,eur-inferential_statistics-267-nl,"Test of het gemiddelde cijfer op het cursus examen 1.6 (variabele course1_6) voor studenten die bij hun ouders wonen [woonouder = 1] significant afwijkt van het gemiddelde cijfer van studenten die niet bij hun ouders wonen [woonouder = 0]. Schrijf de waargenomen p-waarde in het antwoordvak (met 3 cijfers achter de komma). Let op: Rapporteer de p-waarde die SPSS geeft. Je hoeft niet door 2 te delen.
* Downloaden**: [SPSS file](eur-inferential_statistics-267-en-data.sav), [CSV file](eur-inferential_statistics-267-en-data.csv)
",num,"Inferential Statistics/NHST/p-value, Inferential Statistics/Parametric Techniques/t-test/Independent samples means",Performing analysis,SPSS,Dutch,Statistical Literacy,a248b,Inferential Statistics/p-value,2026-01-12
2431,Inferential_Statistics/eur-inferential_statistics-401-en,eur-inferential_statistics-401-en,"A knowledge test on alcohol contains 20 items and is administered to 202 high school students. The variable [total score] gives the total correct scores. Gender (0 = woman; 1 = man) and alcohol use (0 = very often; 1 = often; 2 = sometimes; 3 = never) are also included in the dataset. 
A researcher wants to investigate whether he can predict the total score with an IQ score and wonders whether this relation is different for boys and girls. Conduct a regression analysis to investigate this question. What is the unstandardized regression coefficient of the interaction effect gender x IQ score? Note: Make sure that gender is coded as 0 for the girls and 1 for the boys. (3 decimals)
Open the dataset below to answer this question:
**Download** [SPSS file](eur-inferential_statistics-401-en-data.sav), [CSV file](eur-inferential_statistics-401-en-data.csv)
",num,"Inferential Statistics/Regression/Slope, Inferential Statistics/Regression/Simple linear regression","Interpreting output, Performing analysis",SPSS,English,Statistical Literacy,5ea1c,Inferential Statistics/Slope,2026-01-12
2432,Inferential_Statistics/eur-inferential_statistics-401-nl,eur-inferential_statistics-401-nl,"Een kennistest over alcohol bevat 20 items en wordt afgenomen bij 202 middelbare scholieren. De variabele [totaalscore] geeft de totale juiste scores. Geslacht (0 = vrouw; 1 = man) en alcoholgebruik (0 = heel vaak; 1 = vaak; 2 = soms; 3 = nooit) zijn ook opgenomen in de dataset.
Een onderzoeker wil onderzoeken of hij de totaalscore kan voorspellen met een IQ-score en vraagt zich af of deze relatie verschillend is voor jongens en meisjes. Voer een regressieanalyse uit om deze vraag te onderzoeken. Wat is de ongestandaardiseerde regressiecoëfficiënt van het interactie-effect geslacht x IQ score? Opmerking: Zorg ervoor dat het geslacht gecodeerd is als 0 voor de meisjes en 1 voor de jongens. (3 decimalen)
Open de dataset hieronder om deze vraag te beantwoorden:
* Download** [SPSS file](eur-inferential_statistics-401-en-data.sav), [CSV file](eur-inferential_statistics-401-en-data.csv)
",num,"Inferential Statistics/Regression/Slope, Inferential Statistics/Regression/Simple linear regression","Interpreting output, Performing analysis",SPSS,Dutch,Statistical Literacy,b9aae,Inferential Statistics/Slope,2026-01-12
2433,Inferential_Statistics/eur-inferential_statistics-402-en,eur-inferential_statistics-402-en,"A knowledge test on alcohol contains 20 items and is administered to 202 high school students. The variable [total score] gives the total correct scores. Gender (0 = woman; 1 = man) and alcohol use (0 = very often; 1 = often; 2 = sometimes; 3 = never) are also included in the dataset. 
A researcher thinks that there is a difference in total score between students who drink a) very often, b) often,  c) sometimes, and d) never (variable [alcohol_use]). Conduct an Anova to investigate the difference in alcohol use among these groups of students. What is the effect size (partial eta squared) of this effect? (3 decimals)
Open the dataset below to answer this question:
**Download** [SPSS file](eur-inferential_statistics-402-en-data.sav), [CSV file](eur-inferential_statistics-402-en-data.csv)
",num,"Inferential Statistics/Effect size/Eta squared, Inferential Statistics/Parametric Techniques/ANOVA/Oneway ANOVA","Interpreting output, Performing analysis",SPSS,English,Statistical Literacy,6f41e,Inferential Statistics/Eta squared,2026-01-12
2434,Inferential_Statistics/eur-inferential_statistics-402-nl,eur-inferential_statistics-402-nl,"Een kennistest over alcohol bevat 20 items en wordt afgenomen bij 202 middelbare scholieren. De variabele [totaalscore] geeft de totale juiste scores. Geslacht (0 = vrouw; 1 = man) en alcoholgebruik (0 = heel vaak; 1 = vaak; 2 = soms; 3 = nooit) zijn ook opgenomen in de dataset.
Een onderzoeker denkt dat er een verschil is in totaalscore tussen studenten die a) heel vaak, b) vaak, c) soms en d) nooit drinken (variabele [alcohol_gebruik]). Voer een Anova uit om het verschil in alcoholgebruik tussen deze groepen studenten te onderzoeken. Wat is de effectgrootte (partiële eta kwadraat) van dit effect? (3 decimalen)
Open de dataset hieronder om deze vraag te beantwoorden:
* Download** [SPSS file](eur-inferential_statistics-402-en-data.sav), [CSV file](eur-inferential_statistics-402-en-data.csv)
",num,"Inferential Statistics/Effect size/Eta squared, Inferential Statistics/Parametric Techniques/ANOVA/Oneway ANOVA","Interpreting output, Performing analysis",SPSS,Dutch,Statistical Literacy,3f001,Inferential Statistics/Eta squared,2026-01-12
2435,Inferential_Statistics/eur-inferential_statistics-403-en,eur-inferential_statistics-403-en,"A researcher working at the psychology institute investigates alcohol abuse among adolescents. The researcher designed 34 statements the adolescents can agree or disagree with on a four-point scale (1 = completely agree; 2 = somewhat agree; 3 = somewhat disagree; 4 = completely disagree). An example of a statement is: When I feel lonely, I enjoy drinking an alcoholic beverage. The answers of 312 girls (0) and boys (1) to the 34 statements are in the dataset. Also included in the dataset are IQ scores, scale scores and the amount of alcohol use (1 = very often; 2 = often; 3 = sometimes; 4 = never).
The researcher wants to investigate whether he can predict the scale score with IQ (variable [IQ])and wonders whether this relation is different for boys and girls. Conduct a regression analysis to investigate this question. What is the standard error of the regression coefficient of the interaction effect gender x IQ? (3 decimals)
Open the dataset below to answer this question:
**Download** [SPSS file](eur-inferential_statistics-403-en-data.sav), [CSV file](eur-inferential_statistics-403-en-data.csv)
",num,"Inferential Statistics/Regression/Slope, Inferential Statistics/Regression/Simple linear regression","Interpreting output, Performing analysis",SPSS,English,Statistical Literacy,aed63,Inferential Statistics/Slope,2026-01-12
2436,Inferential_Statistics/eur-inferential_statistics-403-nl,eur-inferential_statistics-403-nl,"Een onderzoeker van het instituut voor psychologie doet onderzoek naar alcoholmisbruik onder adolescenten. De onderzoeker ontwierp 34 stellingen waar de adolescenten het mee eens of oneens kunnen zijn op een vierpuntsschaal (1 = helemaal mee eens; 2 = enigszins mee eens; 3 = enigszins mee oneens; 4 = helemaal mee oneens). Een voorbeeld van een stelling is: Als ik me eenzaam voel, drink ik graag een alcoholische drank. De antwoorden van 312 meisjes (0) en jongens (1) op de 34 stellingen zitten in de dataset. Ook IQ-scores, schaalscores en de hoeveelheid alcoholgebruik (1 = heel vaak; 2 = vaak; 3 = soms; 4 = nooit) zijn in de dataset opgenomen.
De onderzoeker wil onderzoeken of hij de schaalscore kan voorspellen met IQ (variabele [IQ]) en vraagt zich af of deze relatie verschillend is voor jongens en meisjes. Voer een regressieanalyse uit om deze vraag te onderzoeken. Wat is de standaardfout van de regressiecoëfficiënt van het interactie-effect geslacht x IQ? (3 decimalen)
Open de dataset hieronder om deze vraag te beantwoorden:
* Download** [SPSS file](eur-inferential_statistics-403-en-data.sav), [CSV file](eur-inferential_statistics-403-en-data.csv)
",num,"Inferential Statistics/Regression/Slope, Inferential Statistics/Regression/Simple linear regression","Interpreting output, Performing analysis",SPSS,Dutch,Statistical Literacy,b3033,Inferential Statistics/Slope,2026-01-12
2437,Inferential_Statistics/eur-inferential_statistics-404-en,eur-inferential_statistics-404-en,"A researcher working at the psychology institute investigates alcohol abuse among adolescents. The researcher designed 34 statements the adolescents can agree or disagree with on a four-point scale (1 = completely agree; 2 = somewhat agree; 3 = somewhat disagree; 4 = completely disagree). An example of a statement is: When I feel lonely, I enjoy drinking an alcoholic beverage. The answers of 312 girls (0) and boys (1) to the 34 statements are in the dataset. Also included in the dataset are IQ scores, scale scores and the amount of alcohol use (1 = very often; 2 = often; 3 = sometimes; 4 = never).
The researcher thinks that there is a difference in scale score between adolescents who drink a) very often, b) often,  c) sometimes, and d) never (variable [alcohol_use]). Conduct an Anova to investigate the difference in alcohol use among these four groups. What is the effect size (partial eta squared) of this effect? (3 decimals)
Open the dataset below to answer this question:
**Download** [SPSS file](eur-inferential_statistics-404-en-data.sav), [CSV file](eur-inferential_statistics-404-en-data.csv)
",num,"Inferential Statistics/Effect size/Eta squared, Inferential Statistics/Parametric Techniques/ANOVA/Oneway ANOVA","Interpreting output, Performing analysis",SPSS,English,Statistical Literacy,dc0b7,Inferential Statistics/Eta squared,2026-01-12
2438,Inferential_Statistics/eur-inferential_statistics-404-nl,eur-inferential_statistics-404-nl,"Een onderzoeker van het instituut voor psychologie doet onderzoek naar alcoholmisbruik onder adolescenten. De onderzoeker ontwierp 34 stellingen waar de adolescenten het mee eens of oneens kunnen zijn op een vierpuntsschaal (1 = helemaal mee eens; 2 = enigszins mee eens; 3 = enigszins mee oneens; 4 = helemaal mee oneens). Een voorbeeld van een stelling is: Als ik me eenzaam voel, drink ik graag een alcoholische drank. De antwoorden van 312 meisjes (0) en jongens (1) op de 34 stellingen zitten in de dataset. Ook IQ-scores, schaalscores en de hoeveelheid alcoholgebruik (1 = heel vaak; 2 = vaak; 3 = soms; 4 = nooit) zijn in de dataset opgenomen.
De onderzoeker denkt dat er een verschil is in schaalscore tussen adolescenten die a) heel vaak, b) vaak, c) soms en d) nooit drinken (variabele [alcohol_gebruik]). Voer een Anova uit om het verschil in alcoholgebruik tussen deze vier groepen te onderzoeken. Wat is de effectgrootte (partiële eta kwadraat) van dit effect? (3 decimalen)
Open de dataset hieronder om deze vraag te beantwoorden:
* Download** [SPSS file](eur-inferential_statistics-404-en-data.sav), [CSV file](eur-inferential_statistics-404-en-data.csv)
",num,"Inferential Statistics/Effect size/Eta squared, Inferential Statistics/Parametric Techniques/ANOVA/Oneway ANOVA","Interpreting output, Performing analysis",SPSS,Dutch,Statistical Literacy,a128e,Inferential Statistics/Eta squared,2026-01-12
2883,Inferential_Statistics/uu-Non-parametric-Techniques-800-en,uu-Non-parametric-Techniques-800-en,"  
A psychologist is researching the effect of hypnosis on brain dominance. He does an experiment with 6 students. On the first day, they are hypnotized. Then they take a test that shows how dominant the right hemisphere is relative to the left hemisphere (the higher the score, the more dominant the right side). On another day, the same test is taken, but the students are not hypnotized. The data collected are below:
![](uu-Non-parametric-Techniques-800-nl-tabel.jpg)
The psychologist knows that the scores are not normally distributed and wants to apply a nonparametric test to see if hypnosis makes dominance significantly higher. What is the result of the test at $\alpha = .05$? 
Answerlist
----------
* We should $H_0$ reject because $T$ is smaller than $T_{crit} = 2$.
* We can $H_0$ do not reject because $T$ is greater than $T_{criticality} = 0$.
* We can $H_0$ do not reject because $T$ is smaller than $T_{criticality} = 2$.
* We must $H_0$ reject because $T$ is greater than $T_{kritiek} = 0$.
",schoice,Inferential Statistics/Non-parametric Techniques,Performing analysis,NA,English,Statistical Literacy,5fe0f,Inferential Statistics/Non-parametric Techniques,2026-01-12
2884,Inferential_Statistics/uu-Non-parametric-Techniques-800-nl,uu-Non-parametric-Techniques-800-nl,"  
Een psycholoog doet onderzoek naar het effect van hypnose op hersendominantie. Hij doet een experiment met 6 studenten. Op de eerste dag worden ze gehypnotiseerd. Dan doen ze een test waaruit blijkt hoe dominant de rechterhemisfeer is ten opzichte van de linkerhemisfeer (hoe hoger de score, hoe dominanter de rechterkant). Op een andere dag wordt dezelfde test afgenomen, maar dan zijn de studenten niet gehypnotiseerd. De verzamelde data staan hieronder:
![](uu-Non-parametric-Techniques-800-nl-tabel.jpg)
De psycholoog weet dat de scores niet normaalverdeeld zijn en wil een non-parametrische toets toepassen om te kijken of hypnose de dominantie significant hoger maakt. Wat is de uitkomst van de toets bij $\alpha = .05$?
  
Answerlist
----------
* We moeten $H_0$ verwerpen want $T$ is kleiner dan $T_{kritiek} = 2$.
* We kunnen $H_0$ niet verwerpen want $T$ is groter dan $T_{kritiek} = 0$. 
* We kunnen $H_0$ niet verwerpen want $T$ is kleiner dan $T_{kritiek} = 2$.
* We moeten $H_0$ verwerpen want $T$ is groter dan $T_{kritiek} = 0$.
",schoice,Inferential Statistics/Non-parametric Techniques,Performing analysis,NA,Dutch,Statistical Literacy,9ae99,Inferential Statistics/Non-parametric Techniques,2026-01-12
5497,Inferential_Statistics/vufgb-ancova-031-nl,vufgb-ancova-031-nl,"
In een experimenteel onderzoek waarin drie groepen worden vergeleken op een factor wil de onderzoeker weten of het nodig is voor leeftijd als covariaat te controleren. Hij voert hiertoe in eerste instantie een ANCOVA analyse met interactie uit. Voer op basis van de gegevens in onderstaande tabel een *F*-toets uit voor het Interactie-effect.
Wat is je conclusie over welk ANCOVA model de onderzoeker dient te gebruiken om te controleren voor de covariaat?
![](vufgb-ancova-031-nl-table01.jpg)
  
Answerlist
----------
* $F = 4 > 3.23$, dus onderzoeker dient ANCOVA model *met* interactie te gebruiken
* $F = 4 > 3.23$, dus onderzoeker dient ANCOVA model *zonder* interactie te gebruiken
* $F = 2 < 3.23$, dus onderzoeker dient ANCOVA model *met* interactie te gebruiken
* $F = 2 < 3.23$, dus onderzoeker dient ANCOVA model *zonder* interactie te gebruiken
",schoice,Inferandtial Statistics/Parawithric Techniques/ANOVA/ANCOVA,"Performing analysis, Interpreting output, Test choice",NA,Dutch,Statistical Reasoning,41b63,Inferandtial Statistics/ANCOVA,2026-01-12
5498,Inferential_Statistics/vufgb-ancova-031-nl,vufgb-ancova-031-nl,"
In een experimenteel onderzoek waarin drie groepen worden vergeleken op een factor wil de onderzoeker weten of het nodig is voor leeftijd als covariaat te controleren. Hij voert hiertoe in eerste instantie een ANCOVA analyse met interactie uit. Voer op basis van de gegevens in onderstaande tabel een *F*-toets uit voor het Interactie-effect.
Wat is je conclusie over welk ANCOVA model de onderzoeker dient te gebruiken om te controleren voor de covariaat?
![](vufgb-ancova-031-nl-table01.jpg)
  
Answerlist
----------
* $F = 4 > 3.23$, dus onderzoeker dient ANCOVA model *met* interactie te gebruiken
* $F = 4 > 3.23$, dus onderzoeker dient ANCOVA model *zonder* interactie te gebruiken
* $F = 2 < 3.23$, dus onderzoeker dient ANCOVA model *met* interactie te gebruiken
* $F = 2 < 3.23$, dus onderzoeker dient ANCOVA model *zonder* interactie te gebruiken
",schoice,Inferential Statistics/Parametric Techniques/ANOVA/ANCOVA,"Performing analysis, Interpreting output, Test choice",NA,Dutch,Statistical Reasoning,b65ad,Inferential Statistics/ANCOVA,2026-01-12
5884,Inferential_Statistics/vufgb-ftestforcomparingnestedmodels-004-en,vufgb-ftestforcomparingnestedmodels-004-en,"
Given are the ANOVA tables of two regression models: one model with two predictors, and one model with two predictors and their interaction. 
Use the Model Comparison Test to determine whether there is a significant interaction.
![](vufgb-ftestforcomparingnestedmodels-004-en-table01.jpg)
  
Answerlist
----------
* $F(df_{1}=3, \; df_{2}=21)= 3.16 > 3.07$, so significant interaction
* $F(df_{1}=1, \; df_{2}=3)= 0.57 <10.13$, so no significant interaction
* $F(df_{1}=1, \; df_{2}=21)= 1.82 < 4.32$, so no significant interaction
* $F(df_{1}=1, \; df_{2}=1)= 0.54 < 161.4$, so no significant interaction
",schoice,"Inferential Statistics/Regression/Multiple linear regression/F-test for comparing (nested) models, Inferential Statistics/Parametric Techniques/ANOVA","Performing analysis, Calculation, Interpreting output",NA,English,Statistical Thinking,0d679,Inferential Statistics/F-test for comparing (nested) models,2026-01-12
5892,Inferential_Statistics/vufgb-ftestforcomparingnestedmodels-008-en,vufgb-ftestforcomparingnestedmodels-008-en,"
Given are the ANOVA tables of two nested regression models: one model with two predictors, and one model with two predictors and their interaction. Use the model comparison test (""Model Comparison Test"") to determine whether there is significant interaction.
![](vufgb-ftestforcomparingnestedmodels-008-nl-table01.jpg)
  
Answerlist
----------
* *F*(df1=3, df2=30)= 4.48 > 2.92, so significant interaction
* *F*(df1=3, df2=29)= 4.33 > 2.93, so significant interaction
* *F*(df1=1, df2=30)= 13.45 > 4.17, so significant interaction
* *F*(df1=1, df2=29)= 13.00 > 4.18, so significant interaction
",schoice,Inferential Statistics/Regression/Multiple linear regression/F-test for comparing (nested) models,"Performing analysis, Interpreting output, Calculation",NA,English,Statistical Thinking,4688e,Inferential Statistics/F-test for comparing (nested) models,2026-01-12
5893,Inferential_Statistics/vufgb-ftestforcomparingnestedmodels-008-nl,vufgb-ftestforcomparingnestedmodels-008-nl,"
Gegeven zijn de ANOVA tabellen van twee geneste regressiemodellen: een model met twee predictoren, en een model met twee predictoren en hun interactie. Gebruik de model- vergelijkingstest (‘Model Comparison Test’) om te bepalen of er sprake is van significante interactie.
![](vufgb-ftestforcomparingnestedmodels-008-nl-table01.jpg)
  
Answerlist
----------
* *F*(df1=3, df2=30)= 4.48 > 2.92, dus significante interactie
* *F*(df1=3, df2=29)= 4.33 > 2.93, dus significante interactie
* *F*(df1=1, df2=30)= 13.45 > 4.17, dus significante interactie
* *F*(df1=1, df2=29)= 13.00 > 4.18, dus significante interactie
",schoice,Inferential Statistics/Regression/Multiple linear regression/F-test for comparing (nested) models,"Performing analysis, Interpreting output, Calculation",NA,Dutch,Statistical Thinking,c09ad,Inferential Statistics/F-test for comparing (nested) models,2026-01-12
5894,Inferential_Statistics/vufgb-ftestforcomparingnestedmodels-009-nl,vufgb-ftestforcomparingnestedmodels-009-nl,"
Gegeven zijn de ANOVA tabellen van twee geneste regressiemodellen: een model met twee predictoren, en een model met twee predictoren en hun interactie. 
Gebruik de modelvergelijkingstest (Model Comparison Test) om te bepalen of er sprake is van significante interactie.
![](vufgb-ftestforcomparingnestedmodels-009-nl-table01.jpg)
  
Answerlist
----------
* $F(df1=3, \; df2=21)= 3.16 > 3.07$, dus significante interactie
* $F(df1=1, \; df2=3)= 0.57 <10.13$, dus geen significante interactie
* $F(df1=1, \; df2=21)= 1.82 < 4.32$, dus geen significante interactie
* $F(df1=1, \; df2=1)= 0.54 < 161.4$, dus geen significante interactie
",schoice,"Inferandtial Statistics/Regression/Multiple linear regression/F-test for comparing (nested) models, Inferandtial Statistics/Parametric Techniques/ANOVA","Performing analysis, Calculation, Interpreting output",NA,Dutch,Statistical Thinking,14f39,Inferandtial Statistics/F-test for comparing (nested) models,2026-01-12
5895,Inferential_Statistics/vufgb-ftestforcomparingnestedmodels-009-nl,vufgb-ftestforcomparingnestedmodels-009-nl,"
Gegeven zijn de ANOVA tabellen van twee geneste regressiemodellen: een model met twee predictoren, en een model met twee predictoren en hun interactie. 
Gebruik de modelvergelijkingstest (Model Comparison Test) om te bepalen of er sprake is van significante interactie.
![](vufgb-ftestforcomparingnestedmodels-009-nl-table01.jpg)
  
Answerlist
----------
* $F(df1=3, \; df2=21)= 3.16 > 3.07$, dus significante interactie
* $F(df1=1, \; df2=3)= 0.57 <10.13$, dus geen significante interactie
* $F(df1=1, \; df2=21)= 1.82 < 4.32$, dus geen significante interactie
* $F(df1=1, \; df2=1)= 0.54 < 161.4$, dus geen significante interactie
",schoice,"Inferential Statistics/Regression/Multiple linear regression/F-test for comparing (nested) models, Inferential Statistics/Parametric Techniques/ANOVA","Performing analysis, Calculation, Interpreting output",NA,Dutch,Statistical Thinking,b4731,Inferential Statistics/F-test for comparing (nested) models,2026-01-12
6100,Inferential_Statistics/vufgb-multilevel_analysis-019-nl,vufgb-multilevel_analysis-019-nl,"
In een Linear Mixed Model wordt de volgende variantieschatting gevonden voor de regressiecoëfficiënt van tijd: 25.25 (se=12.12). Voer de juiste Wald toets uit (zoals deze ook in de SPSS output voor Mixed Models wordt gegeven) om te toetsen of er significante variatie is in het effect van Tijd. 
  
Answerlist
----------
* $Chi^{2} = 4.34$. De gevonden $Chi^{2}$-waarde is groter dan 3.84, dus de bijbehorende *p*-waarde kleiner dan .05. Dit betekent dat er wel significante variatie is in effect van tijd.
* $Chi^{2} = 4.34$. De gevonden $Chi^{2}$-waarde is groter dan 3.84, dus de bijbehorende *p*-waarde groter dan .05. Dit betekent dat er geen significante variatie is in effect van tijd.
* $z = 2.08$. De gevonden z-waarde is groter dan 1.96, dus de bijbehorende *p*-waarde groter dan .05. Dit betekent dat er geen significante variatie is in effect van tijd.
* $z = 2.08$. De gevonden z-waarde is groter dan 1.96, dus de bijbehorende *p*-waarde kleiner dan .05. Dit betekent dat er wel significante variatie is in effect van tijd.
",schoice,Inferential Statistics/Multilevel Analysis,Performing analysis,SPSS,Dutch,Statistical Thinking,5d69f,Inferential Statistics/Multilevel Analysis,2026-01-12
6101,Inferential_Statistics/vufgb-multilevel_analysis-020-en,vufgb-multilevel_analysis-020-en,"
Two nested binary logistic regression models are compared. The first model contains 1 predictor and gives a -2 Log-Likelihood value of 65. The second model contains 2 predictors and gives a -2 Log-Likelihood value of 62.
Perform a chi-square test to test whether the model with the second predictor explains significantly more than the model without the second predictor. 
Answerlist
----------
* $\chi^{2}(df = 1) = 9, p < .05$
* $\chi^{2}(df = 2) = 9, p < .05$
* $\chi^{2}(df = 1) = 3, p > .05$
* $\chi^{2}(df = 2) = 3, p > .05$
",schoice,Inferential Statistics/Multilevel Analysis,Performing analysis,NA,English,Statistical Literacy,26262,Inferential Statistics/Multilevel Analysis,2026-01-12
6102,Inferential_Statistics/vufgb-multilevel_analysis-020-nl,vufgb-multilevel_analysis-020-nl,"
Er worden twee geneste binaire logistische regressiemodellen met elkaar vergeleken. Het eerste model bevat 1 predictor en geeft een -2 Log-Likelihood waarde van 65. Het tweede model bevat 2 predictoren en geeft een -2 Log-Likelihood waarde van 62. 
Voer een chi-kwadraat toets uit om te toetsen of het model met de tweede predictor significant meer verklaart dan het model 
zonder de tweede predictor.
  
Answerlist
----------
* $\chi^{2}(df = 1) = 9, p < .05$
* $\chi^{2}(df = 2) = 9, p < .05$
* $\chi^{2}(df = 1) = 3, p > .05$
* $\chi^{2}(df = 2) = 3, p > .05$
",schoice,Inferential Statistics/Multilevel Analysis,Performing analysis,NA,Dutch,Statistical Literacy,11d4e,Inferential Statistics/Multilevel Analysis,2026-01-12
6103,Inferential_Statistics/vufgb-multilevel_analysis-302-en,vufgb-multilevel_analysis-302-en,"  
Two linear mixed models are used: an ""empty"" model with no fixed effect of time (2 parameters, -2Log-Likelihood=2563.90), and a model with a linear fixed effect of time (3 parameters, -2Log-Likelihood=2561.57).
Perform a likelihood-ratio test to test whether there is a linear fixed effect of time. 
Answerlist
----------
* $\chi^{2}(df = 1) = 2.33;\;p < .05$
* $\chi^{2}(df = 1) = 2.33;\;p > .05$
* $\chi^{2}(df = 1) = 5.43;\;p < .05$
* $\chi^{2}(df = 1) = 5.43;\;p > .05$
",schoice,"Inferential Statistics/Multilevel Analysis,Inferential Statistics/Bayesian Statistics/Likelihood, Inferential Statistics/Multilevel Analysis, Inferential Statistics/NHST/Test statistic/Chi-squared",Performing analysis,NA,English,Statistical Thinking,b40dc,Inferential Statistics/Multilevel Analysis,2026-01-12
6104,Inferential_Statistics/vufgb-multilevel_analysis-302-nl,vufgb-multilevel_analysis-302-nl,"  
Er worden twee linear mixed models gebruikt: een ‘leeg’ model zonder fixed effect van tijd (2 parameters, -2Log-Likelihood=2563.90), en een model met een lineair fixed effect van tijd (3 parameters, -2Log-Likelihood=2561.57). 
Voer een likelihood-ratio test uit om te toetsen of er sprake is van een lineair effect van tijd.
  
Answerlist
----------
* $\chi^{2}(df = 1) = 2.33;\;p < .05$
* $\chi^{2}(df = 1) = 2.33;\;p > .05$
* $\chi^{2}(df = 1) = 5.43;\;p < .05$
* $\chi^{2}(df = 1) = 5.43;\;p > .05$
",schoice,"Inferential Statistics/Multilevel Analysis,Inferential Statistics/Bayesian Statistics/Likelihood, Inferential Statistics/Multilevel Analysis, Inferential Statistics/NHST/Test statistic/Chi-squared",Performing analysis,NA,Dutch,Statistical Thinking,6f8db,Inferential Statistics/Multilevel Analysis,2026-01-12
6113,Inferential_Statistics/vufgb-multilevelanalysis-005-en,vufgb-multilevelanalysis-005-en,"
A linear mixed model analysis in SPSS gives the following results for the random effects. Perform the Wald test to test whether the random slope is significant.
![](vufgb-multilevelanalysis-005-nl-table01.jpg)
  
Answerlist
----------
* Wald $Z = 1.33$, $p < .05$ so significant.
* Wald $Z = 2.50$, $p < .05$ so significant.
* Wald $Z = 1.33$, $p > .05$ so not significant.
* Wald $Z = 2.50$, $p > .05$ so not significant.
",schoice,"Inferential Statistics/Multilevel Analysis, Inferential Statistics/Regression/Slope",Performing analysis,SPSS,English,Statistical Thinking,7e153,Inferential Statistics/Multilevel Analysis,2026-01-12
6114,Inferential_Statistics/vufgb-multilevelanalysis-005-nl,vufgb-multilevelanalysis-005-nl,"
Een linear mixed model analyse in SPSS geeft de volgende uitkomsten voor de random effecten. Voer de Wald-toets uit om de toetsen of de random slope significant is.
![](vufgb-multilevelanalysis-005-nl-table01.jpg)
  
Answerlist
----------
* Wald $Z = 1.33$, $p < .05$ dus significant.
* Wald $Z = 2.50$, $p < .05$ dus significant.
* Wald $Z = 1.33$, $p > .05$ dus niet significant.
* Wald $Z = 2.50$, $p > .05$ dus niet significant.
",schoice,"Inferential Statistics/Multilevel Analysis, Inferential Statistics/Regression/Slope",Performing analysis,SPSS,Dutch,Statistical Thinking,9b4d0,Inferential Statistics/Multilevel Analysis,2026-01-12
6119,Inferential_Statistics/vufgb-multilevelanalysis-008-en,vufgb-multilevelanalysis-008-en,"
The parameter estimates below are found for the fixed effects in a linear mixed model.
Perform the *t* test for the fixed effect of Time.
![](vufgb-multilevelanalysis-008-nl-table01.jpg)
  
Answerlist
----------
* $t(df = 100) = 1.80,\;p > 0.05$.
* $t(df = 100) = 1.80,\;p < 0.05$.
* $t(df = 100) = 1.97,\;p > 0.05$.
* $t(df = 100) = 1.97,\;p < 0.05$.
",schoice,Inferential Statistics/Multilevel Analysis,Performing analysis,NA,English,Statistical Thinking,296a3,Inferential Statistics/Multilevel Analysis,2026-01-12
6120,Inferential_Statistics/vufgb-multilevelanalysis-008-nl,vufgb-multilevelanalysis-008-nl,"
Onderstaande parameterschattingen worden gevonden voor de fixed effecten in een linear mixed model. 
Voer de *t*-toets uit voor het fixed effect van Tijd.
![](vufgb-multilevelanalysis-008-nl-table01.jpg)
  
Answerlist
----------
* $t(df = 100) = 1.80,\;p > 0.05$.
* $t(df = 100) = 1.80,\;p < 0.05$.
* $t(df = 100) = 1.97,\;p > 0.05$.
* $t(df = 100) = 1.97,\;p < 0.05$.
",schoice,Inferential Statistics/Multilevel Analysis,Performing analysis,NA,Dutch,Statistical Thinking,0b793,Inferential Statistics/Multilevel Analysis,2026-01-12
6125,Inferential_Statistics/vufgb-multilevelanalysis-011-en,vufgb-multilevelanalysis-011-en,"
Two linear mixed models are used: an ""empty"" model with no fixed effect of time (2 parameters, -2Log-Likelihood=413.45), and a model with a linear fixed effect of time (3 parameters, -2Log-Likelihood=409.25).
Perform a likelihood-ratio test to test whether there is a linear fixed effect of time. 
Answerlist
----------
* $\chi^{2}(df = 1) = 4.20;\;p < .05$
* $\chi^{2}(df = 1) = 4.20;\;p > .05$
* $\chi^{2}(df = 3) = 4.20;\;p < .05$
* $\chi^{2}(df = 3) = 4.20;\;p > .05$
",schoice,"Inferential Statistics/Multilevel Analysis, Inferential Statistics/NHST/Test statistic/Chi-squared, Inferential Statistics/Bayesian Statistics/Likelihood",Performing analysis,NA,English,Statistical Thinking,47191,Inferential Statistics/Multilevel Analysis,2026-01-12
6126,Inferential_Statistics/vufgb-multilevelanalysis-011-nl,vufgb-multilevelanalysis-011-nl,"
Er worden twee linear mixed models gebruikt: een ‘leeg’ model zonder fixed effect van tijd (2 parameters, -2Log-Likelihood=413.45), en een model met een lineair fixed effect van tijd (3 parameters, -2Log-Likelihood=409.25).
Voer een likelihood-ratio test uit om te toetsen of er sprake is van een lineair effect van tijd. 
  
Answerlist
----------
* $\chi^{2}(df = 1) = 4.20;\;p < .05$
* $\chi^{2}(df = 1) = 4.20;\;p > .05$
* $\chi^{2}(df = 3) = 4.20;\;p < .05$
* $\chi^{2}(df = 3) = 4.20;\;p > .05$
",schoice,"Inferential Statistics/Multilevel Analysis, Inferential Statistics/NHST/Test statistic/Chi-squared, Inferential Statistics/Bayesian Statistics/Likelihood",Performing analysis,NA,Dutch,Statistical Thinking,5139f,Inferential Statistics/Multilevel Analysis,2026-01-12
6168,Inferential_Statistics/vufgb-multiplelinearregression-009-en,vufgb-multiplelinearregression-009-en,"
A student investigates the relationship between secure attachment representation of mothers (Secure), their depressive complaints (depr) and the confidence in their own role as a mother (effic). 
The student has a sample of 30 mothers, and ran a multiple regression on this sample. A part of the results is in the table underneath. Carry out a two-sided test for the regression coefficient of the attachment representation of mothers (Secure), and draw a conclusion.

![](vufgb-multiplelinearregression-009-en-table01.jpg)
  
Answerlist
----------
* $t = 3.83, \; df = 28, \; p < .002$; de regression coefficient deviates significantly from 0  
* $t = 3.83, \; df = 27, \; p < .002$; de regression coefficient deviates significantly from 0
* $t = 3.83, \; df = 28, \; .002 < p < .05$; de regression coefficient deviates significantly from 0
* $t = 3.83, \; df = 27, \; .002 < p < .05$; de regression coefficient deviates significantly from 0 
",schoice,Inferential Statistics/Regression/Multiple linear regression,Performing analysis,NA,English,Statistical Reasoning,c5647,Inferential Statistics/Multiple linear regression,2026-01-12
6216,Inferential_Statistics/vufgb-multiplelinearregression-034-en,vufgb-multiplelinearregression-034-en,"  
In a sample of 100 individuals, a multiple regression model with two predictors and the interaction between predictors is estimated. The *b* of the interaction term is 0.75, the *se* is 0.50.
Test for significant interaction. 
Answerlist
----------
* $t(df = 96) = 1.50,\;0.05 < p < 0.10$. Interaction is not significant.
* $t(df = 96) = 1.50,\;0.10 < p < 0.20$. Interaction is not significant.
* $t(df = 96) = 2.25,\;0.02 < p < 0.05$. Interaction is significant.
* $t(df = 96) = 2.25,\;0.01 < p < 0.025$. Interaction is significant.
",schoice,"Inferential Statistics/Regression/Multiple linear regression, Inferential Statistics/Regression/Multiple linear regression/Moderation",Performing analysis,NA,English,Statistical Thinking,d676c,Inferential Statistics/Multiple linear regression,2026-01-12
6217,Inferential_Statistics/vufgb-multiplelinearregression-034-nl,vufgb-multiplelinearregression-034-nl,"  
In een steekproef van 100 personen wordt een meervoudig regressiemodel met twee predictoren en de interactie tussen predictoren geschat. De *b* van de interactie-term is 0.75, de *se* is 0.50. 
Toets of er sprake is van significante interactie.
  
Answerlist
----------
* $t(df = 96) = 1.50,\;0.05 < p < 0.10$. Interactie is niet significant.
* $t(df = 96) = 1.50,\;0.10 < p < 0.20$. Interactie is niet significant.
* $t(df = 96) = 2.25,\;0.02 < p < 0.05$. Interactie is significant.
* $t(df = 96) = 2.25,\;0.01 < p < 0.025$. Interactie is significant.
",schoice,"Inferential Statistics/Regression/Multiple linear regression, Inferential Statistics/Regression/Multiple linear regression/Moderation",Performing analysis,NA,Dutch,Statistical Thinking,daaa0,Inferential Statistics/Multiple linear regression,2026-01-12
6220,Inferential_Statistics/vufgb-multiplelinearregression-036-en,vufgb-multiplelinearregression-036-en,"
In a sample of 50 children from youth services, we examine whether there is an association between the number of traumatic events experienced and internalizing behavior problems. Age is controlled for in the multiple regression analysis.
Using the data in the SPSS table below, test whether the above relationship is significant.
![](vufgb-multiplelinearregression-036-nl-table01.jpg)
  
Answerlist
----------
* $t = 3.97,\;df = 47,\;p < .001$
* $t = 3.97,\;df = 48,\;p < .001$
* $t = 0.95,\;df = 47,\;p > .05$
* $t = 0.95,\;df = 48,\;p > .05$
",schoice,Inferential Statistics/Regression/Multiple linear regression,"Performing analysis, Interpreting output",SPSS,English,Statistical Thinking,c466b,Inferential Statistics/Multiple linear regression,2026-01-12
6221,Inferential_Statistics/vufgb-multiplelinearregression-036-nl,vufgb-multiplelinearregression-036-nl,"
In een steekproef van 50 kinderen uit de jeugdhulpverlening wordt onderzocht of er een verband is tussen het aantal meegemaakte traumatische gebeurtenissen en internaliserende gedragsproblemen. In de meervoudige regressieanalyse wordt gecontroleerd voor leeftijd.
Toets aan hand van de gegevens in onderstaande SPSS tabel of het bovengenoemde verband significant is.
![](vufgb-multiplelinearregression-036-nl-table01.jpg)
  
Answerlist
----------
* $t = 3.97,\;df = 47,\;p < .001$
* $t = 3.97,\;df = 48,\;p < .001$
* $t = 0.95,\;df = 47,\;p > .05$
* $t = 0.95,\;df = 48,\;p > .05$
",schoice,Inferential Statistics/Regression/Multiple linear regression,"Performing analysis, Interpreting output",SPSS,Dutch,Statistical Thinking,e72a0,Inferential Statistics/Multiple linear regression,2026-01-12
6223,Inferential_Statistics/vufgb-multiplelinearregression-038-en,vufgb-multiplelinearregression-038-en,"
A student, for her b-thesis, examines the relationship between secure attachment representation of mothers (HECHT), their depressive symptoms (DEPR) and confidence in their own role as mothers (EFFIC). She has a sample of 30 mothers, and conducted a multiple regression on this dataset. Some of the results are shown in the table below.
Construct a two-sided test for the regression coefficient of attachment representation of mothers (HECHT), and draw a conclusion.
![](vufgb-multiplelinearregression-038-nl-table01.jpg)
  
Answerlist
----------
* $t = 3.83, \; df = 28, \; p<.002$ ; the regression coefficient deviates significantly from 0
* $t = 3.83, \; df = 27, \; p<.002$ ; the regression coefficient deviates significantly from 0
* $t = 3.83, \; df = 28, \; .002<p<.05$ ; the regression coefficient deviates significantly from 0
* $t = 3.83, \; df = 27, \; .002<p<.05$ ; the regression coefficient deviates significantly from 0
",schoice,Inferential Statistics/Regression/Multiple linear regression,Performing analysis,NA,English,Statistical Reasoning,f10bb,Inferential Statistics/Multiple linear regression,2026-01-12
6224,Inferential_Statistics/vufgb-multiplelinearregression-038-nl,vufgb-multiplelinearregression-038-nl,"
Een studente onderzoekt voor haar b-these het verband tussen veilige 
gehechtheidsrepresentatie van moeders (HECHT), hun depressieve klachten (DEPR) en het vertrouwen in hun eigen rol als moeder (EFFIC). Zij beschikt over een steekproef van 30 moeders, en voerde op deze dataset een multipele regressie uit. Een deel van de resultaten staat in onderstaande tabel.
Stel een tweezijdige toets op voor de regressiecoefficient van gehechtheidsrepresentatie van moeders (HECHT), en trek een conclusie.
![](vufgb-multiplelinearregression-038-nl-table01.jpg)
  
Answerlist
----------
* $t = 3.83, \; df = 28, \; p<.002$ ; de regressiecoefficient wijkt significant van 0 af
* $t = 3.83, \; df = 27, \; p<.002$ ; de regressiecoefficient wijkt significant van 0 af
* $t = 3.83, \; df = 28, \; .002<p<.05$ ; de regressiecoefficient wijkt significant van 0 af
* $t = 3.83, \; df = 27, \; .002<p<.05$ ; de regressiecoefficient wijkt significant van 0 af
",schoice,Inferential Statistics/Regression/Multiple linear regression,Performing analysis,NA,Dutch,Statistical Reasoning,cbe3b,Inferential Statistics/Multiple linear regression,2026-01-12
6379,Inferential_Statistics/vufgb-onewayrepeatedmeasuresanova-001-en,vufgb-onewayrepeatedmeasuresanova-001-en,"Complete: ""To perform a repeated measures ANOVA in SPSS, the data set must have a ... format. This means that the repeated measures per ... are represented.""
",schoice,"Inferential Statistics/Parametric Techniques/ANOVA/Oneway repeated measures ANOVA, Inferential Statistics/Parametric Techniques/ANOVA/Twoway repeated measures ANOVA",Performing analysis,NA,Dutch,Statistical Literacy,116cb,Inferential Statistics/Oneway repeated measures ANOVA,2026-01-12
6380,Inferential_Statistics/vufgb-onewayrepeatedmeasuresanova-001-nl,vufgb-onewayrepeatedmeasuresanova-001-nl,"Vul aan: ""Om een herhaalde metingen ANOVA uit te voeren in SPSS, moet de dataset een ... formaat hebben. Dit betekent dat de herhaalde metingen per ... zijn weergegeven.""
",schoice,"Inferential Statistics/Parametric Techniques/ANOVA/Oneway repeated measures ANOVA, Inferential Statistics/Parametric Techniques/ANOVA/Twoway repeated measures ANOVA",Performing analysis,NA,Dutch,Statistical Literacy,619ed,Inferential Statistics/Oneway repeated measures ANOVA,2026-01-12
6794,Inferential_Statistics/vufgb-tstatistic-004-en,vufgb-tstatistic-004-en,"
The SPSS table below shows the results of a multiple regression analysis with no interaction. Perform a *t* test to determine if there is an association between Anxiety Disposition and Anxiety at Presentation, statistically controlled for Age (*N* = 412).
![](vufgb-tstatistic-004-en-table01.jpg)
  
Answerlist
----------
* *t*=16.51 > 1.96, so there is a correlation.
* 1.96 < *t*=16.51, so there is no correlation.
* *t*=16.26 > 1.96, so there is a correlation.
* 1.96 < *t*=16.26, so there is no relationship.
",schoice,Inferential Statistics/NHST/Test statistic/t-statistic,Performing analysis,SPSS,English,Statistical Thinking,319f4,Inferential Statistics/t-statistic,2026-01-12
6795,Inferential_Statistics/vufgb-tstatistic-004-nl,vufgb-tstatistic-004-nl,"
In onderstaande SPSS-tabel staan de resultaten van een meervoudige regressieanalyse zonder interactie. Voer een *t*-toets uit om te bepalen of er een verband is tussen Angstdispositie en Angst bij presentatie, statistisch gecontroleerd voor Leeftijd (*N* = 412).
![](vufgb-tstatistic-004-nl-table01.jpg)
  
Answerlist
----------
* *t*=16.51 > 1.96, dus er is wel een verband.
* 1.96 < *t*=16.51, dus er is geen verband.
* *t*=16.26 > 1.96, dus er is wel een verband.
* 1.96 < *t*=16.26, dus er is geen verband.
",schoice,Inferential Statistics/NHST/Test statistic/t-statistic,Performing analysis,SPSS,Dutch,Statistical Thinking,84b4c,Inferential Statistics/t-statistic,2026-01-12
6937,Inferential_Statistics/vufsw-chi-squared_for_independence-1262-en,vufsw-chi-squared_for_independence-1262-en,"The table below describes data from a survey held at a museum.  
  
<table>
<colgroup>
<col style=""width: 20%"" />
<col style=""width: 20%"" />
<col style=""width: 20%"" />
<col style=""width: 20%"" />
<col style=""width: 20%"" />
</colgroup>
<tbody>
<tr class=""odd"">
<td><br />
</td>
<td class=""tvcss_2"">Managerial position<br />
</td>
<td class=""tvcss_3"">Supporting function<br />
</td>
<td class=""tvcss_4"">Hired as a freelancer<br />
</td>
<td class=""tvcss_5"">Total</td>
</tr>
<tr class=""even"">
<td>Men</td>
<td class=""tvcss_2"">12</td>
<td class=""tvcss_3"">20</td>
<td class=""tvcss_4"">11</td>
<td class=""tvcss_5"">43</td>
</tr>
<tr class=""odd"">
<td>women</td>
<td class=""tvcss_2"">8</td>
<td class=""tvcss_3"">26</td>
<td class=""tvcss_4"">9</td>
<td class=""tvcss_5"">43</td>
</tr>
<tr class=""even"">
<td>Total</td>
<td class=""tvcss_2"">20</td>
<td class=""tvcss_3"">46</td>
<td class=""tvcss_4"">20</td>
<td class=""tvcss_5"">86</td>
</tr>
</tbody>
</table>
  
Are gender and type of job at this museum independent of each other?
Test with alpha = .05.
Answerlist
----------
* Yes, because the observed chi-squared is larger than the critical
  chi-squared.
* Yes, because the observed chi-square is smaller than the critical
  chi-square. .
",schoice,inferential statistics/parametric techniques/cross tables/chi-squared for independence,performing analysis,calculator,English,statistical thinking,32e40,inferential statistics/chi-squared for independence,2026-01-12
6938,Inferential_Statistics/vufsw-chi-squared_for_independence-1262-nl,vufsw-chi-squared_for_independence-1262-nl,"In de onderstaande tabel staan gegevens van een enquête in een museum.  
  
<tabel> <colgroep> <col style=""width: 20%"" /> <col style=""width: 20%"" /> <col style=""width: 20%"" /> <col style=""width: 20%"" /> <col style=""width: 20%"" /> </colgroep> <tbody> <tr class=""odd""> <td><br /> </td> <td class=""tvcss_2"">Managersfunctie<br /> </td> <td class=""tvcss_3"">Ondersteunende functie<br /> </td> <td class=""tvcss_4"">Aangenomen als freelancer<br /> </td> <td class=""tvcss_5"">Totaal</td> </tr> <tr class=""even""> <td>Mannen</td> <td class=""tvcss_2"">12</td> <td class=""tvcss_3"">20</td> <td class=""tvcss_4"">11</td> <td class=""tvcss_5"">43</td> </tr> <tr class=""odd""> <td>vrouwen</td> <td class=""tvcss_2"">8</td> <td class=""tvcss_3"">26</td> <td class=""tvcss_4"">9</td> <td class=""tvcss_5"">43</td> </tr> <tr class=""even""> <td>Totaal</td> <td class=""tvcss_2"">20</td> <td class=""tvcss_3"">46</td> <td class=""tvcss_4"">20</td> <td class=""tvcss_5"">86</td> </tr> </tbody> </table>
  
Zijn geslacht en type baan bij dit museum onafhankelijk van elkaar? Test met alfa = .05.
Answerlist
----------
* Ja, want de geobserveerde chi-kwadraat is groter dan de kritische chi-kwadraat. chi-kwadraat.
* Ja, want de waargenomen chi-kwadraat is kleiner dan de kritische chi-kwadraat. .
",schoice,inferential statistics/parametric techniques/cross tables/chi-squared for independence,performing analysis,calculator,Dutch,statistical thinking,38bea,inferential statistics/chi-squared for independence,2026-01-12
6949,Inferential_Statistics/vufsw-chi-squared-1166-en,vufsw-chi-squared-1166-en,"Given is the following crosstab with international data about a group of
students: the country in which someone lives in the rows and experience
with cannabis use in the columns. The values in the cells are the
actually observed frequencies (see table below).  
  
<table class=""tvcss_2 tvcss_3"">
<colgroup>
<col style=""width: 25%"" />
<col style=""width: 25%"" />
<col style=""width: 25%"" />
<col style=""width: 25%"" />
</colgroup>
<tbody>
<tr class=""odd"">
<td class=""tvcss_4"">Ever used Cannabis?<br />
</td>
<td class=""tvcss_5"">yes<br />
</td>
<td class=""tvcss_6"">no<br />
</td>
<td class=""tvcss_7"">total<br />
</td>
</tr>
<tr class=""even"">
<td class=""tvcss_4"">The Netherlands<br />
</td>
<td class=""tvcss_5"">36<br />
</td>
<td class=""tvcss_6"">114<br />
</td>
<td class=""tvcss_7"">150<br />
</td>
</tr>
<tr class=""odd"">
<td class=""tvcss_4"">France<br />
</td>
<td class=""tvcss_5"">56<br />
</td>
<td class=""tvcss_6"">104<br />
</td>
<td class=""tvcss_7"">160<br />
</td>
</tr>
<tr class=""even"">
<td class=""tvcss_4"">Germany<br />
</td>
<td class=""tvcss_5"">40<br />
</td>
<td class=""tvcss_6"">118<br />
</td>
<td class=""tvcss_7"">158<br />
</td>
</tr>
<tr class=""odd"">
<td class=""tvcss_4"">Italy<br />
</td>
<td class=""tvcss_5"">49<br />
</td>
<td class=""tvcss_6"">103<br />
</td>
<td class=""tvcss_7"">152<br />
</td>
</tr>
<tr class=""even"">
<td class=""tvcss_4"">Total<br />
</td>
<td class=""tvcss_5"">181<br />
</td>
<td class=""tvcss_6"">439<br />
</td>
<td class=""tvcss_7"">620<br />
</td>
</tr>
</tbody>
</table>
  
Which of the following statements is / are true?  
  
I. The number of French school students who have ever used cannabis is
greater than the expected value for independence between country and
cannabis use.  
  
II. The number of observed Dutch students who have ever used cannabis is
greater than the expected number of independence between country and
cannabis use.
Answerlist
----------
* Only statement I is true
* Only statement II is true
* Both statements are true
* Neither statement is correct.
",schoice,inferential statistics/nhst/test statistic/chi-squared,performing analysis,calculator,English,statistical literacy,40814,inferential statistics/chi-squared,2026-01-12
6950,Inferential_Statistics/vufsw-chi-squared-1166-nl,vufsw-chi-squared-1166-nl,"Gegeven is de volgende kruistabel met internationale gegevens over een groep studenten: het land waarin iemand woont in de rijen en ervaring met cannabisgebruik in de kolommen. De waarden in de cellen zijn de werkelijk waargenomen frequenties (zie onderstaande tabel).  
  
<table class=""tvcss_2 tvcss_3""> <colgroup> <col style=""width: 25%"" /> <col style=""width: 25%"" /> <col style=""width: 25%"" /> <col style=""width: 25%"" /> </colgroup> <tbody> <tr class=""odd""> <td class=""tvcss_4"">Ooit Cannabis gebruikt? <br /> </td> <td class=""tvcss_5"">ja<br /> </td> <td class=""tvcss_6"">nee<br /> </td> <td class=""tvcss_7"">totaal<br /> </td> </tr> <tr class=""even""> <td class=""tvcss_4"">Nederland<br /> </td> <td class=""tvcss_5"">36<br /> </td> <td class=""tvcss_6"">114<br /> </td> <td class=""tvcss_7"">150<br /> </td> </tr> <tr class=""odd""> <td class=""tvcss_4"">Frankrijk<br /> </td> <td class=""tvcss_5"">56<br /> </td> <td class=""tvcss_6"">104<br /> </td> <td class=""tvcss_7"">160<br /> </td> </tr> <tr class=""even""> <td class=""tvcss_4"">Duitsland<br /> </td> <td class=""tvcss_5"">40<br /> </td> <td class=""tvcss_6"">118<br /> </td> <td class=""tvcss_7"">158<br /> </td> </tr> <tr class=""odd""> <td class=""tvcss_4"">Italië<br /> </td> <td class=""tvcss_5"">49<br /> </td> <td class=""tvcss_6"">103<br /> </td> <td class=""tvcss_7"">152<br /> </td> </tr> <tr class=""even""> <td class=""tvcss_4"">Totaal<br /> </td> <td class=""tvcss_5"">181<br /> </td> <td class=""tvcss_6"">439<br /> </td> <td class=""tvcss_7"">620<br /> </td> </tr> </tbody> </table>
  
Welke van de volgende stellingen is/zijn waar?  
  
I. Het aantal Franse scholieren dat ooit cannabis heeft gebruikt is groter dan de verwachte waarde voor de onafhankelijkheid tussen land en cannabisgebruik.  
  
II. Het aantal geobserveerde Nederlandse studenten dat ooit cannabis heeft gebruikt is groter dan het verwachte aantal onafhankelijk tussen land en cannabisgebruik.
Answerlist
----------
* Alleen Stelling I is waar.
* Alleen Stelling II is waar
* Beide stellingen zijn waar
* Geen van beide stellingen is juist.
",schoice,inferential statistics/nhst/test statistic/chi-squared,performing analysis,calculator,Dutch,statistical literacy,9fdb6,inferential statistics/chi-squared,2026-01-12
6953,Inferential_Statistics/vufsw-chi-squared-1219-en,vufsw-chi-squared-1219-en,"Consider the following contingency table with the variable income in the
rows and the variable job satisfaction in the columns. The values in the
cells are the observed frequencies. The values in parentheses are the
expected frequencies.  
  
<table class=""tvcss_2 tvcss_3 tvcss_4"">
<colgroup>
<col style=""width: 25%"" />
<col style=""width: 25%"" />
<col style=""width: 25%"" />
<col style=""width: 25%"" />
</colgroup>
<tbody>
<tr class=""odd"">
<td class=""tvcss_5""><br />
</td>
<td class=""tvcss_6""><br />
</td>
<td colspan=""2"" class=""tvcss_7 tvcss_8""><em>Job satisfaction</em><br />
</td>
</tr>
<tr class=""even"">
<td class=""tvcss_5""><br />
</td>
<td class=""tvcss_6""><br />
</td>
<td class=""tvcss_9"">Unsatisfied</td>
<td class=""tvcss_10"">Satisfied</td>
</tr>
<tr class=""odd"">
<td rowspan=""3"" class=""tvcss_5 tvcss_11""><em>Income</em><br />
</td>
<td class=""tvcss_6"">Below modal</td>
<td class=""tvcss_9"">20 (15)</td>
<td class=""tvcss_10"">10 (15)</td>
</tr>
<tr class=""even"">
<td class=""tvcss_6"">Modal</td>
<td class=""tvcss_9"">20 (20)</td>
<td class=""tvcss_10"">20 (20)</td>
</tr>
<tr class=""odd"">
<td class=""tvcss_6"">Above modal</td>
<td class=""tvcss_9"">10 (15)</td>
<td class=""tvcss_10"">20 (15)</td>
</tr>
</tbody>
</table>
  
Perform a Chi-square (*X*<sup>2</sup>) test for the data presented in
the table. What is the correct conclusion with α = 0.05?
Answerlist
----------
* There is a statistical association between income and satisfaction,
  because the observed *X*<sup>2</sup> is smaller than the critical
  *X*<sup>2</sup>.
* There is no statistical association between income and satisfaction,
  because the observed *X*<sup>2</sup> is smaller than the critical
  *X*<sup>2</sup>.
* There is a statistical association between income and satisfaction,
  because the observed *X*<sup>2</sup> is greater than the critical
  *X*<sup>2</sup>.
* There is no statistical association between income and satisfaction,
  because the observed *X*<sup>2</sup> is greater than the critical
  *X*<sup>2</sup>.
",schoice,inferential statistics/nhst/test statistic/chi-squared,performing analysis,calculator,English,statistical thinking,b295f,inferential statistics/chi-squared,2026-01-12
6954,Inferential_Statistics/vufsw-chi-squared-1219-nl,vufsw-chi-squared-1219-nl,"Beschouw de volgende contingentietabel met de variabele inkomen in de rijen en de variabele werktevredenheid in de kolommen. De waarden in de cellen zijn de waargenomen frequenties. De waarden tussen haakjes zijn de verwachte frequenties.  
  
<table class=""tvcss_2 tvcss_3 tvcss_4""> <colgroup> <col style=""width: 25%"" /> <col style=""width: 25%"" /> <col style=""width: 25%"" /> <col style=""width: 25%"" /> </colgroup> <tbody> <tr class=""odd""> <td class=""tvcss_5""><br /> </td> <td class=""tvcss_6""><br /> </td> <td colspan=""2"" class=""tvcss_7 tvcss_8""><em>Beroepstevredenheid</em><br /> </td> </tr> <tr class=""even""> <td class=""tvcss_5""><br /> </td> <td class=""tvcss_6""><br /> </td> <td class=""tvcss_9"">Ontevreden</td> <td class=""tvcss_10"">Tevreden</td> </tr> <tr class=""odd""> <td rowspan=""3"" class=""tvcss_5 tvcss_11""><em>Inkomen</em><br /> </td> <td class=""tvcss_6"">Naar beneden modaal</td> <td class=""tvcss_9"">20 (15)</td> <td class=""tvcss_10"">10 (15)</td> </tr> <tr class=""even""> <td class=""tvcss_6"">Modal</td> <td class=""tvcss_9"">20 (20)</td> <td class=""tvcss_10"">20 (20)</td> </tr> <tr class=""odd""> <td class=""tvcss_6"">Boven modaal</td> <td class=""tvcss_9"">10 (15)</td> <td class=""tvcss_10"">20 (15)</td> </tr> </tbody> </table>
  
Voer een Chi-kwadraattest (*X*<sup>2</sup>) uit voor de gegevens in de tabel. Wat is de juiste conclusie met α = 0,05?
Answerlist
----------
* Er is een statistisch verband tussen inkomen en tevredenheid, omdat de geobserveerde *X*<sup>2</sup> kleiner is dan de kritieke *X*<sup>2</sup>.
* Er is geen statistisch verband tussen inkomen en tevredenheid, omdat de geobserveerde *X*<sup>2</sup> kleiner is dan de kritische *X*<sup>2</sup>. *X*<sup>2</sup>.
* Er is een statistisch verband tussen inkomen en tevredenheid, omdat de geobserveerde *X*<sup>2</sup> groter is dan de kritische *X*<sup>2</sup>. *X*<sup>2</sup>.
* Er is geen statistisch verband tussen inkomen en tevredenheid, omdat de geobserveerde *X*<sup>2</sup> groter is dan de kritische *X*<sup>2</sup>. *X*<sup>2</sup>.
",schoice,inferential statistics/nhst/test statistic/chi-squared,performing analysis,calculator,Dutch,statistical thinking,7c437,inferential statistics/chi-squared,2026-01-12
6961,Inferential_Statistics/vufsw-chisquared-0092-en,vufsw-chisquared-0092-en,"A student at the VU has conducted research on the use of social media among Dutch people. For her thesis, she collected data on the use of Instagram of 297 people. In the following table, the age range of the respondents is plotted according to the question of whether they have an Instagram account (actual observed numbers).  
  
TRUE is the critical Chi-square value when we test whether there is a relationship between these two variables and use an alpha of 5% (α = 0,05)?  
  
![](1641898922841.png)
Answerlist
----------
* 18.31
* 9.49
* 5.99
* 13.28
* 3.84
* 124.3
",schoice,inferential statistics/nhst/test statistic/chi-squared,performing analysis,calculator,English,statistical literacy,f6bf3,inferential statistics/chi-squared,2026-01-12
6962,Inferential_Statistics/vufsw-chisquared-0092-nl,vufsw-chisquared-0092-nl,"Een student aan de VU heeft onderzoek gedaan naar het gebruik van
sociale media onder Nederlanders. Voor haar thesis verzamelde zij
gegevens over het gebruik van Instagram van 297 mensen. In de volgende
tabel wordt de leeftijdscategorie van de respondenten uitgezet naar de
vraag of ze een Instagram account hebben (feitelijk geobserveerde
aantallen).  
  
Wat is de kritieke Chi-kwadraat waarde wanneer we toetsen of er een
verband is tussen deze twee variabelen en een alpha van 5% hanteren (α =
0,05)?  
  
![](1641898922841.png)
Answerlist
----------
* 18.31
* 9.49
* 5.99
* 13.28
* 3.84
* 124.3
",schoice,inferential statistics/nhst/test statistic/chi-squared,performing analysis,calculator,Dutch,statistical literacy,cad69,inferential statistics/chi-squared,2026-01-12
6963,Inferential_Statistics/vufsw-chisquared-0099-en,vufsw-chisquared-0099-en,"A researcher did not get an answer from everyone an answer. The table below shows how many people he did or did not receive an answer from.  
H<sub>0</sub>: Gender and answer are independent.  
H<sub>a</sub>: Gender and answer are dependent.  
  
What is your conclusion regarding the null hypothesis? Test with alpha = .05.  
  
![](1641901241116.png)
Answerlist
----------
* We cannot reject the null hypothesis because the p-value is greater than .05.
* We cannot reject the null hypothesis because the p-value is smaller than .05.
* We can reject the null hypothesis because the observed chi-square is greater than .05.
* We can reject the null hypothesis because the observed chi-square is smaller than .05.
",schoice,inferential statistics/nhst/test statistic/chi-squared,performing analysis,calculator,English,statistical literacy,28028,inferential statistics/chi-squared,2026-01-12
6964,Inferential_Statistics/vufsw-chisquared-0099-nl,vufsw-chisquared-0099-nl,"Een onderzoeker heeft bij een bepaalde vraag in zijn survey niet van
iedereen een antwoord gekregen. In onderstaande tabel staat van hoeveel
mensen hij al dan niet een antwoord heeft gekregen.  
H<sub>0</sub>: Geslacht en antwoord zijn onafhankelijk.  
H<sub>a</sub>: Geslacht en antwoord zijn afhankelijk.  
  
Wat is je conclusie wat betreft de nulhypothese? Toets met alpha =
.05.  
  
![](1641901241116.png)
Answerlist
----------
* We kunnen de nulhypothese niet verwerpen, omdat de p-waarde groter is
  dan .05.
* We kunnen de nulhypothese niet verwerpen, omdat de p-waarde kleiner is
  dan .05.
* We kunnen de nulhypothese verwerpen, omdat de geobserveerde chi-square
  groter is dan .05.
* We kunnen de nulhypothese verwerpen, omdat de geobserveerde chi-square
  kleiner is dan .05.
",schoice,inferential statistics/nhst/test statistic/chi-squared,performing analysis,calculator,Dutch,statistical literacy,5ad9a,inferential statistics/chi-squared,2026-01-12
6979,Inferential_Statistics/vufsw-coefficient_t-test-1353-en,vufsw-coefficient_t-test-1353-en,"Field describes a study on the growing interest in cosmetic surgery
treatments. He collected quality of life data from a sample of
respondents, some of whom had undergone cosmetic surgery and some of
whom were still on the waiting list for it (variable: surgery: 0 =
waiting list, 1 = cosmetic surgery). He measured the quality of life at
the time of application for the cosmetic surgery, the 'baseline' quality
of life (variable: Base\_Qol, scale 0-1, a higher score means a higher
quality of life) and after some time, after the surgery had taken place
for those who underwent the surgery directly, but also at the same time
for the group who were still on the waiting list (variable: Post\_Qol,
scale 0-100, a higher score means a higher quality of life).  
  
Below are the results of a regression analysis with the post-measurement
of quality of life as the dependent variable (Post\_Qol), and in which
having or not having had the cosmetic procedure (Surgery) and the
'baseline' quality of life (Base\_Qol) are included in the model. In
addition, in Model 2, the interaction between surgery and baseline
quality of life (Base\_Qol\_surgery) was added to the model.  
![](1602953152623.png)
  
In regression model 1, the t-value of Base\_Qol is omitted. What is the
t-value? Give a number with one decimal
",num,inferential statistics/regression/coefficient t-test,performing analysis,calculator,English,NA,440ff,inferential statistics/coefficient t-test,2026-01-12
6980,Inferential_Statistics/vufsw-coefficient_t-test-1353-nl,vufsw-coefficient_t-test-1353-nl,"Field beschrijft een onderzoek over de groeiende belangstelling voor
cosmetische chirurgische behandelingen. Hij verzamelde data over de
kwaliteit van leven onder een steekproef van respondenten van wie een
deel een cosmetische operatie had ondergaan en een deel nog op de
wachtlijst stond daarvoor (variabele: surgery: 0 = waiting list, 1 =
cosmetic surgery). Hij meet de kwaliteit van leven bij aanmelding voor
de cosmetische ingreep, de ‘baseline’ kwaliteit van leven (variabele:
Base\_Qol, schaal 0-1, een hogere score betekent een hogere kwaliteit
van leven) en na een tijdje, nadat de ingreep had plaatsgevonden voor
degenen die de operatie direct ondergingen, maar ook op hetzelfde moment
voor de groep die nog op de wachtlijst stond (variabele: Post\_Qol,
schaal 0-100, een hogere score betekent een hogere kwaliteit van
leven).  
  
Hieronder staan de resultaten van een regressieanalyse met de nameting
van kwaliteit van leven als afhankelijke variabele (Post\_Qol), en
waarin het wel of niet hebben ondergaan van de cosmetische ingreep
(Surgery) en de ‘baseline’ kwaliteit van leven (Base\_Qol) in het model
zijn opgenomen. In model 2 is bovendien de interactie tussen ‘surgery’
en ‘baseline’ kwaliteit van leven aan het model toegevoegd
(Base\_Qol\_surgery).  
![](1602953152623.png)
  
In **regressiemodel 1** is de t-waarde van Base\_Qol weggelaten. Wat is
de t-waarde? *Geef een getal met één decimaal, verder niets.*
",string,inferential statistics/regression/coefficient t-test,performing analysis,calculator,Dutch,statistical literacy,842f1,inferential statistics/coefficient t-test,2026-01-12
7100,Inferential_Statistics/vufsw-equation-1023-en,vufsw-equation-1023-en,"If you were researching the effect of *hours *of training (predictor)
and *attitude *(moderator) on the performance of a specific skill (e.g.
the number of goals scored: *performance*), and the regression results
give you the following regression equation, how much **is the effect of
hours of training** on performance if *attitude *equals its mean? All
the variables in this regression are mean-centred.  
  
*Use a full stop/point as a decimal separator and round to 3
decimals.*  
  
*p**e**r**f**o**r**m**a**n**c**e* = 1.23<sup>\*</sup> + 0.112 × *a**t**t**i**t**u**d**e* + 0.531<sup>\*</sup> × *h**o**u**r**s* + 0.167<sup>\*</sup> × *a**t**t**i**t**u**d**e* × *h**o**u**r**s*  
  
\* indicates a statistically significant effect
",num,inferential statistics/regression/equation,performing analysis,NA,English,statistical literacy,890bc,inferential statistics/equation,2026-01-12
7101,Inferential_Statistics/vufsw-equation-1023-nl,vufsw-equation-1023-nl,"Als je het effect onderzocht van uren ""*hours*"" training (predictor) en
houding ""*attitude""* (moderator) op de prestaties van een specifieke
vaardigheid (bijv. Aantal gescoorde goals: *performance*), en de
regressieresultaten geven je de volgende regressievergelijking,
hoeveel **is het effect van uren training** op prestaties als houding
gelijk is aan het gemiddelde?  
*  
Alle variabelen in deze regressie zijn gecentreerd. Gebruik een punt als
decimaal scheidingsteken en rond af naar 3 decimalen.*  
  
*p**e**r**f**o**r**m**a**n**c**e* = 1.23<sup>\*</sup> + 0.112 × *a**t**t**i**t**u**d**e* + 0.531<sup>\*</sup> × *h**o**u**r**s* + 0.167<sup>\*</sup> × *a**t**t**i**t**u**d**e* × *h**o**u**r**s*
",num,inferential statistics/regression/equation,performing analysis,NA,Dutch,statistical literacy,066ac,inferential statistics/equation,2026-01-12
7127,Inferential_Statistics/vufsw-hypothesis-1185-en,vufsw-hypothesis-1185-en,"A politician thinks that in a new referendum on the Brexit, 53% of the
British would vote in favour of remaining in the EU.  
  
A researcher doubts that this assumption is true and thinks that this
percentage is lower. He draws a random sample of respondents (n=202) to
study this. In this sample, 51% of the respondents answer that in a new
referendum on the Brexit, they would vote in favour of remaining in the
EU.  
  
What is the probability to get such a proportion (or more extreme), if
we assume that the assumption of the politician is true?
Answerlist
----------
* 1.71%
* 2.22%
* 5.7%
* 19.78%
* 28.4%
",schoice,inferential statistics/nhst/hypothesis,performing analysis,calculator,English,statistical thinking,9a790,inferential statistics/hypothesis,2026-01-12
7128,Inferential_Statistics/vufsw-hypothesis-1185-nl,vufsw-hypothesis-1185-nl,"Een politicus denkt dat in een nieuw referendum over de Brexit 53% van de Britten voor handhaving in de EU zou stemmen.  
  
Een onderzoeker betwijfelt of deze assumptie waar is en denkt dat dit percentage lager is. Hij trekt een willekeurige steekproef van respondenten (n=202) om dit te dit te onderzoeken. In deze steekproef antwoordt 51% van de respondenten dat ze in een nieuw referendum over de Brexit, ze zouden stemmen voor het blijven in de EU.  
  
Wat is de kans om zo'n percentage (of extremer) te krijgen, als we aannemen dat de assumptie van de politicus waar is?
Answerlist
----------
* 1.71%
* 2.22%
* 5.7%
* 19.78%
* 28.4%
",schoice,inferential statistics/nhst/hypothesis,performing analysis,calculator,Dutch,statistical thinking,5fd63,inferential statistics/hypothesis,2026-01-12
7151,Inferential_Statistics/vufsw-independentsamplesmeans-1174-en,vufsw-independentsamplesmeans-1174-en,"With two brands of candles (Brand X and Brand Y), it has been tested how
many hours they will last. The results are below.  
  
![](1644999332975.png)
  
H<sub>0</sub>: mean1 - mean2 = 0  
H<sub>a</sub>: mean1 - mean2 is not equal to 0  
  
Draw conclusions about the hypotheses with a significance level of .01
(alpha = 1%).
Answerlist
----------
* We can reject the null hypothesis, since the absolute observed t-value
  is greater than the critical t-value.
* We can not reject the null hypothesis, since the absolute observed
  t-value is greater than the critical t-value.
* We can reject the null hypothesis, since the absolute observed t-value
  is less than the critical t-value.
* We can not reject the null hypothesis, since the absolute observed
  t-value is less than the critical t-value.
",schoice,inferential statistics/parametric techniques/t-test/independent samples means,performing analysis,calculator,English,statistical thinking,ca735,inferential statistics/independent samples means,2026-01-12
7152,Inferential_Statistics/vufsw-independentsamplesmeans-1174-nl,vufsw-independentsamplesmeans-1174-nl,"Met twee merken kaarsen (merk X en merk Y) is getest hoeveel hoeveel uur ze meegaan. De resultaten staan hieronder.  
  
![](1644999332975.png)
  
H<sub>0</sub>: mean1 - mean2 = 0 H<sub>a</sub>: mean1 - mean2 is niet gelijk aan 0  Trek conclusies over de hypothesen met een significantieniveau van .01 (alpha = 1%).
Antwoordenlijst
----------
* We kunnen de nulhypothese verwerpen, omdat de absolute waargenomen t-waarde groter is dan de kritische t-waarde.
* We kunnen de nulhypothese niet verwerpen, omdat de absolute waargenomen t-waarde groter is dan de kritische t-waarde.
* We kunnen de nulhypothese verwerpen, aangezien de absolute waargenomen t-waarde kleiner is dan de kritische t-waarde.
* We kunnen de nulhypothese niet verwerpen, aangezien de absolute waargenomen t-waarde kleiner is dan de kritische t-waarde.
",schoice,inferential statistics/parametric techniques/t-test/independent samples means,performing analysis,calculator,Dutch,statistical thinking,ba7be,inferential statistics/independent samples means,2026-01-12
7175,Inferential_Statistics/vufsw-manova-1040-en,vufsw-manova-1040-en,"A management consultant was interested in gauging the success of
different motivation-enhancing practices on employees. She had two
groups of employees who underwent different types of practices: a group
team-building exercise and a confidence-building meeting.  
  
After the motivational practice, participants were asked to endorse
eight statements relating to their motivation (on a five-point Likert
scale from 1 = disagree to 5 = agree): (1) I live for succeeding in my
job,  
(2) I look forward to work when I get up in the morning,  
(3) I do not like missing days through illness,  
(4) I want to work hard to gain a promotion,  
(5) I am going to be more successful this year than last,  
(6) I am in this job to pay the bills,  
(7) People who work harder than me irritate me,  
(8) I often look on the internet for other jobs.  
  
To ascertain whether the motivational practices had an effect on the
responses, the management consultant had to employ a MANOVA
with** \[--I--\]** dependent variables and a factor with** \[--II--\]**
categories. Give always a number as a response!
Answerlist
----------
* I. 8  
  II. 2
* I. 2  
  II. 8
* I. 7  
  II. 2
* I. 2  
  II. 7
",schoice,inferential statistics/parametric techniques/anova/manova,performing analysis,NA,English,statistical thinking,7441c,inferential statistics/manova,2026-01-12
7176,Inferential_Statistics/vufsw-manova-1040-nl,vufsw-manova-1040-nl,"Een managementconsultant was geïnteresseerd in het meten van het succes
van verschillende motivatie bevorderende *practises *bij werknemers. Ze
had twee groepen werknemers die verschillende soorten *practises*
ondergingen: een groep met een teambuilding opdracht en een
vertrouwensopbouwende bijeenkomst.  
   
Na de motiverende *practise* werd de deelnemers gevraagd acht stellingen
met betrekking tot hun motivatie in te vullen (op een Likert-schaal van
vijf punten van 1 = niet mee eens tot 5 = mee eens):  
(1) ik leef om te slagen in mijn werk,  
(2) ik kijk uit naar het werk als ik 's morgens opsta,  
(3) ik hou er niet van om dagen door ziekte te missen,  
(4) ik wil hard werken om promotie te krijgen,  
(5) ik zal dit jaar succesvoller zijn dan vorig jaar,  
(6) Ik doe dit werk om de rekeningen te betalen,  
(7) Mensen die harder werken dan ik irriteren me,  
(8) Ik zoek vaak op internet naar andere banen.  
  
Om na te gaan of de motiverende practises effect hadden op de gegeven
antwoorden, moest de managementconsultant een MANOVA test uitvoeren met
**\[--I--\] **afhankelijke variabelen en een factor met **\[--II--\]**
categorieën. Geef een rond getal als antwoord.
Answerlist
----------
* I. 8  
  II. 2
* I. 2  
  II. 8
* I. 7  
  II. 2
* I. 2  
  II. 7
",schoice,inferential statistics/parametric techniques/anova/manova,performing analysis,NA,Dutch,statistical thinking,8ca5f,inferential statistics/manova,2026-01-12
7365,Inferential_Statistics/vufsw-moderation-0243-en,vufsw-moderation-0243-en,"Below is a regression equation of a moderation model. The dependent variable ""**PINC**"" is personal monthly income (net, in euros). ""**MAN**"" is a dummy variable (female = 0; male =1); ""**FULLTIME**"" is a dummy variable indicating whether a person works 32 hours or more (score 1) or less than 32 hours of paid work per week (score 0).  
  
PINC = 1381 + 644\*MAN + 742\*FULLTIME - 128\*FULLTIME.  
  
Suppose we want to test whether the moderation effect (idem: interaction effect) of MAN on the relationship between FULLTIME and PINC is significant. What should we do then?
Answerlist
----------
* We should then check whether the value -128 is significantly different from 0.
* We must then check whether the value 742 is significantly different from 0.
* We must then check whether the difference between the value 742 and the value 644 deviates significantly from 0.
* We must then verify that the difference between the value 742 and the value -128 is significantly different from 0.
* We must then verify that the difference between the value 644 and the value -128 is significantly different from 0.
",schoice,inferential statistics/regression/multiple linear regression/moderation,performing analysis,NA,English,statistical literacy,7f81e,inferential statistics/moderation,2026-01-12
7366,Inferential_Statistics/vufsw-moderation-0243-nl,vufsw-moderation-0243-nl,"Hieronder staat een regressievergelijking van een moderatie-model. De
afhankelijke variabele “**PINC**” is persoonlijk maandinkomen (netto, in
euro’s). “**MAN**” is een dummy variabele (vrouw = 0; man =1);
“**FULLTIME**” is een dummy variabele die aangeeft of iemand 32 uur of
meer (score 1) of minder dan 32 uur per week betaalde arbeid verricht
(score 0).  
  
PINC = 1381 + 644\*MAN + 742\*FULLTIME – 128\*MAN\*FULLTIME.  
  
Stel, we willen toetsen of het moderatie-effect (idem:
interactie-effect) van MAN op de relatie tussen FULLTIME en PINC
significant is. Wat moeten we dan doen?
Answerlist
----------
* We moeten dan nagaan of de waarde -128 significant afwijkt van 0.
* We moeten dan nagaan of de waarde 742 significant afwijkt van 0.
* We moeten dan nagaan of het verschil tussen de waarde 742 en de waarde
  644 significant afwijkt van 0.
* We moeten dan nagaan of het verschil tussen de waarde 742 en de waarde
  -128 significant afwijkt van 0.
* We moeten dan nagaan of het verschil tussen de waarde 644 en de waarde
  -128 significant afwijkt van 0.
",schoice,inferential statistics/regression/multiple linear regression/moderation,performing analysis,NA,Dutch,statistical literacy,dd5e1,inferential statistics/moderation,2026-01-12
7459,Inferential_Statistics/vufsw-multiple_linear_regression-1227-en,vufsw-multiple_linear_regression-1227-en,"Given is the following incomplete output. Occupational prestige is the
dependent variable, and age in years, education in number of years of
the respondent, the father and the mother are the independent
variables.  
   
  
<table class=""fr-alternate-rows tvcss_2 tvcss_3"" style=""width:100%;"">
<colgroup>
<col style=""width: 14%"" />
<col style=""width: 14%"" />
<col style=""width: 14%"" />
<col style=""width: 14%"" />
<col style=""width: 14%"" />
<col style=""width: 14%"" />
<col style=""width: 14%"" />
</colgroup>
<tbody>
<tr class=""odd"">
<td colspan=""7""
class=""tvcss_4 tvcss_5""><strong>Coefficients</strong><sup><strong>a</strong></sup><br />
</td>
</tr>
<tr class=""even"">
<td colspan=""2"" rowspan=""2"" class=""tvcss_6""><br />
<br />
Model<br />
</td>
<td colspan=""2"" class=""tvcss_7 tvcss_5"">Unstandardized
Coefficients<br />
</td>
<td class=""tvcss_8 tvcss_5"">Standardized Coefficients<br />
</td>
<td rowspan=""2"" class=""tvcss_9 tvcss_5""><br />
<br />
t<br />
</td>
<td rowspan=""2"" class=""tvcss_10 tvcss_5""><br />
<br />
Sig.<br />
</td>
</tr>
<tr class=""odd"">
<td class=""tvcss_11 tvcss_5"">B<br />
</td>
<td class=""tvcss_12 tvcss_5"">Std. Error<br />
</td>
<td class=""tvcss_13 tvcss_5"">Beta<br />
</td>
</tr>
<tr class=""even"">
<td rowspan=""5"" class=""tvcss_14 tvcss_15"">1<br />
</td>
<td class=""tvcss_16"">(Constant)<br />
</td>
<td class=""tvcss_11 tvcss_5"">4.339<br />
</td>
<td class=""tvcss_12 tvcss_5"">1.839<br />
</td>
<td class=""tvcss_13 tvcss_5""><br />
</td>
<td class=""tvcss_17 tvcss_5"">2.359<br />
</td>
<td class=""tvcss_18 tvcss_5"">.018<br />
</td>
</tr>
<tr class=""odd"">
<td class=""tvcss_16"">age age at day of interview<br />
</td>
<td class=""tvcss_11 tvcss_5"">.085<br />
</td>
<td class=""tvcss_12 tvcss_5"">.021<br />
</td>
<td class=""tvcss_13 tvcss_5"">.056<br />
</td>
<td class=""tvcss_17""><br />
</td>
<td class=""tvcss_18""><br />
</td>
</tr>
<tr class=""even"">
<td class=""tvcss_16"">edu education level attained (years)<br />
</td>
<td class=""tvcss_11 tvcss_5"">2.709<br />
</td>
<td class=""tvcss_12 tvcss_5"">.070<br />
</td>
<td class=""tvcss_13 tvcss_5"">.610<br />
</td>
<td class=""tvcss_17""><br />
</td>
<td class=""tvcss_18""><br />
</td>
</tr>
<tr class=""odd"">
<td class=""tvcss_16"">eduf educ level father<br />
</td>
<td class=""tvcss_11 tvcss_5"">.446<br />
</td>
<td class=""tvcss_12 tvcss_5"">.090<br />
</td>
<td class=""tvcss_13 tvcss_5"">.085<br />
</td>
<td class=""tvcss_17""><br />
</td>
<td class=""tvcss_18""><br />
</td>
</tr>
<tr class=""even"">
<td class=""tvcss_16"">edum educ level mother<br />
</td>
<td class=""tvcss_11 tvcss_5"">.018<br />
</td>
<td class=""tvcss_12 tvcss_5"">.141<br />
</td>
<td class=""tvcss_13 tvcss_5"">.002<br />
</td>
<td class=""tvcss_17""><br />
</td>
<td class=""tvcss_18""><br />
</td>
</tr>
<tr class=""odd"">
<td colspan=""7"" class=""tvcss_4"">a. Dependent Variable: occpre
occupational prestige (highest)<br />
</td>
</tr>
</tbody>
</table>
   
Which of the four independent variables has a statistically significant
effect on occupational prestige?
Answerlist
----------
* Age, education respondent, and education father.
* Age, education respondent, and education mother.
* Age, education respondent, education father, and education mother.
* Age and education respondent.
",schoice,inferential statistics/regression/multiple linear regression,performing analysis,calculator,English,statistical literacy,58f3f,inferential statistics/multiple linear regression,2026-01-12
7460,Inferential_Statistics/vufsw-multiple_linear_regression-1227-nl,vufsw-multiple_linear_regression-1227-nl,"Gegeven is de volgende onvolledige uitvoer. Beroepsprestige is de afhankelijke variabele, en leeftijd in jaren, opleiding in aantal jaren van de respondent, de vader en de moeder zijn de onafhankelijke variabelen.  
   
  
<table class=""fr-alternate-rows tvcss_2 tvcss_3"" style=""width:100%;""> <colgroup> <col style=""width: 14%"" /> <col style=""width: 14%"" /> <col style=""width: 14%"" /> <col style=""width: 14%"" /> <col style=""width: 14%"" /> <col style=""width: 14%"" /> <col style=""width: 14%"" /> </colgroep> <tbody> <tr class=""odd""> <td colspan=""7"" class=""tvcss_4 tvcss_5""><strong>Coefficients</strong><sup><strong>a</strong></sup><br /> </td> </tr> <tr class=""even""> <td colspan=""2"" rowspan=""2"" class=""tvcss_6""><br /> <br /> Model<br /> </td> <td colspan=""2"" class=""tvcss_7 tvcss_5"">Gestandaardiseerde Coëfficiënten<br /> </td> <td class=""tvcss_8 tvcss_5"">Genormaliseerde coëfficiënten<br /> </td> <td rowspan=""2"" class=""tvcss_9 tvcss_5""><br /> <br /> t<br /> </td> <td rowspan=""2"" class=""tvcss_10 tvcss_5""><br /> <br /> Sig.<br /> </td> </tr> <tr class=""odd""> <td class=""tvcss_11 tvcss_5"">B<br /> </td> <td class=""tvcss_12 tvcss_5"">Std. fout<br /> </td> <td class=""tvcss_13 tvcss_5"">Beta<br /> </td> </tr> <tr class=""even""> <td rowspan=""5"" class=""tvcss_14 tvcss_15"">1<br /> </td> <td class=""tvcss_16"">(Constant)<br /> </td> <td class=""tvcss_11 tvcss_5"">4.339<br /> </td> <td class=""tvcss_12 tvcss_5"">1.839<br /> </td> <td class=""tvcss_13 tvcss_5""><br /> </td> <td class=""tvcss_17 tvcss_5"">2.359<br /> </td> <td class=""tvcss_18 tvcss_5"">.018<br /> </td> </tr> <tr class=""odd""> <td class=""tvcss_16"">leeftijd op dag van interview<br /> </td> <td class=""tvcss_11 tvcss_5"">.085<br /> </td> <td class=""tvcss_12 tvcss_5"">.021<br /> </td> <td class=""tvcss_13 tvcss_5"">.056<br /> </td> <td class=""tvcss_17""><br /> </td> <td class=""tvcss_18""><br /> </td> </tr> <tr class=""even""> <td class=""tvcss_16"">edu bereikt onderwijsniveau (jaren)<br /> </td> <td class=""tvcss_11 tvcss_5"">2.709<br /> </td> <td class=""tvcss_12 tvcss_5"">.070<br /> </td> <td class=""tvcss_13 tvcss_5"">.610<br /> </td> <td class=""tvcss_17""><br /> </td> <td class=""tvcss_18""><br /> </td> </tr> <tr class=""odd""> <td class=""tvcss_16"">eduf opleidingsniveau vader<br /> </td> <td class=""tvcss_11 tvcss_5"">.446<br /> </td> <td class=""tvcss_12 tvcss_5"">.090<br /> </td> <td class=""tvcss_13 tvcss_5"">.085<br /> </td> <td class=""tvcss_17""><br /> </td> <td class=""tvcss_18""><br /> </td> </tr> <tr class=""even""> <td class=""tvcss_16"">edum opleidingsniveau moeder<br /> </td> <td class=""tvcss_11 tvcss_5"">.018<br /> </td> <td class=""tvcss_12 tvcss_5"">.141<br /> </td> <td class=""tvcss_13 tvcss_5"">.002<br /> </td> <td class=""tvcss_17""><br /> </td> <td class=""tvcss_18""><br /> </td> </tr> <tr class=""odd""> <td colspan=""7"" class=""tvcss_4"">a. Afhankelijke variabele: occpre beroepsprestige (hoogste)<br /> </td> </tr> </tbody> </tabel>
   
Welke van de vier onafhankelijke variabelen heeft een statistisch significant effect op beroepsprestige?
Answerlist
----------
* Leeftijd, opleiding respondent en opleiding vader.
* Leeftijd, opleiding respondent en opleiding moeder.
* Leeftijd, opleiding respondent, opleiding vader, en opleiding moeder.
* Leeftijd en opleiding respondent.
",schoice,inferential statistics/regression/multiple linear regression,performing analysis,calculator,Dutch,statistical literacy,15bc5,inferential statistics/multiple linear regression,2026-01-12
7461,Inferential_Statistics/vufsw-multiple_linear_regression-1237-en,vufsw-multiple_linear_regression-1237-en,"A researcher wants to investigate to what extent age (X<sub>1</sub>) and
gender (X<sub>2</sub>) can predict how many hours someone spends each
day on social media. The regression analysis based on a sample of 160
respondents gives the following (fictitious) results:  
  
<table style=""width:100%;"">
<colgroup>
<col style=""width: 16%"" />
<col style=""width: 16%"" />
<col style=""width: 16%"" />
<col style=""width: 16%"" />
<col style=""width: 16%"" />
<col style=""width: 16%"" />
</colgroup>
<tbody>
<tr class=""odd"">
<td>Predictor</td>
<td>Coef (<em>b</em>)</td>
<td>SE Coef (se<em><sub>b</sub></em>)</td>
<td class=""tvcss_2"">Standardized Coef (Beta)</td>
<td class=""tvcss_3"">t</td>
<td>Sig.</td>
</tr>
<tr class=""even"">
<td>Constant</td>
<td>3.008</td>
<td>.258</td>
<td class=""tvcss_2""><br />
</td>
<td class=""tvcss_3""> </td>
<td><br />
</td>
</tr>
<tr class=""odd"">
<td>Age (X<sub>1</sub>)</td>
<td>-.020</td>
<td>.018</td>
<td class=""tvcss_2"">-.036</td>
<td class=""tvcss_3""><br />
</td>
<td><br />
</td>
</tr>
<tr class=""even"">
<td>Gender (X<sub>2</sub>)</td>
<td>.289</td>
<td>.04 6</td>
<td class=""tvcss_2"">.205</td>
<td class=""tvcss_3""><br />
</td>
<td><br />
</td>
</tr>
</tbody>
</table>
  
As you can see, the t-values and the p-values are missing. The
researcher tests one-sidedly with alpha= 0.05. Which variables have a
significant influence on Y?
Answerlist
----------
* Age (X<sub>1</sub>).
* Gender (X<sub>2</sub>).
* Both age (X<sub>1</sub>) and gender (X<sub>2</sub>).
* Neither age (X<sub>1</sub>) nor gender (X<sub>2</sub>).  
    
    
",schoice,inferential statistics/regression/multiple linear regression,performing analysis,calculator,English,statistical literacy,16bfb,inferential statistics/multiple linear regression,2026-01-12
7462,Inferential_Statistics/vufsw-multiple_linear_regression-1237-nl,vufsw-multiple_linear_regression-1237-nl,"Een onderzoeker wil nagaan in hoeverre leeftijd (X<sub>1</sub>) en geslacht (X<sub>2</sub>) kunnen voorspellen hoeveel uur iemand per dag besteedt aan besteedt aan sociale media. De regressieanalyse op basis van een steekproef van 160 respondenten geeft de volgende (fictieve) resultaten:  
  
<table style=""width:100%;""> <colgroup> <col style=""width: 16%"" /> <col style=""width: 16%"" /> <col style=""width: 16%"" /> <col style=""width: 16%"" /> <col style=""width: 16%"" /> <col style=""width: 16%"" /> </colgroep> <tbody> <tr class=""odd""> <td>Voorspeller</td> <td>Coef (<em>b</em>)</td> <td>SE Coef (se<em><sub>b</sub></em>)</td> <td class=""tvcss_2"">Gestandaardiseerde Coef (Beta)</td> <td class=""tvcss_3"">t</td> <td>Sig.</td> </tr> <tr class=""even""> <td>Constante</td> <td>3,008</td> <td>.258</td> <td class=""tvcss_2""><br /> </td> <td class=""tvcss_3""> </td> <td><br /> </td> </tr> <tr class=""odd""> <td>Leeftijd (X<sub>1</sub>)</td> <td>-.020</td> <td>.018</td> <td class=""tvcss_2"">-.036</td> <td class=""tvcss_3""><br /> </td> <td><br /> </td> </tr> <tr class=""even""> <td>Gender (X<sub>2</sub>)</td> <td>.289</td> <td>.04 6</td> <td class=""tvcss_2"">.205</td> <td class=""tvcss_3""><br /> </td> <td><br /> </td> </tr> </tbody> </table>
  
Zoals je kunt zien, ontbreken de t-waarden en de p-waarden. De onderzoeker test eenzijdig met alpha= 0,05. Welke variabelen hebben een significante invloed op Y?
Answerlist
----------
* Leeftijd (X<sub>1</sub>).
* Geslacht (X<sub>2</sub>).
* Zowel leeftijd (X<sub>1</sub>) als geslacht (X<sub>2</sub>).
* Noch leeftijd (X<sub>1</sub>) noch geslacht (X<sub>2</sub>).  
    
    
",schoice,inferential statistics/regression/multiple linear regression,performing analysis,calculator,Dutch,statistical literacy,4a90e,inferential statistics/multiple linear regression,2026-01-12
7463,Inferential_Statistics/vufsw-multiple_linear_regression-1264-en,vufsw-multiple_linear_regression-1264-en,"The linear relationship between the degree of experience of pain (Y)
during an anaesthetic injection and the degree of dentition anxiety
(X<sub>1</sub>) and age (X<sub>2</sub>) in a regression formula is equal
to  Y  = 1.00 + 0.23 X<sub>1 </sub>+ 0.02 X<sub>2</sub>. A person of 20
years old is pretty anxious about the dentist. He/she has an anxiety
score of 24. What is the predicted value for the pain of this person?
Answerlist
----------
* 0.23
* 6.92
* 5.52
* 1.00
",schoice,inferential statistics/regression/multiple linear regression,performing analysis,calculator,English,statistical literacy,ba808,inferential statistics/multiple linear regression,2026-01-12
7464,Inferential_Statistics/vufsw-multiple_linear_regression-1264-nl,vufsw-multiple_linear_regression-1264-nl,"De lineaire relatie tussen de mate van pijnbeleving (Y) tijdens een verdovingsprik en de mate van angst voor het gebit (X<sub>1</sub>) en leeftijd (X<sub>2</sub>) in een regressieformule is gelijk aan aan Y = 1,00 + 0,23 X<sub>1 </sub>+ 0,02 X<sub>2</sub>. Een persoon van 20 jaar is behoorlijk angstig voor de tandarts. Hij/zij heeft een angst score van 24. Wat is de voorspelde waarde voor de pijn van deze persoon?
Answerlist
----------
* 0.23
* 6.92
* 5.52
* 1.00
",schoice,inferential statistics/regression/multiple linear regression,performing analysis,calculator,Dutch,statistical literacy,fd259,inferential statistics/multiple linear regression,2026-01-12
7569,Inferential_Statistics/vufsw-paired_samples-1131-en,vufsw-paired_samples-1131-en,"In an experiment, 20 randomly selected subjects receive training to
improve their mathematics skills. Their performance was measured before
the training took place (measurement 1) and afterwards (measurement 2)
on a scale of 1 to 10. A higher number means better performance. The
results can be found below. A researcher wants to check whether the
training increases the score and tests one-sided with alpha = 0.05.  
  
<table>
<tbody>
<tr class=""odd"">
<td>N</td>
<td>mean score measurement 1 (before)</td>
<td>mean score measurement 2 (afterwards)</td>
<td>  mean difference     </td>
<td>standard error (se) of the mean score difference</td>
</tr>
<tr class=""even"">
<td>20</td>
<td>         5.75</td>
<td>         6.35</td>
<td>       0.60                      </td>
<td>0.24</td>
</tr>
</tbody>
</table>
  
Calculate the t-value associated with testing the researcher's
hypothesis.
Answerlist
----------
* 1.01
* 2.44
* 2.50
* 2.82
",schoice,inferential statistics/parametric techniques/t-test/paired samples,performing analysis,calculator,English,statistical literacy,4d857,inferential statistics/paired samples,2026-01-12
7570,Inferential_Statistics/vufsw-paired_samples-1131-nl,vufsw-paired_samples-1131-nl,"In een experiment krijgen 20 willekeurig geselecteerde proefpersonen een training om hun wiskundevaardigheden te verbeteren. Hun prestaties werden gemeten voordat de training plaatsvond (meting 1) en daarna (meting 2) op een schaal van 1 tot 10. Een hoger cijfer betekent een betere prestatie. De resultaten staan hieronder. Een onderzoeker wil nagaan of de training de score verhoogt en test eenzijdig met alpha = 0,05.  
  
<tabel> <tbody> <tr class=""odd""> <td>N</td> <td>mean score meting 1 (voor)</td> <td>gemiddelde score meting 2 (achteraf)</td> <td>gemiddeld verschil </td> <td>standaardfout (se) van het gemiddelde scoreverschil</td> </tr> <tr class=""even""> <td>20</td> <td> 5,75</td> <td> 6,35</td> <td>0,60</td> <td>0,24</td> </tr> </tbody> </table>
  
Bereken de t-waarde die hoort bij het testen van de hypothese.
Answerlist
----------
* 1.01
* 2.44
* 2.50
* 2.82
",schoice,inferential statistics/parametric techniques/t-test/paired samples,performing analysis,calculator,Dutch,statistical literacy,64911,inferential statistics/paired samples,2026-01-12
7571,Inferential_Statistics/vufsw-paired_samples-1147-en,vufsw-paired_samples-1147-en,"30 employees of a multinational filled out a questionnaire twice, which,
among other things, recorded how much time (measured in number of
minutes per week) employees spend on various activities, such as
attending meetings and answering e-mails. The first measurement took
place a month prior to an 'effective meeting' course, and the second
measurement two months after the end of this course. A researcher
expects that the course has had an effect and employees spend less time
on meetings after the course. Suppose the results below were found. The
hypothesis is tested with a significance level of 5% (alpha = 0.05).  
  
<table class=""tvcss_2 tvcss_3"">
<tbody>
<tr class=""odd"">
<td class=""tvcss_4"">N</td>
<td class=""tvcss_5"">mean time (measurement 1)</td>
<td class=""tvcss_6""> mean time  (measurement 2)</td>
<td class=""tvcss_7"">mean difference  </td>
<td class=""tvcss_8"">standard error (se) of the mean difference      
  </td>
</tr>
<tr class=""even"">
<td class=""tvcss_4"">30</td>
<td class=""tvcss_5"">56.2 minutes per week</td>
<td class=""tvcss_6"">51.9 minutes per week    </td>
<td class=""tvcss_7"">4.3</td>
<td class=""tvcss_8"">2.2</td>
</tr>
</tbody>
</table>
  
Is the null hypothesis H<sub>0</sub> rejected?
Answerlist
----------
* Yes, because: the absolute observed t-value &gt; the critical t-value.
* No, because : the absolute observed t-value &gt; the critical t-value.
* Yes, because: the absolute observed t-value &lt; the critical t-value.
* No, because : the absolute observed t-value &lt; the critical t-value.
",schoice,inferential statistics/parametric techniques/t-test/paired samples,performing analysis,calculator,English,statistical thinking,08f71,inferential statistics/paired samples,2026-01-12
7572,Inferential_Statistics/vufsw-paired_samples-1147-nl,vufsw-paired_samples-1147-nl,"30 werknemers van een multinational vulden twee keer een vragenlijst in, waarin onder andere werd geregistreerd hoeveel tijd (gemeten in aantal minuten per week) werknemers besteedden aan verschillende activiteiten, zoals het bijwonen van vergaderingen en het beantwoorden van e-mails. De eerste meting vond een maand voorafgaand aan een cursus 'effectief vergaderen', en de tweede meting twee maanden na afloop van deze cursus. Een onderzoeker verwacht dat de cursus effect heeft gehad en dat medewerkers na de cursus minder tijd besteden aan vergaderingen na de cursus. Stel dat onderstaande resultaten zijn gevonden. De hypothese wordt getest met een significantieniveau van 5% (alpha = 0,05).  
  
<table class=""tvcss_2 tvcss_3""> <tbody> <tr class=""odd""> <td class=""tvcss_4"">N</td> <td class=""tvcss_5"">gemiddelde tijd (meting 1)</td> <td class=""tvcss_6"">gemiddelde tijd (meting 2)</td> <td class=""tvcss_7"">gemiddeld verschil </td> <td class=""tvcss_8"">standaardfout (se) van het gemiddelde verschil </td> </tr> <tr class=""even""> <td class=""tvcss_4"">30</td> <td class=""tvcss_5"">56,2 minuten per week</td> <td class=""tvcss_6"">51.9 minuten per week </td> <td class=""tvcss_7"">4.3</td> <td class=""tvcss_8"">2.2</td> </tr> </tbody> </table>
  
Is de nulhypothese H<sub>0</sub> verworpen?
Answerlist
----------
* Ja, want: de absolute waargenomen t-waarde &gt; de kritische t-waarde.
* Nee, want: de absolute waargenomen t-waarde &gt; de kritische t-waarde.
* Ja, want: de absolute waargenomen t-waarde &lt; de kritische t-waarde.
* Nee, want : de absolute waargenomen t-waarde &lt; de kritische t-waarde.
",schoice,inferential statistics/parametric techniques/t-test/paired samples,performing analysis,calculator,Dutch,statistical thinking,33b85,inferential statistics/paired samples,2026-01-12
7581,Inferential_Statistics/vufsw-pearson-1332-en,vufsw-pearson-1332-en,"![](1631180281739.png)
  
Reading books is not popular with young people and the question is what
can be done about it? Does it matter if young people enjoyed literature
classes at school? Does that encourage reading behaviour?  
In the above covariance/correlation matrix, the correlation between the
pleasure experienced in literature classes at school (enjoyclasses) and
subsequent reading frequency (yearlyreading) has been omitted. What is
the correlation? *Give a number in three decimal places.*
",num,inferential statistics/parametric techniques/correlations/pearson,performing analysis,calculator,English,statistical thinking,87f57,inferential statistics/pearson,2026-01-12
7582,Inferential_Statistics/vufsw-pearson-1332-nl,vufsw-pearson-1332-nl,"Boeken lezen is niet populair bij jongeren en de vraag is wat daaraan
gedaan kan worden. Maakt het wat uit als jongeren op school met veel
plezier de literatuurlessen op school hebben gevolgd? Stimuleert dat
leesgedrag?
![](1631180281739.png)
  
In bovenstaande covariantie/correlatiematrix is de correlatie tussen het
plezier dat beleefd is aan literatuurlessen op school (enjoyclasses) en
de latere leesfrequentie (yearlyreading) weggelaten. Wat is de
correlatie? *Geef een getal in drie decimalen.*
",num,inferential statistics/parametric techniques/correlations/pearson,performing analysis,calculator,Dutch,statistical thinking,2daef,inferential statistics/pearson,2026-01-12
7583,Inferential_Statistics/vufsw-pearson-1349-en,vufsw-pearson-1349-en,"  
![](1602856060527.png) 
  
![](1602856133971.png)
  
In the above covariance/correlation matrix, the correlation between labor hours (WRKHRS) and income (INCOME) has been omitted. What is the correlation? *Give a number in two decimal places, nothing else.*
",string,inferential statistics/parametric techniques/correlations/pearson,performing analysis,calculator,English,statistical literacy,89d2e,inferential statistics/pearson,2026-01-12
7584,Inferential_Statistics/vufsw-pearson-1349-nl,vufsw-pearson-1349-nl,"  
![](1602856060527.png) 
  
![](1602856133971.png)
  
In bovenstaande covariantie/correlatiematrix is de correlatie tussen
arbeidsuren (WRKHRS) en inkomen (INCOME) weggelaten. Wat is de
correlatie? *Geef een getal in twee decimalen, verder niets.*
",string,inferential statistics/parametric techniques/correlations/pearson,performing analysis,calculator,Dutch,statistical literacy,39fbc,inferential statistics/pearson,2026-01-12
7611,Inferential_Statistics/vufsw-pvalue-0088-en,vufsw-pvalue-0088-en,"As a measure of giftedness, the score on an IQ test is often taken taken. One usually speaks of giftedness at an IQ from 130.  An IQ test is taken from a random sample of 200 VU students. taken. The average score of this group is 120 and the standard deviation is 14.42. We may assume that the scores of the students are normally distributed. What percentage of the 200 students is expected to be ""gifted""? (rounded to 1 decimal place)
Answerlist
----------
* 24,5%
* 34,1%
* 37,8%
* 5,4%
* 11,7%
",schoice,inferential statistics/nhst/p-value,performing analysis,calculator,English,statistical literacy,ba88d,inferential statistics/p-value,2026-01-12
7612,Inferential_Statistics/vufsw-pvalue-0088-nl,vufsw-pvalue-0088-nl,"Als maat voor hoogbegaafdheid wordt vaak de score op een IQ-test
genomen. Men spreekt doorgaans van hoogbegaafdheid bij een IQ vanaf
130.  
  
Onder een aselecte steekproef van 200 VU studenten wordt een IQ-test
afgenomen. De gemiddelde score van deze groep is 120 en de
standaarddeviatie is 14,42. We mogen aannemen dat de scores van de
studenten normaal verdeeld zijn. Hoeveel procent van de 200 studenten is
naar verwachting ‘hoogbegaafd’ te noemen? (afgerond op 1 decimaal)
Answerlist
----------
* 24,5%
* 34,1%
* 37,8%
* 5,4%
* 11,7%
",schoice,inferential statistics/nhst/p-value,performing analysis,calculator,Dutch,statistical literacy,ba3b6,inferential statistics/p-value,2026-01-12
7705,Inferential_Statistics/vufsw-significancelevel-1103-en,vufsw-significancelevel-1103-en,"Given is the following SPSS output, in which the results of a regression analysis are presented, based on a sample among 800 Dutch people. As you can see, the t-values and p-values are missing. The dependent variable is the salary a person receives. Age (in years), education (in years), work experience (in years), and gender ('female' is the reference category) are the independent variables. One-sided testing is performed with a significance level of 5% ( = 0,05).  
Which of the four independent variables have a significant influence on salary?   
  
![](1645520093057.png)
Answerlist
----------
* Age, education, work experience and gender.
* Age and education.
* Age, education, and work experience.
* Age, education, and gender.
",schoice,inferential statistics/nhst/significance level,performing analysis,calculator,English,statistical thinking,b04d3,inferential statistics/significance level,2026-01-12
7706,Inferential_Statistics/vufsw-significancelevel-1103-nl,vufsw-significancelevel-1103-nl,"Gegeven is de volgende SPSS output, waarin de resultaten van een
regressieanalyse zijn weergegeven, gebaseerd op een steekproef onder 800
Nederlanders. Zoals je kunt zien ontbreken de t-waardes en de p-waardes.
De afhankelijke variabele is het salaris dat iemand krijgt. Leeftijd (in
jaren), opleiding (in jaren), werkervaring (in jaren), en het geslacht
(‘vrouw’ is de referentiecategorie) zijn de onafhankelijke variabelen.
Er wordt éénzijdig getoetst met een significantieniveau van 5% ( =
0,05).  
Welke van de vier onafhankelijke variabelen hebben een significante
invloed op het salaris?   
  
![](1645520093057.png)
Answerlist
----------
* Leeftijd, opleiding, werkervaring en geslacht.
* Leeftijd en opleiding.
* Leeftijd, opleiding, en werkervaring.
* Leeftijd, opleiding, en geslacht.
",schoice,inferential statistics/nhst/significance level,performing analysis,calculator,Dutch,statistical thinking,75f6b,inferential statistics/significance level,2026-01-12
7801,Inferential_Statistics/vufsw-t-statistic-1127-en,vufsw-t-statistic-1127-en,"A random sample of 15 Communication science students (group 1) and of 15
Political Science students (group 2) were selected and asked to report
on a scale from 0 to 100, how they evaluate a certain television series.
Results are reported in the table below.  
  
<table>
<tbody>
<tr class=""odd"">
<td> </td>
<td class=""tvcss_2"">N</td>
<td class=""tvcss_3"">mean</td>
<td class=""tvcss_4"">standard deviation</td>
<td>standard error</td>
</tr>
<tr class=""even"">
<td>group 1</td>
<td class=""tvcss_2"">15</td>
<td class=""tvcss_3"">59.31</td>
<td class=""tvcss_4"">17.83</td>
<td>4.95</td>
</tr>
<tr class=""odd"">
<td>group 2</td>
<td class=""tvcss_2"">15</td>
<td class=""tvcss_3"">70.77</td>
<td class=""tvcss_4"">17.36</td>
<td>3.43</td>
</tr>
</tbody>
</table>
  
The hypothesis of the researcher is that Communication science students
will evaluate the television series different from Political science
students. Find the t-value for the researcher's hypothesis.
Answerlist
----------
* -0,07
* -1,78
* -1,96
* -2,68
* -3,11
",schoice,inferential statistics/nhst/test statistic/t-statistic,performing analysis,calculator,English,statistical thinking,13283,inferential statistics/t-statistic,2026-01-12
7802,Inferential_Statistics/vufsw-t-statistic-1127-nl,vufsw-t-statistic-1127-nl,"Een aselecte steekproef van 15 studenten communicatiewetenschappen (groep 1) en van 15 studenten politicologie (groep 2) werden geselecteerd en gevraagd om te rapporteren op een schaal van 0 tot 100, hoe ze een bepaalde televisieserie evalueren. De resultaten staan in de tabel hieronder.  
  
<tabel> <tbody> <tr class=""odd""> <td> </td> <td class=""tvcss_2"">N</td> <td class=""tvcss_3"">gemiddelde</td> <td class=""tvcss_4"">standaardafwijking</td> <td>standaardafwijking</td> </tr> <tr class=""even""> <td>groep 1</td> <td class=""tvcss_2"">15</td> <td class=""tvcss_3"">59.31</td> <td class=""tvcss_4"">17.83</td> <td>4.95</td> </tr> <tr class=""odd""> <td>groep 2</td> <td class=""tvcss_2"">15</td> <td class=""tvcss_3"">70,77</td> <td class=""tvcss_4"">17.36</td> <td>3.43</td> </tr> </tbody> </table>
  
De hypothese van de onderzoeker is dat studenten Communicatiewetenschap de televisieserie anders zullen evalueren dan studenten politicologie studenten. Vind de t-waarde voor de hypothese van de onderzoeker.
Answerlist
----------
* -0,07
* -1,78
* -1,96
* -2,68
* -3,11
",schoice,inferential statistics/nhst/test statistic/t-statistic,performing analysis,calculator,Dutch,statistical thinking,e082d,inferential statistics/t-statistic,2026-01-12
7821,Inferential_Statistics/vufsw-testing-1125-en,vufsw-testing-1125-en,"A researcher draws a sample of 50 Dutch citizens and examines whether
the confidence of the Dutch in politics is higher than the European
average, of which we have a reliable population value based on previous
studies.  
  
The sample mean is 6.38 (on a scale of 0-10) and the standard deviation
is 1.55. The European average is 6.0. Test, with alpha = 0.05, whether
the confidence of the Dutch in politics is higher than the European
average. What is the conclusion?
Answerlist
----------
* There is enough evidence to reject H<sub>0</sub>
* There is *not* enough evidence to reject H<sub>0</sub>
* There is enough evidence to reject H<sub>a.</sub>
* There is *not* enough evidence to reject H <sub>a.</sub>
",schoice,inferential statistics/confidence intervals/testing,performing analysis,calculator,English,statistical literacy,1b892,inferential statistics/testing,2026-01-12
7822,Inferential_Statistics/vufsw-testing-1125-nl,vufsw-testing-1125-nl,"Een onderzoeker trekt een steekproef van 50 Nederlandse burgers en onderzoekt of het vertrouwen van Nederlanders in de politiek hoger is dan het Europese gemiddelde, waarvan we een betrouwbare populatiewaarde hebben op basis van eerdere studies.  
  
Het steekproefgemiddelde is 6,38 (op een schaal van 0-10) en de standaardafwijking is 1,55. Het Europese gemiddelde is 6,0. Test, met alfa = 0,05, of het vertrouwen van Nederlanders in de politiek hoger is dan het Europese gemiddelde. Wat is de conclusie?
Answerlist
----------
* Er is genoeg bewijs om H<sub>0</sub> te verwerpen.
* Er is *niet* genoeg bewijs om H<sub>0</sub> te verwerpen
* Er is genoeg bewijs om H<sub>a.</sub> te verwerpen
* Er is *niet* genoeg bewijs om H<sub>a.</sub> te verwerpen
",schoice,inferential statistics/confidence intervals/testing,performing analysis,calculator,Dutch,statistical literacy,ed582,inferential statistics/testing,2026-01-12
7825,Inferential_Statistics/vufsw-tstatistic-0084-en,vufsw-tstatistic-0084-en,"English language tests were administered twice to 31 students: the first measurement took place prior to a short language course, the second measurement after they had completed the course. The researcher wanted know whether the number of errors had decreased. He always noted the number of language errors made by the respondents in a test taken. Below are the results.  
The researcher tests whether the number of language errors made after the course is is significantly lower.  
She uses a significance level of 5% (α = .05). What is the conclusion?  
  
![](Screen__Shot__2019-03-02__at__18.57.08.png)
Answerlist
----------
* We find empirical evidence for the proposition that the language test had an effect had, because the observed t-value is **greater** than the critical t-value.
* We find empirical evidence for the proposition that the language test had an effect had, because the observed t-value is **smaller** than the critical t-value.
* We find **no** empirical evidence for the proposition that the language test had had an effect, because the observed t-value is **greater** than the critical t-value.
* We find **no** empirical evidence for the proposition that the language test had had an effect, because the observed t-value is **smaller** than the critical t-value.
",schoice,inferential statistics/nhst/test statistic/t statistic,performing analysis,calculator,English,statistical literacy,0201d,inferential statistics/t statistic,2026-01-12
7826,Inferential_Statistics/vufsw-tstatistic-0084-nl,vufsw-tstatistic-0084-nl,"Aan 31 studenten werd twee keer een Engelse taaltoets voorgelegd: de
eerste meting vond plaats voorafgaande aan een korte taalcursus, de
tweede meting nadat zij de cursus hadden afgerond. De onderzoeker wilde
weten of het aantal fouten was afgenomen. Hij noteerde steeds het aantal
gemaakte taalfouten van de respondenten in een afgenomen test. Hieronder
staan de resultaten.  
De onderzoeker toetst of het aantal gemaakte taalfouten na de cursus
significant lager is.  
Zij hanteert een significantieniveau van 5% (α = .05). Wat is de
conclusie?  
  
![](Screen__Shot__2019-03-02__at__18.57.08.png)
Answerlist
----------
* We vinden empirisch bewijs voor de stelling dat de taaltoets een effect
  heeft gehad, want de geobserveerde t-waarde is **groter** dan de
  kritieke t-waarde.
* We vinden empirisch bewijs voor de stelling dat de taaltoets een effect
  heeft gehad, want de geobserveerde t-waarde is **kleiner** dan de
  kritieke t-waarde.
* We vinden **geen** empirisch bewijs voor de stelling dat de taaltoets
  een effect heeft gehad, want de geobserveerde t-waarde is **groter** dan
  de kritieke t-waarde.
* We vinden **geen** empirisch bewijs voor de stelling dat de taaltoets
  een effect heeft gehad, want de geobserveerde t-waarde is **kleiner**
  dan de kritieke t-waarde.
",schoice,inferential statistics/nhst/test statistic/t statistic,performing analysis,calculator,Dutch,statistical literacy,2499d,inferential statistics/t statistic,2026-01-12
7827,Inferential_Statistics/vufsw-tstatistic-0111-en,vufsw-tstatistic-0111-en,"For her master's thesis, a student used an experimental design to investigate whether subjects who had to read an unfavorable news report had to read a less positive assessment regarding a particular company's image than subjects who read a neutral news item read. The rating was measured on a scale from 1 (very negative) to 5 (very positive).  
  
The results show that the average rating of the two groups is as follows (see below)  The one-sided hypothesis of the researcher is that the mean rating of the experimental group is significantly lower than that of the control group. She uses a significance level for this test of 5% (α = .05).  
  
What is the **observed absolute t value**? (rounded to 2 decimals)  
![](1643016030727.png)
Answerlist
----------
* 1,83
* 3,65
* 2,03
* 0,98
* 2,77
* 3,90
",schoice,inferential statistics/nhst/test statistic/t statistic,performing analysis,calculator,English,statistical thinking,9e868,inferential statistics/t statistic,2026-01-12
7828,Inferential_Statistics/vufsw-tstatistic-0111-nl,vufsw-tstatistic-0111-nl,"Een student heeft voor haar Master thesis met behulp van een
experimenteel design onderzocht of proefpersonen die een ongunstig
nieuwsbericht moesten lezen een minder positieve beoordeling geven
betreft het imago van een bepaald bedrijf dan proefpersonen die een
neutraal nieuwsbericht hebben gelezen. De beoordeling is gemeten op een
schaal van 1 (zeer negatief) t/m 5 (zeer positief).  
  
Uit de resultaten blijkt dat de gemiddelde beoordeling van de twee
groepen als volgt is (zie hieronder)  
  
De éénzijdige hypothese van de onderzoeker is dat de gemiddelde
beoordeling van de experimentele groep significant lager is dan bij de
controlegroep. Zij hanteert bij deze toetsing een significantieniveau
van 5% (α = .05).  
  
Wat is de **geobserveerde absolute t-waarde**? (afgerond op 2
decimalen)  
![](1643016030727.png)
Answerlist
----------
* 1,83
* 3,65
* 2,03
* 0,98
* 2,77
* 3,90
",schoice,inferential statistics/nhst/test statistic/t statistic,performing analysis,calculator,Dutch,statistical thinking,cd439,inferential statistics/t statistic,2026-01-12
8927,Probability/vufsw-expectedvalue-1098-en,vufsw-expectedvalue-1098-en,"Below you can find a probability distribution.  
  
![](vufsw-expectedvalue-1098-en.png)
  
What is the expected value **E(y)** of this distribution?
Answerlist
----------
* 0.60
* 1.12
* 2.20
* 0.40
* 2.00
* 0.25
",schoice,probability/elementary probability/random variables/expected value,performing analysis,calculator,English,statistical literacy,86c67,probability/expected value,2026-01-12
8928,Probability/vufsw-expectedvalue-1098-nl,vufsw-expectedvalue-1098-nl,"Hieronder vind je een kansverdeling.  
  
![](vufsw-expectedvalue-1098-nl.png)
  
Wat is de verwachte waarde **E(y)** van deze verdeling?
Answerlist
----------
* 0.60
* 1.12
* 2.20
* 0.40
* 2.00
* 0.25
",schoice,probability/elementary probability/random variables/expected value,performing analysis,calculator,Dutch,statistical literacy,12218,probability/expected value,2026-01-12
8983,Reliability/eur-reliability-121-en,eur-reliability-121-en,"* Ork for psychologists and educators.*
A scientist has been tasked with investigating whether psychology and education graduates succeed in finding level jobs. To this end, the researcher designed his own questionnaire consisting of 12 Likert items with 5 response options ranging from completely disagree (1) to completely agree (5). An example of an item is: I had to put a lot of effort to find a job vacancy for a level job. The responses of 608 educators and psychologists to the 12 items are shown in the data file, with the variable [psy_ped] distinguishing educators (1) and psychologists (2). NOTES. The total score across the 12 items indicates how difficult a person finds it to find a level job. The higher the total score the harder he/she finds it to find a level job.
Open the data file.
Do a reliability analysis for the questionnaire designed consisting of 12 Likert items. What is the variance of the scale (scale) if all items are included? (2 decimal places)
**Download**: [SPSS file](eur-reliability-121-en-data.sav), [CSV file](eur-reliability-121-en-data.csv)
",num,"Reliability/Analysis/Cronbach's alpha, Descriptive statistics/Summary Statistics/Measures of Spread/Standard Deviation",Performing analysis,SPSS,English,Statistical Literacy,3a518,Reliability/Cronbach's alpha,2026-01-12
8984,Reliability/eur-reliability-121-nl,eur-reliability-121-nl,"*Werk voor psychologen en pedagogen.*
Een wetenschapper heeft de opdracht gekregen om te onderzoeken of het afgestudeerde psychologen en pedagogen lukt om een baan op niveau te vinden. De onderzoeker heeft hiertoe zelf een vragenlijst ontworpen bestaande uit 12 Likert items met 5 antwoordmogelijkheden die variëren van helemaal mee oneens (1) tot helemaal mee eens (5). Een voorbeeld van een item is: Ik heb veel moeite moeten doen om een vacature voor een baan op niveau te vinden. De antwoorden van 608 pedagogen en psychologen op de twaalf items staan weergegeven in het databestand, waarbij de variabele [psy_ped] pedagogen (1) en psychologen (2) onderscheidt. NB. De totaalscore over de 12 items geeft aan hoe moeilijk iemand het vindt om een baan op niveau te vinden. Hoe hoger de totaalscore des te moeilijker hij/zij het vindt om een baan op niveau te vinden.
Open het databestand.
Doe een betrouwbaarheidsanalyse voor de vragenlijst ontworpen bestaande uit 12 Likert items. Wat is de variantie van de schaal (scale) als alle items worden meegenomen? (2 decimalen)
**Download**: [SPSS file](eur-reliability-121-nl-data.sav), [CSV file](eur-reliability-121-nl-data.csv)
",num,"Reliability/Analysis/Cronbach's alpha, Descriptive statistics/Summary Statistics/Measures of Spread/Standard Deviation",Performing analysis,SPSS,Dutch,Statistical Literacy,cac4b,Reliability/Cronbach's alpha,2026-01-12
8985,Reliability/eur-reliability-122-en,eur-reliability-122-en,"*Work for psychologists and educators.*
A scientist has been tasked with investigating whether psychology and education graduates succeed in finding level jobs. To this end, the researcher designed his own questionnaire consisting of 12 Likert items with 5 response options ranging from completely disagree (1) to completely agree (5). An example of an item is: I had to put a lot of effort to find a job vacancy for a level job. The responses of 608 educators and psychologists to the 12 items are shown in the data file, with the variable [psy_ped] distinguishing educators (1) and psychologists (2). NOTES. The total score across the 12 items indicates how difficult a person finds it to find a level job. The higher the total score the harder he/she finds it to find a level job.
Open the data file.
What is the Spearman-Brown split-half reliability of the questionnaire? (3 decimal places)
**Download**: [SPSS file](eur-reliability-122-en-data.sav), [CSV file](eur-reliability-122-en-data.csv)
",num,Reliability/Analysis/Split half,Performing analysis,SPSS,English,Statistical Literacy,9ad7e,Reliability/Split half,2026-01-12
8986,Reliability/eur-reliability-122-nl,eur-reliability-122-nl,"*Werk voor psychologen en pedagogen.*
Een wetenschapper heeft de opdracht gekregen om te onderzoeken of het afgestudeerde psychologen en pedagogen lukt om een baan op niveau te vinden. De onderzoeker heeft hiertoe zelf een vragenlijst ontworpen bestaande uit 12 Likert items met 5 antwoordmogelijkheden die variëren van helemaal mee oneens (1) tot helemaal mee eens (5). Een voorbeeld van een item is: Ik heb veel moeite moeten doen om een vacature voor een baan op niveau te vinden. De antwoorden van 608 pedagogen en psychologen op de twaalf items staan weergegeven in het databestand, waarbij de variabele [psy_ped] pedagogen (1) en psychologen (2) onderscheidt. NB. De totaalscore over de 12 items geeft aan hoe moeilijk iemand het vindt om een baan op niveau te vinden. Hoe hoger de totaalscore des te moeilijker hij/zij het vindt om een baan op niveau te vinden.
Open het databestand.
Hoe hoog is de Spearman-Brown split-half betrouwbaarheid van de vragenlijst? (3 decimalen)
**Download**: [SPSS file](eur-reliability-122-nl-data.sav), [CSV file](eur-reliability-122-nl-data.csv)
",num,Reliability/Analysis/Split half,Performing analysis,SPSS,Dutch,Statistical Literacy,94732,Reliability/Split half,2026-01-12
8987,Reliability/eur-reliability-123-en,eur-reliability-123-en,"*Work for psychologists and educators.*
A scientist has been tasked with investigating whether psychology and education graduates succeed in finding level jobs. To this end, the researcher designed his own questionnaire consisting of 12 Likert items with 5 response options ranging from completely disagree (1) to completely agree (5). An example of an item is: I had to put a lot of effort to find a job vacancy for a level job. The responses of 608 educators and psychologists to the 12 items are shown in the data file, with the variable [psy_ped] distinguishing educators (1) and psychologists (2). NOTES. The total score across the 12 items indicates how difficult a person finds it to find a level job. The higher the total score the harder he/she finds it to find a level job.
Open the data file.
Previous research has shown that psychologists have more difficulty finding a job than educators. For this reason, a researcher wants to calculate the reliability of the questionnaire for psychologists and educators separately (variable [psy_ped] ). What is the reliability (Cronbach's Alpha) of the questionnaire for pedagogues? (3 decimal places)

**Download**: [SPSS file](eur-reliability-123-en-data.sav), [CSV file](eur-reliability-123-en-data.csv)
",num,"Reliability/Analysis/Cronbach's alpha, Descriptive statistics/Summary Statistics/Measures of Spread/Standard Deviation",Performing analysis,SPSS,English,Statistical Literacy,f42bb,Reliability/Cronbach's alpha,2026-01-12
8988,Reliability/eur-reliability-123-nl,eur-reliability-123-nl,"*Werk voor psychologen en pedagogen.*
Een wetenschapper heeft de opdracht gekregen om te onderzoeken of het afgestudeerde psychologen en pedagogen lukt om een baan op niveau te vinden. De onderzoeker heeft hiertoe zelf een vragenlijst ontworpen bestaande uit 12 Likert items met 5 antwoordmogelijkheden die variëren van helemaal mee oneens (1) tot helemaal mee eens (5). Een voorbeeld van een item is: Ik heb veel moeite moeten doen om een vacature voor een baan op niveau te vinden. De antwoorden van 608 pedagogen en psychologen op de twaalf items staan weergegeven in het databestand, waarbij de variabele [psy_ped] pedagogen (1) en psychologen (2) onderscheidt. NB. De totaalscore over de 12 items geeft aan hoe moeilijk iemand het vindt om een baan op niveau te vinden. Hoe hoger de totaalscore des te moeilijker hij/zij het vindt om een baan op niveau te vinden.
Open het databestand.
Uit eerder onderzoek is gebleken dat psychologen meer problemen ondervinden om een baan te vinden dan pedagogen. Een onderzoeker wil om deze reden de betrouwbaarheid van de vragenlijst voor psychologen en pedagogen apart berekenen (variabele [psy_ped] ). Wat is de betrouwbaarheid (Cronbach's Alpha) van de vragenlijst voor de pedagogen? (3 decimalen)

**Download**: [SPSS file](eur-reliability-123-nl-data.sav), [CSV file](eur-reliability-123-nl-data.csv)
",num,"Reliability/Analysis/Cronbach's alpha, Descriptive statistics/Summary Statistics/Measures of Spread/Standard Deviation",Performing analysis,SPSS,Dutch,Statistical Literacy,e2263,Reliability/Cronbach's alpha,2026-01-12
9019,Reliability/eur-reliability-401-en,eur-reliability-401-en,"A researcher working at the psychology institute investigates alcohol abuse among adolescents. The researcher designed a questionnaire with 12 items using Likert scales ranging from 1 (completely disagree) to 5 (completely agree). An example of an item is: When I go out, I often consume more than 5 alcoholic beverages. The answers of 608 adolescent girls (1) and boys (2) to the 12 items are in the dataset. Note: higher scores on the questionnaire reflect more alcohol abuse.
Conduct a reliability analysis. What is the scale variance when all the items are included? (3 decimals)
Open the dataset below to answer this question:
**Download** [SPSS file](eur-reliability-401-en-data.sav), [CSV file](eur-reliability-401-en-data.csv)
",num,"Reliability/Descriptives, Reliability/Analysis/Cronbach's alpha","Interpreting output, Performing analysis",SPSS,English,Statistical Literacy,5e55c,Reliability/Descriptives,2026-01-12
9020,Reliability/eur-reliability-401-nl,eur-reliability-401-nl,"Een onderzoeker van het instituut voor psychologie doet onderzoek naar alcoholmisbruik onder adolescenten. De onderzoeker ontwierp een vragenlijst met 12 items op Likert-schalen van 1 (helemaal mee oneens) tot 5 (helemaal mee eens). Een voorbeeld van een item is: Als ik uitga, drink ik vaak meer dan 5 alcoholische dranken. De antwoorden van 608 adolescente meisjes (1) en jongens (2) op de 12 items zitten in de dataset. Let op: hogere scores op de vragenlijst duiden op meer alcoholmisbruik.
Voer een betrouwbaarheidsanalyse uit. Wat is de schaalvariantie als alle items worden meegenomen? (3 decimalen)
Open de dataset hieronder om deze vraag te beantwoorden:
**Download** [SPSS file](eur-reliability-401-nl-data.sav), [CSV file](eur-reliability-401-nl-data.csv)
",num,"Reliability/Descriptives, Reliability/Analysis/Cronbach's alpha","Interpreting output, Performing analysis",SPSS,Dutch,Statistical Literacy,5b853,Reliability/Descriptives,2026-01-12
9021,Reliability/eur-reliability-402-en,eur-reliability-402-en,"A researcher working at the psychology institute investigates alcohol abuse among adolescents. The researcher designed a questionnaire with 12 items using Likert scales ranging from 1 (completely disagree) to 5 (completely agree). An example of an item is: When I go out, I often consume more than 5 alcoholic beverages. The answers of 608 adolescent girls (1) and boys (2) to the 12 items are in the dataset. Note: higher scores on the questionnaire reflect more alcohol abuse.
What is the Spearman-Brown split-half reliability? (3 decimals)
Open the dataset below to answer this question:
**Download** [SPSS file](eur-reliability-402-en-data.sav), [CSV file](eur-reliability-402-en-data.csv)
",num,Reliability/Analysis/Split half,"Interpreting output, Performing analysis",SPSS,English,Statistical Literacy,a1d20,Reliability/Split half,2026-01-12
9022,Reliability/eur-reliability-402-nl,eur-reliability-402-nl,"Een onderzoeker van het instituut voor psychologie doet onderzoek naar alcoholmisbruik onder adolescenten. De onderzoeker ontwierp een vragenlijst met 12 items op Likert-schalen van 1 (helemaal mee oneens) tot 5 (helemaal mee eens). Een voorbeeld van een item is: Als ik uitga, drink ik vaak meer dan 5 alcoholische dranken. De antwoorden van 608 adolescente meisjes (1) en jongens (2) op de 12 items zitten in de dataset. Let op: hogere scores op de vragenlijst duiden op meer alcoholmisbruik.
Wat is de Spearman-Brown split-half betrouwbaarheid? (3 decimalen)
Open de dataset hieronder om deze vraag te beantwoorden:
**Download** [SPSS file](eur-reliability-402-nl-data.sav), [CSV file](eur-reliability-402-nl-data.csv)
",num,Reliability/Analysis/Split half,"Interpreting output, Performing analysis",SPSS,Dutch,Statistical Literacy,22e79,Reliability/Split half,2026-01-12
9023,Reliability/eur-reliability-403-en,eur-reliability-403-en,"A researcher working at the psychology institute investigates alcohol abuse among adolescents. The researcher designed a questionnaire with 12 items using Likert scales ranging from 1 (completely disagree) to 5 (completely agree). An example of an item is: When I go out, I often consume more than 5 alcoholic beverages. The answers of 608 adolescent girls (1) and boys (2) to the 12 items are in the dataset. Note: higher scores on the questionnaire reflect more alcohol abuse.
Previous research has shown that boys engage in more alcohol abuse than girls. Because of this finding, a researcher wants to calculate the reliability of the questionnaire for boys and girls separately (variable [gender]). What is the reliability (Cronbach’s alpha) of the scale for the girls? (3 decimals)
Open the dataset below to answer this question:
**Download** [SPSS file](eur-reliability-403-en-data.sav), [CSV file](eur-reliability-403-en-data.csv)
",num,Reliability/Analysis/Cronbach's alpha,"Interpreting output, Performing analysis",SPSS,English,Statistical Literacy,9bc7d,Reliability/Cronbach's alpha,2026-01-12
9024,Reliability/eur-reliability-403-nl,eur-reliability-403-nl,"Een onderzoeker van het instituut voor psychologie doet onderzoek naar alcoholmisbruik onder adolescenten. De onderzoeker ontwierp een vragenlijst met 12 items op Likert-schalen van 1 (helemaal mee oneens) tot 5 (helemaal mee eens). Een voorbeeld van een item is: Als ik uitga, drink ik vaak meer dan 5 alcoholische dranken. De antwoorden van 608 adolescente meisjes (1) en jongens (2) op de 12 items zitten in de dataset. Let op: hogere scores op de vragenlijst duiden op meer alcoholmisbruik.
Eerder onderzoek heeft aangetoond dat jongens meer alcohol misbruiken dan meisjes. Vanwege deze bevinding wil een onderzoeker de betrouwbaarheid van de vragenlijst voor jongens en meisjes afzonderlijk berekenen (variabele [geslacht]). Wat is de betrouwbaarheid (Cronbach's alpha) van de schaal voor de meisjes? (3 decimalen)
Open de dataset hieronder om deze vraag te beantwoorden:
**Download** [SPSS file](eur-reliability-403-nl-data.sav), [CSV file](eur-reliability-403-nl-data.csv)
",num,Reliability/Analysis/Cronbach's alpha,"Interpreting output, Performing analysis",SPSS,Dutch,Statistical Literacy,5271d,Reliability/Cronbach's alpha,2026-01-12
9025,Reliability/eur-reliability-404-en,eur-reliability-404-en,"A researcher working at the psychology institute investigates alcohol abuse among adolescents. The researcher designed a questionnaire with 12 items using Likert scales ranging from 1 (completely disagree) to 5 (completely agree). An example of an item is: When I go out, I often consume more than 5 alcoholic beverages. The answers of 608 adolescent girls (1) and boys (2) to the 12 items are in the dataset. Note: higher scores on the questionnaire reflect more alcohol abuse.
What is the highest correlation between an item and the corrected item total? (3 decimals)
Open the dataset below to answer this question:
**Download** [SPSS file](eur-reliability-404-en-data.sav), [CSV file](eur-reliability-404-en-data.csv)
",num,"Reliability/Descriptives, Reliability/Analysis/Cronbach's alpha","Interpreting output, Performing analysis",SPSS,English,Statistical Literacy,a0e77,Reliability/Descriptives,2026-01-12
9026,Reliability/eur-reliability-404-nl,eur-reliability-404-nl,"Een onderzoeker van het instituut voor psychologie doet onderzoek naar alcoholmisbruik onder adolescenten. De onderzoeker ontwierp een vragenlijst met 12 items op Likert-schalen van 1 (helemaal mee oneens) tot 5 (helemaal mee eens). Een voorbeeld van een item is: Als ik uitga, drink ik vaak meer dan 5 alcoholische dranken. De antwoorden van 608 adolescente meisjes (1) en jongens (2) op de 12 items zitten in de dataset. Let op: hogere scores op de vragenlijst duiden op meer alcoholmisbruik.
Wat is de hoogste correlatie tussen een item en het gecorrigeerde itemtotaal? (3 decimalen)
Open de dataset hieronder om deze vraag te beantwoorden:
**Download** [SPSS file](eur-reliability-404-nl-data.sav), [CSV file](eur-reliability-404-nl-data.csv)
",num,"Reliability/Descriptives, Reliability/Analysis/Cronbach's alpha","Interpreting output, Performing analysis",SPSS,Dutch,Statistical Literacy,809ac,Reliability/Descriptives,2026-01-12
9027,Reliability/eur-reliability-405-en,eur-reliability-405-en,"A researcher working at the psychology institute investigates alcohol abuse among adolescents. The researcher designed 34 statements the adolescents can agree or disagree with on a four-point scale (1 = completely agree; 2 = somewhat agree; 3 = somewhat disagree; 4 = completely disagree). An example of a statement is: When I feel lonely, I enjoy drinking an alcoholic beverage. The answers of 312 girls (0) and boys (1) to the 34 statements are in the dataset.
Conduct a reliability analysis. What is the scale variance when all the items are included? (3 decimals)
Open the dataset below to answer this question:
**Download** [SPSS file](eur-reliability-405-en-data.sav), [CSV file](eur-reliability-405-en-data.csv)
",num,"Reliability/Descriptives, Reliability/Analysis/Cronbach's alpha","Interpreting output, Performing analysis",SPSS,English,Statistical Literacy,4ec2c,Reliability/Descriptives,2026-01-12
9028,Reliability/eur-reliability-405-nl,eur-reliability-405-nl,"Een onderzoeker van het instituut voor psychologie doet onderzoek naar alcoholmisbruik onder adolescenten. De onderzoeker ontwierp 34 stellingen waar de adolescenten het mee eens of oneens kunnen zijn op een vierpuntsschaal (1 = helemaal mee eens; 2 = enigszins mee eens; 3 = enigszins mee oneens; 4 = helemaal mee oneens). Een voorbeeld van een stelling is: Als ik me eenzaam voel, drink ik graag een alcoholische drank. De antwoorden van 312 meisjes (0) en jongens (1) op de 34 stellingen staan in de dataset.
Voer een betrouwbaarheidsanalyse uit. Wat is de schaalvariantie als alle items worden meegenomen? (3 decimalen)
Open de dataset hieronder om deze vraag te beantwoorden:
**Download** [SPSS file](eur-reliability-405-nl-data.sav), [CSV file](eur-reliability-405-nl-data.csv)
",num,"Reliability/Descriptives, Reliability/Analysis/Cronbach's alpha","Interpreting output, Performing analysis",SPSS,Dutch,Statistical Literacy,28592,Reliability/Descriptives,2026-01-12
9029,Reliability/eur-reliability-406-en,eur-reliability-406-en,"A researcher working at the psychology institute investigates alcohol abuse among adolescents. The researcher designed 34 statements the adolescents can agree or disagree with on a four-point scale (1 = completely agree; 2 = somewhat agree; 3 = somewhat disagree; 4 = completely disagree). An example of a statement is: When I feel lonely, I enjoy drinking an alcoholic beverage. The answers of 312 girls (0) and boys (1) to the 34 statements are in the dataset. 
Which item has the lowest correlation with the total score excluding the item itself? (no decimals)
Open the dataset below to answer this question:
**Download** [SPSS file](eur-reliability-406-en-data.sav), [CSV file](eur-reliability-406-en-data.csv)
",num,"Reliability/Analysis/Cronbach's alpha, Reliability/Descriptives","Interpreting output, Performing analysis",SPSS,English,Statistical Literacy,6a780,Reliability/Cronbach's alpha,2026-01-12
9030,Reliability/eur-reliability-406-nl,eur-reliability-406-nl,"Een onderzoeker van het instituut voor psychologie doet onderzoek naar alcoholmisbruik onder adolescenten. De onderzoeker ontwierp 34 stellingen waar de adolescenten het mee eens of oneens kunnen zijn op een vierpuntsschaal (1 = helemaal mee eens; 2 = enigszins mee eens; 3 = enigszins mee oneens; 4 = helemaal mee oneens). Een voorbeeld van een stelling is: Als ik me eenzaam voel, drink ik graag een alcoholische drank. De antwoorden van 312 meisjes (0) en jongens (1) op de 34 stellingen staan in de dataset.
Welk item heeft de laagste correlatie met de totaalscore exclusief het item zelf? (geen decimalen)
Open de dataset hieronder om deze vraag te beantwoorden:
**Download** [SPSS file](eur-reliability-406-nl-data.sav), [CSV file](eur-reliability-406-nl-data.csv)
",num,"Reliability/Analysis/Cronbach's alpha, Reliability/Descriptives","Interpreting output, Performing analysis",SPSS,Dutch,Statistical Literacy,0ccc6,Reliability/Cronbach's alpha,2026-01-12
9031,Reliability/eur-reliability-407-en,eur-reliability-407-en,"A researcher working at the psychology institute investigates alcohol abuse among adolescents. The researcher designed 34 statements the adolescents can agree or disagree with on a four-point scale (1 = completely agree; 2 = somewhat agree; 3 = somewhat disagree; 4 = completely disagree). An example of a statement is: When I feel lonely, I enjoy drinking an alcoholic beverage. The answers of 312 girls (0) and boys (1) to the 34 statements are in the dataset.
What is the Spearman-Brown split-half reliability? (3 decimals)
Open the dataset below to answer this question:
**Download** [SPSS file](eur-reliability-407-en-data.sav), [CSV file](eur-reliability-407-en-data.csv)
",num,Reliability/Analysis/Split half,"Interpreting output, Performing analysis",SPSS,English,Statistical Literacy,8d5fb,Reliability/Split half,2026-01-12
9032,Reliability/eur-reliability-407-nl,eur-reliability-407-nl,"Een onderzoeker van het instituut voor psychologie doet onderzoek naar alcoholmisbruik onder adolescenten. De onderzoeker ontwierp 34 stellingen waar de adolescenten het mee eens of oneens kunnen zijn op een vierpuntsschaal (1 = helemaal mee eens; 2 = enigszins mee eens; 3 = enigszins mee oneens; 4 = helemaal mee oneens). Een voorbeeld van een stelling is: Als ik me eenzaam voel, drink ik graag een alcoholische drank. De antwoorden van 312 meisjes (0) en jongens (1) op de 34 stellingen staan in de dataset.
Wat is de split-half betrouwbaarheid van Spearman-Brown? (3 decimalen)
Open de dataset hieronder om deze vraag te beantwoorden:
* Download** [SPSS file](eur-reliability-407-nl-data.sav), [CSV file](eur-reliability-407-nl-data.csv)
",num,Reliability/Analysis/Split half,"Interpreting output, Performing analysis",SPSS,Dutch,Statistical Literacy,d31b7,Reliability/Split half,2026-01-12
9033,Reliability/eur-reliability-408-en,eur-reliability-408-en,"A researcher working at the psychology institute investigates alcohol abuse among adolescents. The researcher designed 34 statements the adolescents can agree or disagree with on a four-point scale (1 = completely agree; 2 = somewhat agree; 3 = somewhat disagree; 4 = completely disagree). An example of a statement is: When I feel lonely, I enjoy drinking an alcoholic beverage. The answers of 312 girls (0) and boys (1) to the 34 statements are in the dataset.
Previous research has shown that boys engage in more alcohol abuse than girls. Because of this finding, a researcher wants to calculate the reliability of the questionnaire for boys and girls separately (variable [gender]). What is the reliability (Cronbach’s alpha) of the scale for the girls? (3 decimals)
Open the dataset below to answer this question:
**Download** [SPSS file](eur-reliability-408-en-data.sav), [CSV file](eur-reliability-408-en-data.csv)
",num,Reliability/Analysis/Cronbach's alpha,"Interpreting output, Performing analysis",SPSS,English,Statistical Literacy,38c36,Reliability/Cronbach's alpha,2026-01-12
9034,Reliability/eur-reliability-408-nl,eur-reliability-408-nl,"Een onderzoeker van het instituut voor psychologie doet onderzoek naar alcoholmisbruik onder adolescenten. De onderzoeker ontwierp 34 stellingen waar de adolescenten het mee eens of oneens kunnen zijn op een vierpuntsschaal (1 = helemaal mee eens; 2 = enigszins mee eens; 3 = enigszins mee oneens; 4 = helemaal mee oneens). Een voorbeeld van een stelling is: Als ik me eenzaam voel, drink ik graag een alcoholische drank. De antwoorden van 312 meisjes (0) en jongens (1) op de 34 stellingen staan in de dataset.
Eerder onderzoek heeft aangetoond dat jongens meer alcohol misbruiken dan meisjes. Vanwege deze bevinding wil een onderzoeker de betrouwbaarheid van de vragenlijst voor jongens en meisjes afzonderlijk berekenen (variabele [geslacht]). Wat is de betrouwbaarheid (Cronbach's alpha) van de schaal voor de meisjes? (3 decimalen)
Open de dataset hieronder om deze vraag te beantwoorden:
**Download** [SPSS file](eur-reliability-408-en-data.sav), [CSV file](eur-reliability-408-en-data.csv)
",num,Reliability/Analysis/Cronbach's alpha,"Interpreting output, Performing analysis",SPSS,Dutch,Statistical Literacy,f0d6c,Reliability/Cronbach's alpha,2026-01-12
9093,Reliability/vufsw-cronbach's_alpha-1170-en,vufsw-cronbach's_alpha-1170-en,"We investigate survey data of a sample of 239 respondents. Given is the
following correlation matrix (Pearson correlation coefficient) of three
questions of a scale.  
  
<table>
<colgroup>
<col style=""width: 25%"" />
<col style=""width: 25%"" />
<col style=""width: 25%"" />
<col style=""width: 25%"" />
</colgroup>
<tbody>
<tr class=""odd"">
<td class=""tvcss_2""><br />
</td>
<td class=""tvcss_3"">Item1</td>
<td class=""tvcss_4"">Item2</td>
<td class=""tvcss_4"">Item3</td>
</tr>
<tr class=""even"">
<td class=""tvcss_2"">Item1<br />
</td>
<td class=""tvcss_3"">1<br />
</td>
<td class=""tvcss_4""><br />
</td>
<td class=""tvcss_4""><br />
</td>
</tr>
<tr class=""odd"">
<td class=""tvcss_2"">Item2</td>
<td class=""tvcss_3"">.312</td>
<td class=""tvcss_4"">1</td>
<td class=""tvcss_4""><br />
</td>
</tr>
<tr class=""even"">
<td class=""tvcss_2"">Item3</td>
<td class=""tvcss_3"">.357</td>
<td class=""tvcss_4"">.451</td>
<td class=""tvcss_4"">1</td>
</tr>
</tbody>
</table>
  
The data furthermore shows that the average correlation between the
three items is 0.373. Assume that the variances of the three items are
the same. How high is Cronbach's alpha?
Answerlist
----------
* 0.877
* 0.728
* 0.641
* 0.942
* 0.801
",schoice,reliability/analysis/cronbach's alpha,performing analysis,calculator,English,statistical thinking,d809a,reliability/cronbach's alpha,2026-01-12
9094,Reliability/vufsw-cronbach's_alpha-1170-nl,vufsw-cronbach's_alpha-1170-nl,"We onderzoeken enquêtegegevens van een steekproef van 239 respondenten. De volgende correlatiematrix (Pearson correlatiecoëfficiënt) van drie vragen van een schaal wordt weergegeven.
 
<table>
<colgroup>
<col style=""width: 25%"" />
<col style=""width: 25%"" />
<col style=""width: 25%"" />
<col style=""width: 25%"" />
</colgroup>
<tbody>
<tr class=""odd"">
<td class=""tvcss_2""><br />
</td>
<td class=""tvcss_3"">Item1</td>
<td class=""tvcss_4"">Item2</td>
<td class=""tvcss_4"">Item3</td>
</tr>
<tr class=""even"">
<td class=""tvcss_2"">Item1<br />
</td>
<td class=""tvcss_3"">1<br />
</td>
<td class=""tvcss_4""><br />
</td>
<td class=""tvcss_4""><br />
</td>
</tr>
<tr class=""odd"">
<td class=""tvcss_2"">Item2</td>
<td class=""tvcss_3"">.312</td>
<td class=""tvcss_4"">1</td>
<td class=""tvcss_4""><br />
</td>
</tr>
<tr class=""even"">
<td class=""tvcss_2"">Item3</td>
<td class=""tvcss_3"">.357</td>
<td class=""tvcss_4"">.451</td>
<td class=""tvcss_4"">1</td>
</tr>
</tbody>
</table>
  
De gegevens laten ook zien dat de gemiddelde correlatie tussen de drie items 0,373 is. Ga ervan uit dat de varianties van de drie items gelijk zijn. Hoe hoog is Cronbach's alpha?
Answerlist
----------
* 0.877
* 0.728
* 0.641
* 0.942
* 0.801
",schoice,reliability/analysis/cronbach's alpha,performing analysis,calculator,Dutch,statistical thinking,a774d,reliability/cronbach's alpha,2026-01-12
9109,Reliability/vufsw-cronbach'salpha-0090-en,vufsw-cronbach'salpha-0090-en,"A researcher conducted a regression analysis to predict a person's
interest in politics (Y) based on how often a person reads news articles
(X) per week. Political interest was measured using a scale ranging from
1 ('not at all interested') to 10 ('very interested'). The formula
associated with the regression line is at the bottom of the question.  
  
For the measurement of political interest, the researcher has developed
a scale consisting of 10 items. She wants to know whether this is a
reliable scale. She finds that in a random sample of 231 respondents,
the average correlation between the items is 0.512. If we assume that
the variances of the 10 items are the same, how high is the Cronbach's
Alpha?   
  
![](vufsw-cronbach'salpha-0090-en.png)
Answerlist
----------
* 0,913
* 0,837
* 0,888
* 0,996
",schoice,reliability/analysis/cronbach's alpha,performing analysis,calculator,English,statistical thinking,40d92,reliability/cronbach's alpha,2026-01-12
9110,Reliability/vufsw-cronbach'salpha-0090-nl,vufsw-cronbach'salpha-0090-nl,"Een onderzoeker heeft een regressie-analyse uitgevoerd om iemands
interesse in politiek (Y) te voorspellen <span
class=""tvcss_2 tvcss_3 tvcss_4 tvcss_5 tvcss_6 tvcss_7"">op basis van hoe
vaak iemand per week nieuwsartikelen leest (X). </span>Politieke
interesse is gemeten met een schaal die loopt van 1 (‘helemaal niet
geïnteresseerd’) tot 10 (<span
class=""tvcss_2 tvcss_3 tvcss_4 tvcss_5 tvcss_6 tvcss_7"">‘</span>zeer
geïnteresseerd’). De formule die bij de regressielijn hoort staat
onderaan de vraag.  
  
Voor de meting van politieke interesse heeft de onderzoeker een schaal
ontwikkeld die uit 10 items bestaat. Ze wil weten of dit een betrouwbare
schaal is. Ze vindt bij een willekeurige steekproef van 231 respondenten
dat de gemiddelde correlatie tussen de items 0,512 is. Als we aannemen
dat de varianties van de 10 items hetzelfde zijn, hoe hoog is de
Cronbach's Alpha?   
  
![](vufsw-cronbach'salpha-0090-nl.png)
Answerlist
----------
* 0,913
* 0,837
* 0,888
* 0,996
",schoice,reliability/analysis/cronbach's alpha,performing analysis,calculator,Dutch,statistical thinking,7e087,reliability/cronbach's alpha,2026-01-12
