"Production Rate","Caustic","MgSO4","H2O2","O2","Conductivity","Discharge pH","Bleaching","Pulp Defects"
160.58,63.61132561132565,3.079795740440901,47.77513555784135,21.168862482596147,7304.721,7.462,61.549,"Pass"
118.347,70.57973586149213,3.1263940784303785,56.185968970208,21.639076755529214,7362.517,8.423,60.749,"Pass"
176.134,62.62883183636706,2.8494232800027253,51.237859583498945,22.515821189862205,7542.703,8.986,63.626,"Pass"
177.357,59.90414813060667,3.0363274074324664,44.825167339059014,21.434032731478517,7789.64,7.924,60.946,"Pass"
214.297,64.87802753499432,2.8548282057144996,54.78784860925205,22.509893649073696,9716.761,8.168,57.751,"Pass"
79.482,64.75769496377931,3.5489635389144714,45.43652564948254,17.581645745901394,4499.64,8.539,53.743,"Pass"
237.743,60.079067639332344,2.6811499812823087,50.85099697428526,20.05115303242414,10209.435,7.974,58.966,"Pass"
141.128,74.96992485938688,5.606865823932883,66.82400381737772,26.022296591771365,7195.188,9.137,41.632,"Pass"
166.972,71.52010849457135,1.8429571425149127,59.23341984862747,22.543830197234495,8315.451,7.399,62.458,"Pass"
155.569,63.03055235940322,2.9199688884032162,43.806938231531134,22.580711744056714,8646.441,8.03,*,"Pass"
171.124,67.10330910139233,2.997068792220846,46.735011023467365,20.03119066961502,5678.436,8.646,57.41,"Pass"
166.006,65.07502406204858,3.1998072358830405,48.857177735127536,19.43347472776108,7417.079,9.179,41.066,"Pass"
132.585,63.351828805839475,3.343263265075234,40.513910540349144,21.975674860090667,6618.409,7.87,61.562,"Pass"
172.704,61.70485660758029,3.118132295719844,47.75428902575795,21.884240346848657,6087.592,8.817,60.272,"Pass"
171.404,65.05442631962438,3.0990361951879764,53.49536649787494,23.196696706231272,8270.945,8.639,59.779,"Fail"
162.493,60.08160351522839,2.9759037004670974,40.220998354130415,22.638660198389488,7276.743,7.42,60.158,"Fail"
200.646,59.43901199126826,3.3411823809096615,40.94835931073146,23.242589374238577,8423.589,8.133,57.447,"Pass"
177.866,60.55092660267346,3.0070421553304167,39.55345578939993,22.973293148573504,7644.331,7.731,59.993,"Pass"
149.608,67.38656281006962,3.942308967434896,54.30835111286439,21.23906785458851,7673.754,8.984,57.517,"Pass"
200.544,63.433483148059544,2.758334131163236,57.98613754165149,21.663886213771846,3907.732,9.65,60.63,"Pass"
93.768,54.0600441752221,2.148758638341439,47.73954113479157,20.205067116340583,5899.202,8.534,61.556,"Pass"
154.053,58.17622650790454,2.9249237600046727,47.33917949837854,19.904361777027454,7782.583,7.556,64.366,"Pass"
187.037,65.84365660270434,5.014088977047321,46.30176906801615,19.308349628433973,8376.879,8.342,57.908,"Pass"
166.946,62.70279012375264,3.094016987528901,44.89543467006227,20.840479761296525,6858.357,8.156,58.168,"Pass"
173.49,61.046425986768426,3.082889849559052,42.61738000938258,18.51220131179206,7024.688,9.268,41.199,"Pass"
135.501,64.4003447289031,3.0009591073128603,45.43466162179664,22.356299826776947,4105.006,10.087,61.149,"Pass"
209.22,67.30618487716285,4.3598921709205625,46.769383705886476,21.065682565089592,9919.833,7.61,58.669,"Pass"
130.7,54.68331208025168,2.662732976281561,44.227745406244665,18.982257230394,4865.992,8.651,62.211,"Pass"
140.028,63.04205825501571,3.0609101036935478,47.94701406716031,22.596834385543847,8338.103,7.74,61.043,"Pass"
150.684,63.17423659225041,3.306369355737836,40.539513545805654,23.068771394167527,8394.716,7.784,60.129,"Pass"
206.188,60.08188858927025,2.967103420179642,43.40259288953645,22.93132459303199,7359.435,8.319,60.518,"Pass"
171.312,55.37252368647714,2.8440907817315777,41.512038838833405,18.931613039468584,8120.846,8.104,41.517,"Pass"
148.596,73.54392670955707,3.500747799402406,57.32229360118683,27.086449450093713,7650.118,8.587,59.123,"Pass"
206.188,60.08188858927025,2.967103420179642,43.40259288953645,22.93132459303199,7359.435,8.319,60.518,"Pass"
86.271,73.1694312109516,3.0573648155231767,61.048991962079626,22.48106964159456,5760.23,7.687,62.081,"Pass"
114.771,60.17393089040113,3.1599675876310216,44.282986188738185,21.953077648152732,5028.327,8.626,63.597,"Pass"
231.551,64.97285215304146,3.623000721223402,51.5316125183011,21.888042872265572,9012.959,8.773,58.929,"Pass"
133.115,72.90938912469174,2.31170221237276,59.29339922270103,22.456268400083164,7197.662,8.599,60.044,"Pass"
145.258,62.27800037022253,1.76537746630134,49.90175059035478,21.12122891888701,6940.245,8.44,60.832,"Pass"
167.286,62.19528233085849,3.043930992432122,46.487300903542945,18.3611297655165,6582.872,9.068,54.613,"Pass"
114.691,62.73924428827599,3.0024661045766448,48.11447304677405,20.543604969469225,4691.154,9.009,53.261,"Pass"
194.818,66.47609563798011,4.738611011302857,46.20130282129768,20.623726119645617,7988.89,8.289,57.842,"Pass"
96.234,69.40125111706887,2.9311752603030117,55.290000024230594,21.125691122995583,5818.079,7.678,60.636,"Fail"
128.452,65.76260219987064,3.051564164045713,53.77619143397051,22.12052117133038,7335.118,8.793,58.196,"Pass"
170.058,55.21535789750168,2.843521151607099,38.80536755259651,18.620379602499945,6569.009,8.455,64.586,"Pass"
116.32,64.98349381017889,3.1178872077028883,50.878971333531936,23.22415892880899,6343.028,8.339,61.973,"Pass"
99.689,70.79891796821455,3.123570303644334,53.3419801104147,23.572175732649107,4741.665,8.633,59.998,"Pass"
128.167,71.60407905311037,4.287406274626074,59.6332566813017,23.079241505990804,7785.966,8.441,60.528,"Pass"
182.455,56.80260886245921,1.8672685319667863,53.80751574394013,20.926926268579855,4542.717,8.857,61.607,"Pass"
112.389,67.92044693974604,3.292131436350533,48.32157590065424,21.64539005953391,7317.481,8.254,60.41,"Fail"
184.299,59.9106042053644,3.100853287321146,42.423288490295,19.35028675311605,8680.238,8.768,41.596,"Pass"
166.006,65.07502406204858,3.1998072358830405,48.857177735127536,19.43347472776108,7417.079,9.179,41.066,"Pass"
103.521,61.440244545121786,2.937171008780827,48.14833474834321,19.551417599348763,4166.202,9.127,54.5,"Pass"
241.245,51.67598637622891,2.885193060996082,35.87425993019596,20.24112377489451,7464.878,8.509,40.806,"Pass"
159.898,66.45451753270493,2.9325575054096986,56.05860343595898,23.424178761438963,8919.098,8.512,58.068,"Pass"
138.108,62.57029120527247,2.9708367364671124,48.19882270846422,18.29562715261308,6964.051,9.286,40.657,"Pass"
137.166,57.686404308161926,5.368206115218056,43.084710964424,20.90217984177465,9243.752,7.223,63.2,"Fail"
163.878,68.26810188066739,3.2637117855966022,44.143441900590794,22.00344655707132,4819.401,8.373,57.999,"Pass"
169.701,56.97444328554346,2.741567344918415,49.23132128924205,21.22761993874656,7647.226,8.533,61.977,"Pass"
158.547,65.32018896604798,3.2810278340176726,49.04013717534216,19.685932612065677,7726.549,8.976,52.71,"Pass"
176.933,58.02098346078275,2.9400796911825378,39.630825822177975,21.435114521635903,7729.351,7.8,60.212,"Pass"
124.823,69.69972592301808,3.8152968603542616,40.27716963911691,22.165143425838117,8133.822,7.76,61.745,"Pass"
135.511,62.100329698532114,3.379209067898547,45.13413659914217,20.801197862648216,6870.215,8.249,57.815,"Fail"
74.559,52.0259123647045,2.1618830724661007,46.525676298590675,21.82212482354135,5840.63,7.373,62.01,"Pass"
207.748,66.63791388284521,3.1387935383252783,51.93469377326455,22.300031271138607,8603.119,8.483,56.935,"Pass"
116.561,77.90019341327246,3.991444136546529,54.07622112858656,22.9123675631823,7942.522,7.974,58.559,"Pass"
128.03,53.62645907643178,3.204688901038819,38.83818904197347,19.06337998754647,7039.348,8.64,42.884,"Pass"
152.618,74.96573143403789,0.7921141673983411,60.34518188736464,23.69284707525629,7170.401,8.198,58.31,"Pass"
174.69,58.06514396931711,2.914918083462133,49.571979599970575,21.16061534916313,7852.181,7.924,62.233,"Pass"
95.714,69.19408051300988,3.6360323463652127,42.11444008273641,24.138319814998876,5352.717,7.721,60.513,"Pass"
184.815,64.74092110128151,2.9732651570489406,43.08376784879711,20.060097999430262,8444.604,8.443,58.035,"Pass"
164.482,62.56118535091317,1.9822171423012853,48.02365948112507,18.495170232406398,7577.358,7.718,60.492,"Pass"
153.99,60.95518468010184,3.425701928696668,41.64984448546335,17.745978236105,7309.432,9.015,41.595,"Pass"
157.761,67.96691760884437,3.018723258600034,54.16925844741611,6.447053625680169,6048.463,9.123,58.169,"Pass"
184.299,59.9106042053644,3.100853287321146,42.423288490295,19.35028675311605,8680.238,8.768,41.596,"Pass"
192.162,66.38467080437924,3.0311624566771784,55.72761350446111,22.233706787799946,8634.938,8.239,57.991,"Pass"
189.266,63.53051613425908,3.0001204653767717,39.92394691838174,20.11784938325018,8067.492,8.645,57.664,"Pass"
65.022,53.884838977576855,2.3099529390052593,50.933492439129104,19.34864371927639,5191.081,8.315,61.549,"Pass"
160.103,63.776443914230256,3.134734014977858,45.70967033404484,21.088925317233237,7945.632,8.255,58.581,"Pass"
126.404,64.54280631063017,3.2459124711243317,47.108246615186914,22.14253147778355,4264.142,9.542,61.082,"Pass"
166.006,65.07502406204858,3.1998072358830405,48.857177735127536,19.43347472776108,7417.079,9.179,41.066,"Pass"
144.12,62.934961606069066,3.1519333888426315,40.86278243061328,22.19762603177996,6521.629,7.661,61.05,"Pass"
166.091,54.85635384618477,2.9996625946017543,40.59400245993437,21.690579240784384,8312.521,8.349,62.23,"Pass"
110.106,54.77150301628537,3.493477194703286,49.91048514050001,21.30282769867116,6660.69,7.807,60.486,"Fail"
244.342,60.92078589299701,2.8786091625672214,41.92010420557548,23.163532306689877,8738.117,7.536,59.962,"Pass"
197.879,68.981414568162,3.0546667407860366,57.058199551375075,22.377481578557013,8240.555,8.181,60.6,"Pass"
166.006,65.07502406204858,3.1998072358830405,48.857177735127536,19.43347472776108,7417.079,9.179,41.066,"Pass"
76.384,68.24617139133274,3.0694260578131543,54.11214591205177,22.65901442682299,4106.552,9.822,59.218,"Pass"
189.411,60.18962878490568,2.8237565928061197,41.40576532950551,20.040282432674026,9195.401,7.967,59.176,"Pass"
196.17,58.970960561417876,2.8571855023703927,46.96489274406944,16.837452463109045,7606.493,8.714,53.655,"Pass"
129.131,57.88153115828118,2.836933036993441,41.52107712739988,18.29698704378207,4680.889,9.117,41.639,"Pass"
143.907,61.12382765721385,2.4692747399362087,57.366547707789145,20.16944324772133,6681.067,8.123,60.58,"Pass"
182.106,59.82779260430744,3.017495304932292,49.94045051364826,20.619305745052745,7658.663,9.106,60.009,"Pass"
165.422,59.558798440083926,2.170263205619567,43.278363813415915,22.355659392829494,8746.996,8.301,67.252,"Pass"
194.149,62.68467345526722,1.7925366599879475,49.95369064023109,19.540438592050986,7466.141,7.645,61.899,"Pass"
122.526,82.9298634122101,3.4383428823270163,62.39980274380902,27.59397479345651,4416.416,9.946,59.142,"Pass"
152.974,60.20331704879402,2.921607070482566,45.610595073714585,17.98357740851417,5170.542,8.748,63.108,"Pass"
173.157,57.765611554831786,3.173443753356779,41.48140485806082,22.29015464054101,7485.449,8.289,61.641,"Pass"
182.26,61.748064425667906,2.7134511137934823,39.862659762098644,20.314031428194944,10212.413,8.33,54.897,"Pass"
132.585,63.351828805839475,3.343263265075234,40.513910540349144,21.975674860090667,6618.409,7.87,61.562,"Pass"
157.267,64.14265053839797,3.587258865496258,43.94258020091218,19.719705870892213,5600.896,8.586,65.325,"Pass"
171.312,55.37252368647714,2.8440907817315777,41.512038838833405,18.931613039468584,8120.846,8.104,41.517,"Pass"
203.382,68.4852477931512,2.954003009115851,57.277799553511656,24.163739956245482,8068.305,7.814,56.584,"Pass"
118.383,70.05029813777698,3.094498365474773,56.82002511991586,22.773026465162992,4941.512,9.57,54.342,"Pass"
195.629,54.96263051206341,0.4681514499384038,42.848611470755436,19.66279556864118,6454.662,9.285,41.508,"Pass"
137.166,57.686404308161926,5.368206115218056,43.084710964424,20.90217984177465,9243.752,7.223,63.2,"Fail"
141.967,60.71935340216002,2.9416909563490106,40.467363250468864,19.7280791107016,7447.272,8.016,56.852,"Pass"
199.942,60.3270726288401,2.8032833521721296,47.7739153630918,17.58247591736628,6560.773,8.818,53.732,"Pass"
152.886,62.04500957140185,2.8993273419410537,48.135813708626706,22.04420988090211,8224.234,7.884,60.218,"Pass"
228.249,46.46062462972946,2.6321738101809866,35.527458202966926,18.112602334817787,6565.858,8.151,48.067,"Pass"
118.788,60.82965731667626,2.991429437316901,49.39449252998366,21.67218563966818,4746.849,9.307,60.485,"Pass"
70.979,72.5152196815647,4.077338931233181,49.431204255280164,23.400181479818787,6131.953,8.151,59.472,"Pass"
141.927,77.57480958520938,3.9233600372022237,46.87753155399221,22.572879079936783,7675.451,7.816,59.713,"Pass"
105.923,59.327687722842754,2.939735468217479,50.26856178466801,22.41583364083048,4891.366,9.229,59.717,"Pass"
208.365,60.47234420368099,2.830614354618098,47.85206614530371,19.571694526583702,7251.815,8.867,54.092,"Pass"
149.494,69.12363632579834,2.9406076498053424,57.025192569176156,23.079994523884995,8982.634,7.676,61.208,"Pass"
92.62,69.14093428345217,3.243311595767653,53.428080345889654,20.56850951846888,4945.741,8.864,61.536,"Pass"
189.839,63.376451741856165,3.1454426118974497,43.52050284871794,20.125355282300998,8112.792,7.627,54.282,"Pass"
118.366,73.60948245273141,3.2806393727928627,55.91991784689751,21.491911208909855,5518.75,8.436,59.269,"Pass"
116.32,64.98349381017889,3.1178872077028883,50.878971333531936,23.22415892880899,6343.028,8.339,61.973,"Pass"
147.482,57.55962686218579,2.7571700953336684,39.57434227132151,22.626622631600352,10778.555,7.971,59.678,"Pass"
136.363,71.14034680309994,5.023711123985245,56.13034429929631,24.03888150488543,8618.266,7.61,61.418,"Pass"
166.006,65.07502406204858,3.1998072358830405,48.857177735127536,19.43347472776108,7417.079,9.179,41.066,"Pass"
129.865,81.21343104163732,4.231347938243561,52.85499548406274,23.9511590817674,7535.5,9.461,58.995,"Pass"
165.264,61.274808790783275,2.9481731048504205,42.611758161676946,20.464384362998647,8150.204,8.124,43.863,"Pass"
93.141,60.95561210065033,2.910518890714078,49.697930814119786,20.89733300727999,4110.213,8.292,48.742,"Fail"
117.445,71.15727929385395,3.337558176167568,53.8947371723807,21.557962886312104,6759.125,8.882,60.495,"Pass"
162.143,68.62792582953179,3.773096094188463,43.908275820937995,22.818245089482247,9393.657,8.128,61.71,"Pass"
154.053,58.17622650790454,2.9249237600046727,47.33917949837854,19.904361777027454,7782.583,7.556,64.366,"Pass"
160.148,57.333882825053536,2.8593550965357046,41.467931137286214,18.92462061864958,7927.271,8.454,61.894,"Pass"
214.297,64.87802753499432,2.8548282057144996,54.78784860925205,22.509893649073696,9716.761,8.168,57.751,"Pass"
74.826,61.94742172209904,1.811460187635314,49.418926802788725,21.106057506998354,4655.515,7.998,61.069,"Pass"
113.852,65.4212876756179,5.116065066928994,51.57682576956434,22.931236044456732,7432.558,7.715,68.411,"Pass"
76.384,68.24617139133274,3.0694260578131543,54.11214591205177,22.65901442682299,4106.552,9.822,59.218,"Pass"
244.342,60.92078589299701,2.8786091625672214,41.92010420557548,23.163532306689877,8738.117,7.536,59.962,"Pass"
78.593,61.52413913028731,3.262824933518252,48.135734911765475,18.642827226992374,4514.094,9.597,53.08,"Pass"
161.162,58.04643774587066,3.0004810066889216,42.486365020224646,20.909758960969494,6518.139,8.223,60.557,"Pass"
166.162,60.943256179712215,2.314926397130511,43.11701811632556,23.515907685222373,6671.595,7.692,61.555,"Pass"
173.576,63.30172374060935,2.954731068811357,51.67815890169978,21.845905851136582,8146.333,8.543,60.304,"Pass"
159.898,66.45451753270493,2.9325575054096986,56.05860343595898,23.424178761438963,8919.098,8.512,58.068,"Pass"
124.188,75.85370567204568,3.362829258865591,51.93288297286962,21.907644680701114,6461.055,7.666,60.244,"Pass"
118.486,79.20487558773945,2.9990540654592106,42.09565511810304,20.35158591517981,7670.91,8.439,62.202,"Pass"
68.563,62.29116125153352,5.1827650482038425,49.830439253869166,20.6048713788085,4901.606,7.559,62.134,"Fail"
176.03,53.256692356732174,3.1632717150485714,35.70984632590155,19.663186107487398,8610.526,8.6,42.379,"Pass"
204.89,52.74322807360052,2.2885942700961492,48.88455747801877,20.32444188465553,8239.697,7.955,57.531,"Pass"
105.923,59.327687722842754,2.939735468217479,50.26856178466801,22.41583364083048,4891.366,9.229,59.717,"Pass"
90.608,52.434516451821814,2.425852021896521,0.05417747209656673,20.97037466822681,9226.935,8.735,60.716,"Pass"
147.497,62.99517956297421,3.203952893957165,43.9789918613266,23.607139274129267,7309.291,7.267,61.038,"Pass"
145.008,62.62063702232525,3.536842105263158,45.22372478446283,20.439455884198303,7443.145,9.385,41.451,"Pass"
135.316,65.26606034927305,3.0592071890981107,45.56424081379985,19.276449917456077,5286.136,8.93,59.12,"Pass"
130.559,71.40683096871491,3.2829074977596338,52.55434790521397,21.964955030419844,9314.441,8.199,59.131,"Pass"
123.483,72.56637215919066,2.9370248536235755,59.860437021558745,22.344220658897243,8052.17,7.816,59.551,"Pass"
176.03,53.256692356732174,3.1632717150485714,35.70984632590155,19.663186107487398,8610.526,8.6,42.379,"Pass"
226.601,66.46640276668394,3.9123089483276767,51.5068296332504,18.8840562613686,10744.974,8.078,56.371,"Pass"
188.391,54.55957733295827,2.527916938707263,43.18736400451926,18.831368010915643,6331.394,8.44,65.074,"Pass"
160.148,57.333882825053536,2.8593550965357046,41.467931137286214,18.92462061864958,7927.271,8.454,61.894,"Pass"
165.942,51.3061190054356,4.349000976244712,37.09770678557821,18.377385204827636,7118.571,8.591,41.436,"Pass"
149.406,67.57171733397593,3.0894566483273764,54.526490758346306,21.77918408035082,8673.907,8.682,57.515,"Pass"
190.513,61.34751959183893,2.768965057502637,39.82321263809471,19.655160049450462,8913.358,8.717,57.49,"Pass"
231.551,64.97285215304146,3.623000721223402,51.5316125183011,21.888042872265572,9012.959,8.773,58.929,"Pass"
141.484,69.36200088584816,2.925840943145514,55.98019533814938,23.527586844400616,6638.87,8.05,57.244,"Pass"
174.852,48.83543415764948,2.4093885114268065,25.644698631301363,11.924086384624388,5680.123,8.308,64.2,"Pass"
156.189,52.39360290701939,2.8145592839444515,39.380871175128256,19.834030131898196,8519.234,8.374,57.303,"Pass"
132.441,66.65116290776024,3.5405205336715966,42.94906901614364,19.219739770079947,9331.924,8.876,58.097,"Pass"
143.748,57.00870041090432,3.109120961682945,41.74227771232276,22.2050119908672,8047.089,8.283,60.843,"Pass"
77.451,67.33771459804699,3.5474299879924085,49.80781569295378,23.882365723877594,5387.374,8.051,60.665,"Pass"
175.334,62.409458519169185,3.113147706662712,45.20036959934598,22.2506822098311,7877.713,8.582,59.68,"Pass"
129.671,66.339376833165,2.994626092187151,49.39009136975151,24.654923152077302,6923.964,7.967,62.628,"Pass"
70.183,54.34263124814972,4.071385948164085,49.75492645818737,17.68347402194261,6232.441,8.024,60.964,"Pass"
155.252,64.74835178362353,3.232681833406333,49.454071752401155,22.290575882186914,8257.895,7.078,67.695,"Pass"
144.877,62.25431074482334,3.059606148664039,47.36732927466253,20.573529325101504,5864.931,9.055,54.037,"Pass"
176.134,62.62883183636706,2.8494232800027253,51.237859583498945,22.515821189862205,7542.703,8.986,63.626,"Pass"
209.22,67.30618487716285,4.3598921709205625,46.769383705886476,21.065682565089592,9919.833,7.61,58.669,"Pass"
149.141,59.35595622039999,2.8984416089472376,43.754595840590355,21.24328883342082,7734.914,8.141,59.111,"Pass"
116.561,77.90019341327246,3.991444136546529,54.07622112858656,22.9123675631823,7942.522,7.974,58.559,"Pass"
179.751,60.623912461621245,2.975508119565398,41.6740261999142,20.242385282228586,7633.899,8.355,42.308,"Pass"
144.146,65.68041353134251,4.34583380738973,53.274454302484855,21.817859075736305,6961.181,8.965,61.65,"Pass"
149.904,56.845714590671406,2.639308357348703,44.27010331826253,20.468360655856944,4886.753,8.45,59.509,"Pass"
169.701,56.97444328554346,2.741567344918415,49.23132128924205,21.22761993874656,7647.226,8.533,61.977,"Pass"
147.402,61.68158429932361,2.957489314934668,47.51580838339214,17.941769871990388,6626.266,8.702,53.546,"Pass"
109.29,59.18768617643166,2.882687894592368,47.028941899198756,15.78396484535536,4391.022,8.025,53.648,"Pass"
201.747,58.44172266364423,2.7963609867804724,42.306541961937235,19.335646212308944,7273.546,7.825,43.018,"Pass"
183.357,64.45843051775746,3.016887056398174,46.11738142497736,23.59965337586258,7428.216,8.321,58.449,"Pass"
135.243,63.836107352444664,1.1647514473946896,54.811894657365585,19.909853920918472,6455.792,8.13,59.002,"Pass"
69.595,60.79453345147725,2.6845514763991662,50.89389255731526,17.310263078000048,3996.395,8.624,61.444,"Pass"
236.765,55.88314714308848,2.6303347200810934,51.68187781624152,21.895065484116707,8915.998,9.395,59.32,"Pass"
108.379,71.2507240537579,3.211131307725666,57.259103799012614,21.408091949258104,6382.092,7.828,61.213,"Pass"
187.224,63.591419903431245,2.4458402768875787,59.22998904556303,21.153471283646663,8235.351,8.311,62.82,"Pass"
139.721,63.490909264415,2.91032099684371,51.55895014625463,22.922718704293384,4256.305,8.859,52.545,"Pass"
128.167,71.60407905311037,4.287406274626074,59.6332566813017,23.079241505990804,7785.966,8.441,60.528,"Pass"
193.55,58.49048480151559,2.801225936450529,49.15629297322652,20.57227198276633,8658.698,8.791,57.916,"Pass"
181.739,58.739009727625316,2.983274255938461,40.01689531705274,21.29085077479273,8224.852,7.769,59.424,"Pass"
131.135,78.75136309909641,3.74339604224654,48.94330787745477,24.162176423998964,7860.272,7.424,61.197,"Pass"
173.633,64.63471805474762,3.0381542679099014,54.79610864829811,22.774583184786376,8543.145,8.542,58.715,"Pass"
150.507,69.52996649103802,6.54749506667464,56.55006694551438,22.456110752267676,6776.155,9.018,63.205,"Pass"
145.008,62.62063702232525,3.536842105263158,45.22372478446283,20.439455884198303,7443.145,9.385,41.451,"Pass"
183.652,66.70717806866617,2.9123045760459996,53.63831483405291,21.63329258321249,8383.402,7.931,61.255,"Pass"
113.537,63.06343600177333,2.9039203079172426,51.332849788205095,19.465253093170798,8064.006,8.063,61.44,"Pass"
176.134,62.62883183636706,2.8494232800027253,51.237859583498945,22.515821189862205,7542.703,8.986,63.626,"Pass"
116.32,64.98349381017889,3.1178872077028883,50.878971333531936,23.22415892880899,6343.028,8.339,61.973,"Pass"
183.129,60.64278914499256,3.0006388938944673,42.31949675990998,20.30336700061791,8489.794,7.817,56.135,"Pass"
156.759,66.47387249075189,2.8510638623619697,56.54403993242371,21.606400021871167,8814.946,8.585,59.324,"Pass"
138.118,67.08452193052322,3.2093323100537225,50.46619655910319,22.60335766672587,4139.487,8.73,58.259,"Pass"
237.234,63.01210338034736,2.7795543640456253,51.78743309238787,23.131242183575065,9635.889,8.575,59.598,"Pass"
180.942,63.186582809224376,1.9841124780316346,54.47754761835444,20.849563452825155,6644.556,7.571,60.681,"Pass"
104.604,77.76052753453241,3.852334518756453,48.909677814944956,21.004979093541046,8174.577,8.1,59.201,"Pass"
230.006,53.04873206206219,1.6564326148013528,43.904760646676145,18.806998443652105,7414.599,9.299,42.258,"Pass"
170.16,59.871062529384155,2.66958533145275,48.17012237344435,19.602611653422038,5833.104,9.017,54.212,"Pass"
141.128,74.96992485938688,5.606865823932883,66.82400381737772,26.022296591771365,7195.188,9.137,41.632,"Pass"
107.871,62.70767861612488,3.2262535806657957,44.16756258417266,21.799996774622798,5372.977,8.042,59.625,"Pass"
122.326,67.77245502455196,3.324174419174992,54.909640475164586,21.577998841466982,6449.573,8.537,57.95,"Fail"
95.03,71.5855811615046,3.161059875828686,54.308181134647704,21.59297595582781,7439.716,8.196,60.849,"Pass"
193.55,58.49048480151559,2.801225936450529,49.15629297322652,20.57227198276633,8658.698,8.791,57.916,"Pass"
149.904,56.845714590671406,2.639308357348703,44.27010331826253,20.468360655856944,4886.753,8.45,59.509,"Pass"
209.22,67.30618487716285,4.3598921709205625,46.769383705886476,21.065682565089592,9919.833,7.61,58.669,"Pass"
175.954,59.49191265899046,2.998078134057765,39.704002385965474,23.243751637056405,8381.641,7.392,63.514,"Pass"
125.55,61.78832691712029,3.20963440860215,40.9876158087504,19.971399689823134,5166.795,7.318,56.124,"Pass"
186.503,66.91241785208108,1.8070975801997822,50.726356711831606,22.21033977712094,7247.913,7.574,60.369,"Pass"
68.563,62.29116125153352,5.1827650482038425,49.830439253869166,20.6048713788085,4901.606,7.559,62.134,"Fail"
119.58,65.7409265763506,3.553685900652283,45.3591121180495,19.144598374090403,5320.396,8.447,52.936,"Pass"
156.189,52.39360290701939,2.8145592839444515,39.380871175128256,19.834030131898196,8519.234,8.374,57.303,"Pass"
91.263,65.16658205162852,2.9704112290851707,50.77006559928737,23.525032768702104,3817.756,9.484,58.04,"Pass"
164.627,59.47852485382784,2.9150756558766178,43.190363531803705,21.554454902975063,7498.827,7.887,62.362,"Pass"
178.482,68.96404119182893,4.884972602279221,54.03858969692972,19.280165004860688,8435.104,8.276,58.568,"Pass"
124.709,63.71141350397054,3.2900297492562687,40.84902527190097,20.276035674925723,6028.704,8.321,58.168,"Pass"
205.813,68.0719120971194,4.307469013133281,52.16813367918819,19.923714047402623,8098.478,8.826,57.582,"Pass"
173.313,61.45913270595211,3.06490107493379,50.434347673106856,20.964126682638284,7301.787,8.982,60.966,"Pass"
118.366,73.60948245273141,3.2806393727928627,55.91991784689751,21.491911208909855,5518.75,8.436,59.269,"Pass"
149.751,85.37965615514355,4.476730572750766,59.556323871313815,27.006839929095094,7413.514,8.27,59.699,"Pass"
173.576,63.30172374060935,2.954731068811357,51.67815890169978,21.845905851136582,8146.333,8.543,60.304,"Pass"
93.141,60.95561210065033,2.910518890714078,49.697930814119786,20.89733300727999,4110.213,8.292,48.742,"Fail"
172.501,65.02860852980568,2.739540292520043,42.23524682350656,23.17053140970772,4684.282,8.424,58.281,"Pass"
149.218,60.81125154695364,3.044248281038481,45.82825980136238,22.794765116154906,6285.006,8.014,59.132,"Pass"
183.926,51.49716008974629,2.9677187564564007,36.02136661700932,18.422115352413186,7096.184,8.579,42.577,"Pass"
109.29,59.18768617643166,2.882687894592368,47.028941899198756,15.78396484535536,4391.022,8.025,53.648,"Pass"
157.529,62.0197198258381,3.2557205339969153,44.75468782089456,21.034029721027018,7810.289,8.14,60.275,"Pass"
115.689,76.22332287425778,3.5782112387521714,56.483881515446804,21.20551203388612,7239.853,7.413,64.127,"Pass"
178.513,63.48780076396557,3.0166650047895667,45.86625269070257,21.60671577158677,7907.75,8.521,61.047,"Pass"
193.912,58.83232256556243,2.9282396138454554,44.98274680479464,21.29088227143348,8321.844,8.146,58.523,"Pass"
133.856,56.41908717826127,2.8462634472866366,43.83283000047191,15.74809431510417,5223.379,8.04,64.998,"Pass"
176.535,51.98475593445426,3.0089625286770327,36.15534968310182,18.75613718990944,7426.736,8.864,42.165,"Pass"
74.74,55.758778580560815,2.8918683435911157,39.75211007620581,19.577645562374144,4003.9,8.778,64.679,"Pass"
164.627,59.47852485382784,2.9150756558766178,43.190363531803705,21.554454902975063,7498.827,7.887,62.362,"Pass"
167.115,55.29799505995535,3.26625760703707,36.029990029038295,20.428741902193572,7273.014,8.585,41.289,"Pass"
152.404,63.11242924507674,3.028682711739849,44.404181099395146,23.396467070423064,8441.513,7.154,61.214,"Pass"
158.036,62.27475596277647,3.268456301095952,49.488019926503675,21.469064857285723,7913.792,8.189,62.022,"Pass"
135.909,54.08643528635587,3.3423587841864784,36.54433843950375,21.2437486868443,6912.848,8.713,41.974,"Pass"
241.245,51.67598637622891,2.885193060996082,35.87425993019596,20.24112377489451,7464.878,8.509,40.806,"Pass"
54.256,104.86238081195316,6.954550280153346,72.56350181411527,20.453465025539487,7678.598,7.993,60.916,"Pass"
148.052,56.616939393666534,0,51.677968041757495,17.958438233114975,6268.257,9.015,40.41,"Pass"
141.484,69.36200088584816,2.925840943145514,55.98019533814938,23.527586844400616,6638.87,8.05,57.244,"Pass"
206.339,46.80220413978935,3.5508168596339034,37.5924615243331,18.382867264881504,7008.548,8.382,42.221,"Pass"
203.907,76.62688273466723,3.6290991481410644,61.12400248769214,24.893937818675365,8771.357,8.101,60.305,"Pass"
176.587,47.60939366997568,2.925095052297168,36.97215888880961,16.63090852764533,6797.58,8.198,41.996,"Pass"
124.601,64.34867207236614,4.939322156322983,51.67045166868855,23.499301381200965,6918.925,7.927,59.6,"Pass"
194.818,66.47609563798011,4.738611011302857,46.20130282129768,20.623726119645617,7988.89,8.289,57.842,"Pass"
195.629,54.96263051206341,0.4681514499384038,42.848611470755436,19.66279556864118,6454.662,9.285,41.508,"Pass"
74.559,52.0259123647045,2.1618830724661007,46.525676298590675,21.82212482354135,5840.63,7.373,62.01,"Pass"
135.605,63.35607094133702,3.13373223701191,48.06428169359625,23.62717211484884,8842.409,8.109,60.818,"Pass"
152.173,63.950459893235504,3.0814275857083713,46.46953283517818,21.98758113761254,6412.333,8.682,57.066,"Pass"
128.64,57.99231274184638,2.9901492537313437,44.28583465025623,20.930795562024503,6932.659,7.2,60.396,"Fail"
117.589,61.27878552510115,3.0842395121992707,43.90064994536549,18.817865002050944,4981.117,8.813,64.247,"Pass"
128.563,56.89198637589697,2.792477462411425,42.47282573255332,19.8055937653666,7041.337,8.08,61.148,"Pass"
163.891,65.21319386394352,3.241100487519144,48.161466405141624,19.370533730189564,8431.063,8.999,40.708,"Pass"
87.446,65.55494565535054,2.555462342474213,51.80001170430764,23.696095249477132,5838.174,9.074,58.087,"Pass"
92.62,69.14093428345217,3.243311595767653,53.428080345889654,20.56850951846888,4945.741,8.864,61.536,"Pass"
178.646,64.448885256628,5.065044389462961,51.04197404856325,18.10680544597162,7911.831,7.837,57.748,"Pass"
245.92,57.3163268994434,2.6664827586206896,42.93015128445907,21.347568483665416,7453.556,8.183,62.4,"Pass"
172.599,60.30038798988798,3.1412538890723583,42.798330121121644,23.528803037090725,7954.117,8.152,62.413,"Pass"
113.852,65.4212876756179,5.116065066928994,51.57682576956434,22.931236044456732,7432.558,7.715,68.411,"Pass"
145.324,57.34799482535581,2.7224882331892877,43.15672483431118,21.325003625158597,9364.093,8.229,57.276,"Pass"
164.628,66.58818669971095,2.8037961950579495,56.21785456824587,20.83351533801279,7329.463,8.195,60.117,"Pass"
89.484,59.552421537804456,4.298565106611237,54.11866034387141,21.906338147525684,4976.099,7.715,60.115,"Fail"
120.416,69.61514896506931,4.259154929577465,51.56292239342806,22.008269144007425,6979.281,9.205,61.186,"Pass"
115.234,56.13123441576854,1.557740250273357,47.7625081938597,20.177718737790382,4913.876,8.062,59.734,"Pass"
95.475,63.374705420267155,3.1079566378633157,44.65900963439775,7.1874067354717255,3322.204,9.027,62.257,"Pass"
151.982,55.388211177054636,3.2781313576607762,36.3113011155721,20.960680164242078,7251.575,8.499,41.404,"Pass"
167.94,61.33690603787062,3.0538906752411576,47.754606909143654,18.334032508318636,6005.397,8.8,51.873,"Pass"
165.422,59.558798440083926,2.170263205619567,43.278363813415915,22.355659392829494,8746.996,8.301,67.252,"Pass"
59.373,73.44011587758742,3.0850386539336063,59.471746304478216,22.059967316000314,4843.338,7.061,62.419,"Pass"
172.025,69.67288346332097,5.4303548902775765,47.08888960443589,20.679975035839266,8785.995,8.315,57.466,"Pass"
94.001,61.36211316900889,2.961834023042308,43.87702789722668,21.102816151905426,5018.574,8.618,63.027,"Pass"
116.561,77.90019341327246,3.991444136546529,54.07622112858656,22.9123675631823,7942.522,7.974,58.559,"Pass"
178.255,57.601775234604666,3.04158245210513,39.5801265436183,19.389123301512825,6469.607,8.442,64.749,"Pass"
149.751,85.37965615514355,4.476730572750766,59.556323871313815,27.006839929095094,7413.514,8.27,59.699,"Pass"
178.646,64.448885256628,5.065044389462961,51.04197404856325,18.10680544597162,7911.831,7.837,57.748,"Pass"
244.342,60.92078589299701,2.8786091625672214,41.92010420557548,23.163532306689877,8738.117,7.536,59.962,"Pass"
195.105,65.16173342559141,4.769193203659568,46.39478183837113,19.727674961690923,7945.459,8.147,58.123,"Pass"
165.046,57.489023262201705,3.040851156647238,44.15428336340637,21.170762485701488,7091.153,8.224,63.005,"Pass"
176.743,72.74998789831065,5.057398822018411,60.42546755475046,22.47229001963664,8702.5,8.801,55.981,"Pass"
128.65,59.084337349397636,2.819064438398756,40.10770905584029,19.230834709921755,4662.824,9.739,74.043,"Pass"
160.918,61.47119789098931,2.913969102275693,48.70652388681916,18.468197561866575,7934.153,9.171,55.231,"Pass"
176.841,64.26205838389671,3.2316270548119497,51.15379320910119,23.556268386598475,8134.25,9,59.718,"Pass"
188.391,54.55957733295827,2.527916938707263,43.18736400451926,18.831368010915643,6331.394,8.44,65.074,"Pass"
282.919,58.5104884751073,2.4990491271353283,50.296396306995355,22.73349229197778,7477.398,8.419,54.226,"Pass"
198.762,65.99233701053976,3.0779581610166935,45.75694071280144,20.209885421164547,9072.417,8.519,58.946,"Pass"
95.885,72.81138864264489,3.8205767325441933,43.57210395751242,22.39104203545977,6127.773,6.956,60.243,"Pass"
162.969,60.03363966289427,2.989690554645362,42.10112585144281,18.657245227198633,5184.969,9.427,41.64,"Pass"
163.203,62.502772620601384,2.9405106523777134,39.378132855685095,19.939599407883335,7022.346,8.659,57.763,"Pass"
162.742,59.27517174423316,3.646657408659105,36.63456640127279,19.554726343065873,8047.274,8.839,43.291,"Pass"
162.464,57.73404843192617,3.0666298995469763,43.95794099129664,18.702354206373236,6876.427,8.819,62.099,"Pass"
219.107,68.88652576138595,3.093107933566705,52.79851013575337,23.46315367310553,8964.314,7.698,57.492,"Pass"
172.565,62.169153652247026,3.09941506099151,43.08682564093043,22.36662305271729,7724.164,7.98,62.1,"Pass"
88.158,91.15928219787207,5.069646770571021,45.9280345044795,23.88315400544066,5232.455,6.8,59.391,"Pass"
112.456,70.06805624718416,3.7136572526143556,55.16618829035365,24.283911310971273,5212.552,8.144,57.127,"Pass"
172.565,62.169153652247026,3.09941506099151,43.08682564093043,22.36662305271729,7724.164,7.98,62.1,"Pass"
182.347,67.43024136521157,3.174227599028226,55.482409417390805,24.033151382971127,7976.503,7.984,58.235,"Pass"
170.914,60.4045179316954,2.979317317481307,47.329906638468096,17.70269063064264,6049.325,8.969,52.755,"Pass"
194.842,65.60921726892109,3.102279795937221,55.260984477100415,23.019044901341122,8805.657,8.206,56.429,"Pass"
206.155,64.23349205964234,2.8431888627489026,48.66510913988099,23.637533821749155,8485.604,8.459,55.287,"Pass"
195.248,57.81092081182219,2.8894403015651893,41.864732214343505,18.553309490128918,7273.34,9.125,43.665,"Pass"
175.371,58.03654348020297,3.0707124895222124,42.277778058860044,21.63200175331247,7953.05,8.659,62.269,"Pass"
115.268,72.42572864011603,3.559498906895235,47.64485917643428,27.868410740383524,7815.958,8.212,58.891,"Pass"
170.654,60.696718376233605,3.1341226106625095,42.634717339817534,19.88012861304228,6889.22,9.19,41.134,"Pass"
197.658,61.137430421345016,4.4851871414261,51.48855456188894,23.130607807537707,8974.665,8.113,62.973,"Pass"
219.107,68.88652576138595,3.093107933566705,52.79851013575337,23.46315367310553,8964.314,7.698,57.492,"Pass"
104.604,77.76052753453241,3.852334518756453,48.909677814944956,21.004979093541046,8174.577,8.1,59.201,"Pass"
95.03,71.5855811615046,3.161059875828686,54.308181134647704,21.59297595582781,7439.716,8.196,60.849,"Pass"
191.738,61.56641991792036,2.885016845904307,48.20729188855105,18.53471606649596,6935.642,8.993,54.846,"Pass"
201.816,56.55510189699745,2.4868212629325726,47.365125894226516,18.808468782728923,7836.969,*,*,"Pass"
170.584,57.91985180321723,2.770326877081086,43.12805507558934,21.053313218577877,8066.3,7.799,61.766,"Pass"
105.885,64.74401473296507,3.1483756906077347,45.52098586915857,22.31143758317734,6237.445,6.893,60.342,"Pass"
168.915,61.845938292435115,3.0145756149542673,44.42789168739301,21.937515043504018,8063.435,8.441,59.094,"Pass"
185.097,59.367995039237734,2.889569036775312,41.09911964897787,22.676626730401047,7671.212,7.713,60.006,"Pass"
115.01,70.12201837521381,2.1022672811059904,50.86800450251764,23.641124703448668,6590.199,7.747,60.595,"Pass"
252.185,63.08931053701763,2.469501358129944,52.32097971228227,22.17699951006469,10117.485,8.103,54.548,"Pass"
163.963,61.88659094497613,4.8483445655422255,52.44658171954541,21.03610696804866,7858.81,9.124,61.882,"Pass"
167.44,70.77122153209115,0.6126020066889634,56.50339222104387,23.954484833946843,7682.825,7.848,57.838,"Pass"
68.563,62.29116125153352,5.1827650482038425,49.830439253869166,20.6048713788085,4901.606,7.559,62.134,"Fail"
151.451,73.6014361814126,3.6282626063875445,43.00784633681638,22.37574739829863,7643.398,8.285,58.871,"Pass"
62.073,64.76729012614184,3.3049499782514142,55.11727373463374,21.328055258661546,3908.018,8.402,57.506,"Fail"
133.181,64.86961353346193,3.3007951584685498,46.18893138804334,20.07173919224993,5982.992,8.907,53.938,"Pass"
254.19,57.656433726302765,2.7526722530390653,39.96740812491417,21.558396514251005,8408.362,8.971,58.144,"Pass"
166.347,61.91155970484727,2.973023859763025,46.02073629109932,21.47472935368828,6244.926,8.298,58.225,"Pass"
162.762,65.71394633473003,3.1510450842334206,40.494496321014864,20.893109354362412,6866.828,8.601,58.525,"Pass"
162.969,60.03363966289427,2.989690554645362,42.10112585144281,18.657245227198633,5184.969,9.427,41.64,"Pass"
163.891,65.21319386394352,3.241100487519144,48.161466405141624,19.370533730189564,8431.063,8.999,40.708,"Pass"
161.909,71.77332122776792,2.7603772489484832,65.11625240235826,19.805632558541607,8269.94,7.556,61.059,"Pass"
87.068,65.65813183054885,2.987303716635273,52.91295533001471,21.188867284721077,4774.053,8.367,59.725,"Fail"
114.321,75.28246487230406,3.9094297635605004,41.84946333511576,20.876747256973566,9195.2,8.394,57.787,"Pass"
145.182,66.24091753033365,3.0279456130925326,55.01961121284534,23.323915255753707,7393.386,8.083,56.974,"Pass"
156.189,52.39360290701939,2.8145592839444515,39.380871175128256,19.834030131898196,8519.234,8.374,57.303,"Pass"
192.714,59.272520130579274,3.155545315856658,45.45668644751764,22.009802297509783,8284.284,7.885,53.875,"Pass"
116.126,60.28907298011552,3.1546423712174705,44.105337723389965,22.58471715530064,5646.851,7.301,60.589,"Pass"
157.368,61.38706725636729,3.794466981851457,42.59844795040142,22.646811989791658,6488.86,8.736,42.05,"Pass"
132.585,63.351828805839475,3.343263265075234,40.513910540349144,21.975674860090667,6618.409,7.87,61.562,"Pass"
188.496,49.528218694885325,2.8957677616501143,35.5545155181629,18.026147915329233,7783.704,8.648,41.949,"Pass"
143.36,56.587239583333286,2.9642142857142857,40.86829091935969,18.245032764142277,4892.694,8.957,65.627,"Pass"
183.527,63.66446838279326,2.9941316536531413,46.761601411947375,21.86189099083789,8044.352,8.294,57.054,"Pass"
60.053,76.4911735374494,6.344219939053836,67.27820045051745,21.511703923608867,5559.074,8.089,62.478,"Pass"
147.482,57.55962686218579,2.7571700953336684,39.57434227132151,22.626622631600352,10778.555,7.971,59.678,"Pass"
161.038,66.63002935125049,4.458690247022442,51.108426729398566,18.20989309448165,7399.585,9.211,52.952,"Pass"
159.22,77.67399405434824,8.029849516392412,61.424576775257826,25.990699565922032,5425.839,8.048,60.129,"Pass"
131.621,62.871882146466035,2.78326406880361,50.911222582136816,19.053203738317805,6397.055,8.65,57.477,"Pass"
166.914,53.097430080427365,3.094610158524749,35.926113660851826,19.713403955362786,7225.319,8.761,41.81,"Pass"
206.822,65.38395335119093,3.0997089284505512,49.30133457024132,22.144309959418756,8633.131,8.689,57.194,"Pass"
151.714,62.76810314143713,3.114896713553133,48.121301570036884,19.22813540595874,8050.596,8.974,52.811,"Fail"
92.645,62.91588560874551,3.16335258243834,48.24868914680509,20.660400559433988,5225.285,8.646,60.651,"Pass"
224.017,62.42588732105158,4.170026381926371,46.08679765539712,19.787532443918487,9868.104,8.042,57.555,"Pass"
69.595,60.79453345147725,2.6845514763991662,50.89389255731526,17.310263078000048,3996.395,8.624,61.444,"Pass"
170.512,58.218229020049385,2.6855587876513085,40.93338052702221,19.523012631492925,8197.219,7.688,58.161,"Pass"
140.967,63.73028202818159,3.248419842941965,48.856747258440606,19.417894500527552,5524.363,9.282,53.043,"Pass"
156.125,66.15018592651896,3.003427253803042,50.575821991738216,23.91148796906184,9774.247,8.857,56.487,"Pass"
163.203,62.502772620601384,2.9405106523777134,39.378132855685095,19.939599407883335,7022.346,8.659,57.763,"Pass"
156.759,66.47387249075189,2.8510638623619697,56.54403993242371,21.606400021871167,8814.946,8.585,59.324,"Pass"
128.563,56.89198637589697,2.792477462411425,42.47282573255332,19.8055937653666,7041.337,8.08,61.148,"Pass"
206.188,60.08188858927025,2.967103420179642,43.40259288953645,22.93132459303199,7359.435,8.319,60.518,"Pass"
162.493,60.08160351522839,2.9759037004670974,40.220998354130415,22.638660198389488,7276.743,7.42,60.158,"Fail"
100.154,81.13871304857194,3.877190726281526,53.16694055502606,30.40710713865929,9269.293,8.143,59.667,"Pass"
129.566,64.74203623378565,3.2232456045567504,43.283922528808915,20.093546558268326,5499.031,9.634,41.653,"Pass"
163.926,56.50259534451188,2.815803228285934,40.052125173068596,18.877948062372248,5842.078,8.95,64.874,"Pass"
168.693,63.877866235640475,3.018542796677989,51.47855852063218,20.524605717632394,8121.712,8.649,60.826,"Pass"
166.972,71.52010849457135,1.8429571425149127,59.23341984862747,22.543830197234495,8315.451,7.399,62.458,"Pass"
236.765,55.88314714308848,2.6303347200810934,51.68187781624152,21.895065484116707,8915.998,9.395,59.32,"Pass"
241.245,51.67598637622891,2.885193060996082,35.87425993019596,20.24112377489451,7464.878,8.509,40.806,"Pass"
121.254,60.3041182604743,2.9910158840120737,46.77240538661448,19.07882870268632,5276.761,9.02,53.628,"Pass"
93.759,70.75836275273134,13.675231177806932,60.20533182251897,22.425716686364595,4773.234,8.287,60.086,"Pass"
199.633,59.41271121396648,2.844323333316636,47.735599006151375,18.071068612619218,6997.088,9.055,42.417,"Pass"
192.191,69.71373963054121,4.002818029980592,54.57776416009877,21.57139243308422,7909.575,8.888,57.781,"Pass"
183.134,60.20891805999984,2.9405458298295235,44.9824157434406,18.137436505816655,6941.54,8.83,64.283,"Pass"
207.984,60.79371490114629,2.8710270020770827,40.89012172968004,19.46349447713435,7601.609,8.276,59.104,"Pass"
200.005,62.72293192670189,2.7291349716257094,45.320109179564525,19.426211953547618,8228.478,8.193,58.561,"Pass"
132.298,69.07165809174916,5.898015691847194,54.88490969607493,21.24011950893466,7834.989,7.643,59.595,"Fail"
90.064,77.7524130988334,3.416706342156689,60.9764610528712,25.065716831177877,5992.471,7.842,61.34,"Pass"
188.783,62.739582836731486,3.0660116641858646,41.253624370086214,20.12773882019862,8302.146,8.055,56.273,"Pass"
180.276,65.87735842079177,3.088767889236504,48.88443700971816,19.37932023288352,7735.742,8.254,57.276,"Pass"
129.899,65.16426864974588,3.2149827173419343,45.10220965249344,23.053528587000645,6204.223,8.252,59.021,"Pass"
185.742,64.72720224827985,2.9584262040895437,51.73628982262801,21.613159243738963,8301.792,7.642,56.812,"Pass"
185.556,65.25672992400024,2.9811343206363574,55.22704187044773,21.900641114734402,7934.471,8.407,56.123,"Pass"
148.596,73.54392670955707,3.500747799402406,57.32229360118683,27.086449450093713,7650.118,8.587,59.123,"Pass"
110.806,61.707408543861405,3.0416143530133746,46.11799095505027,18.707594729107132,4696.567,8.861,53.598,"Pass"
163.891,65.21319386394352,3.241100487519144,48.161466405141624,19.370533730189564,8431.063,8.999,40.708,"Pass"
167.538,69.39834544998752,4.045181391684274,54.14141034835751,23.789756497646863,7974.508,7.21,57.92,"Pass"
163.963,61.88659094497613,4.8483445655422255,52.44658171954541,21.03610696804866,7858.81,9.124,61.882,"Pass"
186.632,58.22713503936449,2.8265455013073852,41.18117339656788,22.16554516309484,7324.031,7.649,59.136,"Pass"
187.797,69.41194777102706,3.940418217543412,54.74289438851657,21.0352848424508,7473.794,9.054,57.293,"Pass"
172.087,62.82150565960506,2.980297175266,46.49936750412983,19.937342493145156,6970.821,7.849,53.893,"Pass"
68.619,65.23946234522028,2.9896699164954312,53.592727204954954,21.91318063898788,7852.683,8.142,61.89,"Fail"
124.291,58.47297426559004,2.917931628195123,45.02186512047735,22.571595572607663,5142.234,7.509,60.773,"Pass"
162.982,64.05104040118955,3.281654170399185,41.383081104622434,19.663200052777263,7521.506,7.836,56.272,"Pass"
205.089,62.194483587342255,2.8401047350174804,41.212639365454706,22.394584373093707,7956.515,8.495,56.645,"Pass"
224.302,55.36687145009857,2.580498078483473,41.72205642007056,18.11226769326246,9089.133,9.334,42.862,"Pass"
185.029,63.37587921653128,2.989625193888525,45.762375388560415,22.144034400226243,6231.146,8.111,57.98,"Pass"
76.013,69.67822755464348,3.1326010024601048,53.22577444197681,20.907280943291866,4949.548,8.344,60.693,"Fail"
152.173,63.950459893235504,3.0814275857083713,46.46953283517818,21.98758113761254,6412.333,8.682,57.066,"Pass"
114.41,74.09165865454658,6.339876584214667,56.26307246406605,21.257316491226586,4784.791,8.478,57.433,"Pass"
150.796,69.13065775396338,3.7169028356189813,46.46420532181712,19.07709768193293,9731.258,7.192,59.754,"Pass"
150.796,69.13065775396338,3.7169028356189813,46.46420532181712,19.07709768193293,9731.258,7.192,59.754,"Pass"
197.879,68.981414568162,3.0546667407860366,57.058199551375075,22.377481578557013,8240.555,8.181,60.6,"Pass"
257.006,60.430236388774375,2.879305230228088,40.09873172118978,23.051984854489948,8846.151,8.424,57.297,"Pass"
249.467,59.41971394123377,3.7739802057987624,45.663935957071324,19.54254447040191,9736.151,8.083,58.953,"Pass"
201.816,56.55510189699745,2.4868212629325726,47.365125894226516,18.808468782728923,7836.969,*,*,"Pass"
131.621,62.871882146466035,2.78326406880361,50.911222582136816,19.053203738317805,6397.055,8.65,57.477,"Pass"
174.901,69.15983581823109,3.5397615794077795,46.105513339072175,18.87825429892682,7953.603,8.791,40.223,"Pass"
146.54,74.17506027933221,4.099843319230244,60.98318284874918,22.14264013752406,8161.722,7.837,60.275,"Pass"
200.762,60.92648121767184,2.97430629302358,45.789835113806326,18.54422702697774,7074.619,8.727,63.732,"Pass"
200.544,63.433483148059544,2.758334131163236,57.98613754165149,21.663886213771846,3907.732,9.65,60.63,"Pass"
98.049,60.151352894981116,2.9142783710185722,43.1082029675016,24.50553344451911,5462.024,7.613,58.901,"Pass"
183.652,66.70717806866617,2.9123045760459996,53.63831483405291,21.63329258321249,8383.402,7.931,61.255,"Pass"
65.982,60.67149626665856,3.6088387742111485,57.78538549299536,17.788190754911263,4316.92,9.482,56.986,"Pass"
98.049,60.151352894981116,2.9142783710185722,43.1082029675016,24.50553344451911,5462.024,7.613,58.901,"Pass"
124.471,62.311899514300116,3.1197319857637513,50.00940964946272,24.065166233825266,4498.29,9.087,58.215,"Pass"
204.299,62.00818952178486,2.5821166036054994,53.63514575023959,21.296444758887706,7276.757,8.201,60.387,"Pass"
204.527,59.60223670550421,2.9732884166882614,43.65873841378565,21.308526505355744,6978.048,7.726,41.144,"Pass"
130.391,57.55151812625109,2.949995014993366,41.42427669132048,17.020465861320154,4419.886,9.367,40.981,"Pass"
209.501,61.79959894118782,2.7977794855394484,43.49609856051724,21.680659357477673,7343.761,8.174,58.353,"Pass"
165.455,64.278236109852,4.383942945211689,52.94181204673795,20.201164671961624,7955.943,8.853,60.41,"Pass"
193.616,54.85797776125027,3.5760218163788107,41.92643446912376,22.0849828909373,9948.521,8.63,61.509,"Pass"
210.045,60.8251141951064,2.8254151253302866,47.80837981013455,19.208981394853325,7367.083,8.692,53.596,"Pass"
162.982,64.05104040118955,3.281654170399185,41.383081104622434,19.663200052777263,7521.506,7.836,56.272,"Pass"
121.521,64.66626252984172,3.316049077937147,45.665938586733866,22.395984288333064,5440.88,8.346,60.054,"Pass"
153.072,62.03565787487084,3.0154656632173094,41.483193208330164,20.39945070197402,6318.666,8.205,56.724,"Pass"
207.724,57.72022277423681,2.7335348828252872,47.22940120410301,21.63497816764207,7018.921,8.449,63.944,"Pass"
91.263,65.16658205162852,2.9704112290851707,50.77006559928737,23.525032768702104,3817.756,9.484,58.04,"Pass"
143.487,74.7935353028498,2.144600137991595,59.32367921768469,23.397928953738592,7410.172,7.727,60.897,"Pass"
68.619,65.23946234522028,2.9896699164954312,53.592727204954954,21.91318063898788,7852.683,8.142,61.89,"Fail"
116.159,80.82364115852702,2.7752966192890773,65.87981049401489,21.683999331850913,9267.949,7.719,63.009,"Pass"
107.819,59.02365177854661,3.057924855544941,42.1803329285269,20.901638290513436,6976.711,7.927,60.416,"Pass"
190.711,58.300290317111525,2.785299222383606,47.08844011035793,18.396476514522202,7055.088,8.527,52.619,"Pass"
108.709,73.93953889129088,6.773453531906282,47.47146773828658,26.03319631464326,5038.411,8.128,57.938,"Pass"
156.568,59.94900334394999,4.53918961729089,49.00002391442364,21.928570632063206,8255.45,7.757,61.756,"Pass"
165.547,60.00728896728224,2.9873908920125403,43.03582199853308,22.62486988949705,7475.966,7.861,61.354,"Pass"
195.248,57.81092081182219,2.8894403015651893,41.864732214343505,18.553309490128918,7273.34,9.125,43.665,"Pass"
132.298,69.07165809174916,5.898015691847194,54.88490969607493,21.24011950893466,7834.989,7.643,59.595,"Fail"
224.517,61.211202517206125,2.692243349055974,51.87811801432031,22.007370504477887,8810.614,8.493,57.914,"Pass"
167.869,53.901210004361914,2.335032197725608,43.887315332855685,21.680624927541615,7731.222,8.124,59.524,"Pass"
189.577,63.16311226221189,2.859931742774703,43.767825956367794,19.76393583016934,7806.649,7.975,57.459,"Pass"
141.324,66.18937099619792,3.006918570094251,56.03784283957997,22.22482593023693,8053.648,8.221,57.521,"Pass"
137.993,59.78878155655243,2.7874805243744247,44.25439017137635,23.23820890857444,6665.547,7.848,60.387,"Pass"
178.255,57.601775234604666,3.04158245210513,39.5801265436183,19.389123301512825,6469.607,8.442,64.749,"Pass"
135.951,63.49918557257973,3.0988106008782585,50.98459988589011,22.395857659933064,4570.1,9.283,55.655,"Pass"
226.601,66.46640276668394,3.9123089483276767,51.5068296332504,18.8840562613686,10744.974,8.078,56.371,"Pass"
192.191,69.71373963054121,4.002818029980592,54.57776416009877,21.57139243308422,7909.575,8.888,57.781,"Pass"
170.654,60.696718376233605,3.1341226106625095,42.634717339817534,19.88012861304228,6889.22,9.19,41.134,"Pass"
127.636,60.795317238953885,3.013670124416308,50.780517826076014,19.096600658176065,5037.64,9.209,61.863,"Pass"
122.607,73.77849551820039,4.87025765249945,33.64235157502359,24.181330983968614,7266.766,8.332,41.633,"Pass"
145.182,66.24091753033365,3.0279456130925326,55.01961121284534,23.323915255753707,7393.386,8.083,56.974,"Pass"
133.99,63.33875662362867,3.1441629972385994,47.1153921651344,18.354077074212256,7598.64,7.759,54.034,"Pass"
116.561,77.90019341327246,3.991444136546529,54.07622112858656,22.9123675631823,7942.522,7.974,58.559,"Pass"
156.189,52.39360290701939,2.8145592839444515,39.380871175128256,19.834030131898196,8519.234,8.374,57.303,"Pass"
182.455,56.80260886245921,1.8672685319667863,53.80751574394013,20.926926268579855,4542.717,8.857,61.607,"Pass"
176.134,62.62883183636706,2.8494232800027253,51.237859583498945,22.515821189862205,7542.703,8.986,63.626,"Pass"
149.724,72.26698606918218,3.180764606876653,55.650612417214624,23.254258208839968,7432.825,7.828,59.131,"Pass"
148.397,65.68798560617807,1.555231439988679,54.354477852377826,21.147016533204642,5468.673,8.457,58.62,"Pass"
200.633,60.918193916255106,2.921441637218204,47.14106927084118,18.649400579596456,6911.669,9.475,53.25,"Pass"
168.357,61.43690689031845,3.2204023592722604,44.829537983751685,19.425540372125354,6705.483,7.653,64.053,"Pass"
252.185,63.08931053701763,2.469501358129944,52.32097971228227,22.17699951006469,10117.485,8.103,54.548,"Pass"
192.603,68.02247801609187,3.176384168470896,56.00379297980494,23.51691843553999,9277.977,8.027,57.227,"Pass"
162.181,69.57007568361554,5.037145411608018,54.266613068431,21.476990005412137,5630.258,8.738,62.712,"Pass"
114.888,70.73845832462926,3.411840401086275,48.60101554981868,21.34310795850524,7553.583,7.751,61.502,"Pass"
252.185,63.08931053701763,2.469501358129944,52.32097971228227,22.17699951006469,10117.485,8.103,54.548,"Pass"
201.428,62.40251272580447,2.8735373433683495,45.264657817006096,22.756144247757497,10534.119,8.224,57.719,"Pass"
162.274,67.00940658666477,5.937264626495926,54.100629885302794,22.828043056940604,7669.764,7.399,60.544,"Pass"
194.442,56.41788639628617,2.8825772209707776,43.590689473271645,20.001510326368184,8552.905,8.317,56.86,"Pass"
153.172,61.2254342975363,3.5157464810800927,51.17728662843066,20.615900567137928,8762.208,9.253,58.94,"Pass"
93.141,60.95561210065033,2.910518890714078,49.697930814119786,20.89733300727999,4110.213,8.292,48.742,"Fail"
138.584,66.95480318394945,2.960632684869826,54.81155992565129,24.922452700226334,6591.66,8.611,57.146,"Pass"
150.065,68.28165572696281,2.1482402958717883,50.9157795077825,21.976480680360268,8353.884,7.452,59.179,"Pass"
154.053,58.17622650790454,2.9249237600046727,47.33917949837854,19.904361777027454,7782.583,7.556,64.366,"Pass"
117.589,61.27878552510115,3.0842395121992707,43.90064994536549,18.817865002050944,4981.117,8.813,64.247,"Pass"
179.957,67.15925347598476,5.231713798296259,46.86476196193826,19.82080531433764,8272.248,8.391,58.167,"Pass"
151.805,64.85319982872768,3.2819535588419355,41.238585572507965,20.93513253516719,5986.293,8.229,54.924,"Pass"
149.751,85.37965615514355,4.476730572750766,59.556323871313815,27.006839929095094,7413.514,8.27,59.699,"Pass"
254.19,57.656433726302765,2.7526722530390653,39.96740812491417,21.558396514251005,8408.362,8.971,58.144,"Pass"
245.958,55.93895434721922,2.532022540433733,50.70113896762379,20.682016015791458,7820.914,8.599,58.221,"Pass"
68.563,62.29116125153352,5.1827650482038425,49.830439253869166,20.6048713788085,4901.606,7.559,62.134,"Fail"
196.034,72.87341311541202,2.9152298070742835,63.04292100694393,20.36231740202317,9359.741,7.211,63.329,"Pass"
219.068,59.76875774746761,2.7424865338616318,48.26204143717553,18.690133753102607,7134.358,9.163,53.495,"Pass"
55.926,70.92149546821786,3.4716961699388476,57.435684100192745,22.907307371044418,4787.485,7.189,61.51,"Pass"
146.817,59.04004456038625,2.869466070005517,40.03097632381626,21.88164609465128,6014.718,7.666,59.562,"Pass"
88.158,91.15928219787207,5.069646770571021,45.9280345044795,23.88315400544066,5232.455,6.8,59.391,"Pass"
193.733,69.79190718956269,2.987673137772088,57.01721644262723,22.56868440161926,8670.851,7.994,52.114,"Pass"
153.215,57.78195491448106,3.4669399210260092,35.51401765015666,22.48104447081656,7362.227,8.546,41.798,"Pass"
60.181,60.54513329234592,2.6783842076402844,67.18344144006089,19.500665819155724,4618.059,8.984,61.01,"Pass"
189.703,60.748573647578894,2.935276300322082,48.15904303981741,17.861798817287507,7210.253,8.922,53.579,"Pass"
186.64,61.37076725246459,2.9638199742820404,48.163636398754036,20.056718880997938,7414.196,8.942,53.16,"Pass"
189.413,62.245768652509526,2.4369148896855024,56.73331573816825,20.966336122804986,7290.831,7.676,63.753,"Pass"
165.404,59.782230175811996,2.9235297816255956,43.74548862864301,19.335723649999498,6450.382,8.056,64.573,"Pass"
72.993,67.2085755559514,3.0112695737947472,55.79615106009402,23.38366375905354,4434.056,7.836,58.62,"Pass"
166.846,65.46300181005233,3.227610610982582,48.32856826119963,19.497170729974243,6583.407,8.64,54.006,"Pass"
139.887,61.91934283465309,4.792403011001737,50.17608183171604,22.034129244644934,8520.309,7.909,61.13,"Pass"
91.263,65.16658205162852,2.9704112290851707,50.77006559928737,23.525032768702104,3817.756,9.484,58.04,"Pass"
166.678,68.6637042014477,4.967178391869353,55.08398006168786,21.695824286272654,8620.408,8.416,60.68,"Pass"
210.136,64.67286794160825,3.137990634636616,45.53972187956843,22.377217968625366,9199.102,8.172,57.946,"Pass"
152.618,74.96573143403789,0.7921141673983411,60.34518188736464,23.69284707525629,7170.401,8.198,58.31,"Pass"
137.166,57.686404308161926,5.368206115218056,43.084710964424,20.90217984177465,9243.752,7.223,63.2,"Fail"
135.501,64.4003447289031,3.0009591073128603,45.43466162179664,22.356299826776947,4105.006,10.087,61.149,"Pass"
81.66,61.447437886086,3.185140337986774,43.413995941174825,19.932524716607183,4868.278,8.055,60.379,"Fail"
135.316,65.26606034927305,3.0592071890981107,45.56424081379985,19.276449917456077,5286.136,8.93,59.12,"Pass"
231.551,64.97285215304146,3.623000721223402,51.5316125183011,21.888042872265572,9012.959,8.773,58.929,"Pass"
167.538,69.39834544998752,4.045181391684274,54.14141034835751,23.789756497646863,7974.508,7.21,57.92,"Pass"
144.877,62.25431074482334,3.059606148664039,47.36732927466253,20.573529325101504,5864.931,9.055,54.037,"Pass"
200.106,62.41465356694281,3.0755923360618875,46.02691543493017,21.722419883610275,7324.795,8.629,57.294,"Pass"
172.599,60.30038798988798,3.1412538890723583,42.798330121121644,23.528803037090725,7954.117,8.152,62.413,"Pass"
187.037,65.84365660270434,5.014088977047321,46.30176906801615,19.308349628433973,8376.879,8.342,57.908,"Pass"
127.636,60.795317238953885,3.013670124416308,50.780517826076014,19.096600658176065,5037.64,9.209,61.863,"Pass"
132.844,56.66496040468525,2.7024877299689867,43.166086520020876,20.997212969933152,7456.174,7.869,60.541,"Pass"
182.786,55.0849992158408,3.1265204118477343,35.64320867187622,19.601360359991972,7526.28,8.689,41.231,"Pass"
161.721,61.085903088240514,2.9901096332572763,44.5166084919339,21.07209369699473,8784.551,7.638,60.084,"Pass"
128.64,57.99231274184638,2.9901492537313437,44.28583465025623,20.930795562024503,6932.659,7.2,60.396,"Fail"
175.371,58.03654348020297,3.0707124895222124,42.277778058860044,21.63200175331247,7953.05,8.659,62.269,"Pass"
153.55,58.97453598176494,3.1253673721914685,40.26500329976383,18.642918185781483,6498.852,8.462,65.118,"Pass"
205.586,67.91156336845252,3.225259307540396,39.185954030248666,19.35768933009695,8473.176,8.267,57.981,"Pass"
237.743,60.079067639332344,2.6811499812823087,50.85099697428526,20.05115303242414,10209.435,7.974,58.966,"Pass"
253.268,55.26872719806692,2.299833536017183,47.725995848000665,18.82720913288318,8658.982,9.488,51.275,"Pass"
157.385,61.176689858203396,2.9793822791244406,47.86978014771445,22.169698646968865,6228.065,9.138,60.919,"Pass"
187.168,49.68700727569769,2.8575961702855186,35.23711020748367,18.887311447799473,6903.767,8.614,41.795,"Pass"
214.364,59.655787974348975,2.58050493553022,43.01751194214486,19.966937987283046,9331.476,8.894,57.095,"Pass"
126,58.828571428571486,2.7911314285714286,44.145656319584454,22.022470849015505,6113.623,8.123,61.098,"Pass"
161.909,71.77332122776792,2.7603772489484832,65.11625240235826,19.805632558541607,8269.94,7.556,61.059,"Pass"
170.101,71.21230589146717,3.984230545381861,59.55976844808257,21.586119480566172,7974.508,8.514,60.44,"Pass"
212.401,65.53217734379788,2.9320539922128432,52.58415781842119,23.267665714273562,8419.168,8.288,57.934,"Fail"
99.689,70.79891796821455,3.123570303644334,53.3419801104147,23.572175732649107,4741.665,8.633,59.998,"Pass"
200.005,62.72293192670189,2.7291349716257094,45.320109179564525,19.426211953547618,8228.478,8.193,58.561,"Pass"
203.979,70.5159735942317,2.999235803685674,51.79944769532394,20.142617565389756,8957.835,8.326,57.235,"Pass"
111.655,73.81816010627983,3.6090600510501094,56.15987992009916,24.235487099342805,5064.52,7.529,62.394,"Pass"
237.743,60.079067639332344,2.6811499812823087,50.85099697428526,20.05115303242414,10209.435,7.974,58.966,"Pass"
107.822,70.46519057129143,3.1937437628684306,53.670309833757656,22.801263107770524,6433.659,8.225,61.107,"Pass"
202.267,63.72150562265614,2.843506454340055,52.612455980470855,21.643638901810853,9042.64,8.263,58.423,"Pass"
159.831,63.78174446759397,3.0254676502055293,45.91651726575362,23.170418737281402,8205.097,7.698,60.288,"Pass"
135.243,63.836107352444664,1.1647514473946896,54.811894657365585,19.909853920918472,6455.792,8.13,59.002,"Pass"
178.646,64.448885256628,5.065044389462961,51.04197404856325,18.10680544597162,7911.831,7.837,57.748,"Pass"
176.134,62.62883183636706,2.8494232800027253,51.237859583498945,22.515821189862205,7542.703,8.986,63.626,"Pass"
174.907,70.66692585202428,2.0106831630523647,50.31946984362717,22.03272597212639,8295.666,6.915,59.405,"Pass"
199.918,71.41405754136971,3.0784845786772577,61.89615952312665,22.609969676348534,10160.896,8.536,58.197,"Pass"
95.714,69.19408051300988,3.6360323463652127,42.11444008273641,24.138319814998876,5352.717,7.721,60.513,"Pass"
72.993,67.2085755559514,3.0112695737947472,55.79615106009402,23.38366375905354,4434.056,7.836,58.62,"Pass"
229.409,63.33787156466307,2.714676407638759,49.833661507391916,22.248675433713462,7828.26,8.294,58.428,"Pass"
143.907,61.12382765721385,2.4692747399362087,57.366547707789145,20.16944324772133,6681.067,8.123,60.58,"Pass"
116.849,61.63938073924472,3.1351231076004074,45.37203927242966,22.043012050118953,5183.776,8.931,59.824,"Pass"
167.115,55.29799505995535,3.26625760703707,36.029990029038295,20.428741902193572,7273.014,8.585,41.289,"Pass"
184.147,63.906371902157936,3.441605239292522,54.91569333429353,22.314750277128688,7785.555,8.701,60.382,"Pass"
116.849,61.63938073924472,3.1351231076004074,45.37203927242966,22.043012050118953,5183.776,8.931,59.824,"Pass"
155.186,65.37390973126162,3.0452066552395194,55.563908859547006,20.79601832773708,7880.574,7.977,60.594,"Pass"
185.097,59.367995039237734,2.889569036775312,41.09911964897787,22.676626730401047,7671.212,7.713,60.006,"Pass"
116.561,77.90019341327246,3.991444136546529,54.07622112858656,22.9123675631823,7942.522,7.974,58.559,"Pass"
126.404,64.54280631063017,3.2459124711243317,47.108246615186914,22.14253147778355,4264.142,9.542,61.082,"Pass"
138.956,61.96992813072719,2.8736163965571837,48.36235716932562,19.06525740629542,4173.074,9.827,55.003,"Pass"
194.149,62.68467345526722,1.7925366599879475,49.95369064023109,19.540438592050986,7466.141,7.645,61.899,"Pass"
91.54,68.31320855485161,2.80134585973345,56.61831037085311,21.40860205245149,5768.841,8.241,60.705,"Pass"
146.38,59.31903265473429,3.42861265200164,41.55940641408139,19.69998740692594,6128.15,9.341,41.668,"Pass"
259.334,61.747587624025016,2.2601648838949,50.05496699553644,22.268412978909137,7677.03,8.322,58.224,"Pass"
153.072,62.03565787487084,3.0154656632173094,41.483193208330164,20.39945070197402,6318.666,8.205,56.724,"Pass"
170.654,60.696718376233605,3.1341226106625095,42.634717339817534,19.88012861304228,6889.22,9.19,41.134,"Pass"
166.272,60.01161416901895,3.040461893764434,44.637851013189305,19.437793966598164,6755.611,8.441,62.063,"Pass"
245.632,47.25113629784027,2.565211047420531,35.00408966290487,17.757057240975918,7136.054,9.121,40.524,"Pass"
102.654,83.89554555432159,5.638463966333509,44.19241335485416,30.728243134637644,6997.575,8.221,47.93,"Pass"
129.671,66.339376833165,2.994626092187151,49.39009136975151,24.654923152077302,6923.964,7.967,62.628,"Pass"
120.58,68.27664436704083,6.319280809421129,46.30583492490105,21.81449656099827,5463.869,8.367,59.361,"Pass"
98.044,70.66858870620453,4.110089347639835,49.22108632697061,18.97957946998623,5722.546,9.317,41.346,"Pass"
181.739,58.739009727625316,2.983274255938461,40.01689531705274,21.29085077479273,8224.852,7.769,59.424,"Pass"
182.26,61.748064425667906,2.7134511137934823,39.862659762098644,20.314031428194944,10212.413,8.33,54.897,"Pass"
180.314,68.34321116373542,5.201039076278049,45.99268303547828,21.0418997437356,6749.535,7.85,58.195,"Pass"
150.285,67.88198718730715,3.0226345942708854,47.67235759279158,19.75832314222643,5266.61,8.714,57.007,"Pass"
149.218,60.81125154695364,3.044248281038481,45.82825980136238,22.794765116154906,6285.006,8.014,59.132,"Pass"
143.907,61.12382765721385,2.4692747399362087,57.366547707789145,20.16944324772133,6681.067,8.123,60.58,"Pass"
167.44,70.77122153209115,0.6126020066889634,56.50339222104387,23.954484833946843,7682.825,7.848,57.838,"Pass"
169.018,55.261569773633624,2.6442741009833277,42.529676711383075,21.085822274607043,8984.521,7.074,61.041,"Pass"
60.181,60.54513329234592,2.6783842076402844,67.18344144006089,19.500665819155724,4618.059,8.984,61.01,"Pass"
172.052,69.38863444385038,2.917026945342106,56.4688364503611,22.902495177236805,7516.394,8.274,60.639,"Pass"
119.58,65.7409265763506,3.553685900652283,45.3591121180495,19.144598374090403,5320.396,8.447,52.936,"Pass"
116.698,72.1122327146424,4.112325489725617,60.84834667950702,22.24530829899188,6347.138,8.249,59.066,"Pass"
124.601,64.34867207236614,4.939322156322983,51.67045166868855,23.499301381200965,6918.925,7.927,59.6,"Pass"
168.062,58.333842404721054,2.9426854375171065,42.42564704934115,21.572429960796704,8573.362,7.903,58.897,"Pass"
89.484,59.552421537804456,4.298565106611237,54.11866034387141,21.906338147525684,4976.099,7.715,60.115,"Fail"
205.942,54.64321669855272,2.5793048528226388,43.52669422020254,17.87957917895041,7159.104,8.312,65.157,"Pass"
111.827,67.02756142175967,3.046603056506926,52.77914822420858,22.044320780591487,6451.12,7.343,62.163,"Pass"
127.884,56.71937067967851,2.8359500797597827,42.88902758480451,20.144008736262418,8512.266,7.007,59.882,"Pass"
179.239,65.43367607868085,2.922692494379013,55.11199194015443,22.790744562359052,9324.818,8.096,56.533,"Pass"
226.601,66.46640276668394,3.9123089483276767,51.5068296332504,18.8840562613686,10744.974,8.078,56.371,"Pass"
198.417,76.03488276374163,2.990995328021288,60.33318683676854,23.790526135559713,8027.797,8.545,60.699,"Pass"
173.157,57.765611554831786,3.173443753356779,41.48140485806082,22.29015464054101,7485.449,8.289,61.641,"Pass"
129.671,66.339376833165,2.994626092187151,49.39009136975151,24.654923152077302,6923.964,7.967,62.628,"Pass"
155.569,63.03055235940322,2.9199688884032162,43.806938231531134,22.580711744056714,8646.441,8.03,*,"Pass"
145.258,62.27800037022253,1.76537746630134,49.90175059035478,21.12122891888701,6940.245,8.44,60.832,"Pass"
181.628,67.96995323775342,3.388488999493471,43.21515003636135,19.993575862911673,8266.446,8.733,58.76,"Pass"
165.046,57.489023262201705,3.040851156647238,44.15428336340637,21.170762485701488,7091.153,8.224,63.005,"Pass"
120.416,69.61514896506931,4.259154929577465,51.56292239342806,22.008269144007425,6979.281,9.205,61.186,"Pass"
95.885,72.81138864264489,3.8205767325441933,43.57210395751242,22.39104203545977,6127.773,6.956,60.243,"Pass"
127.454,66.80193115424656,3.6215682520752592,41.6856310292579,18.823102706225047,4774.543,9.572,42.299,"Pass"
180.826,68.83541821050814,2.7349695287182154,57.41139539513213,22.510412395401264,9505.129,8.498,57.911,"Pass"
111.095,62.1909176830641,2.7699017957603846,47.663133763862305,19.936696083291604,4776.865,8.395,61.893,"Pass"
143.748,57.00870041090432,3.109120961682945,41.74227771232276,22.2050119908672,8047.089,8.283,60.843,"Pass"
165.547,60.00728896728224,2.9873908920125403,43.03582199853308,22.62486988949705,7475.966,7.861,61.354,"Pass"
186.503,66.91241785208108,1.8070975801997822,50.726356711831606,22.21033977712094,7247.913,7.574,60.369,"Pass"
70.183,54.34263124814972,4.071385948164085,49.75492645818737,17.68347402194261,6232.441,8.024,60.964,"Pass"
245.92,57.3163268994434,2.6664827586206896,42.93015128445907,21.347568483665416,7453.556,8.183,62.4,"Pass"
192.162,66.38467080437924,3.0311624566771784,55.72761350446111,22.233706787799946,8634.938,8.239,57.991,"Pass"
139.436,59.03544756495219,2.837451447258957,45.436992866102756,17.85302443128709,5316.345,8.843,52.904,"Pass"
118.347,70.57973586149213,3.1263940784303785,56.185968970208,21.639076755529214,7362.517,8.423,60.749,"Pass"
254.19,57.656433726302765,2.7526722530390653,39.96740812491417,21.558396514251005,8408.362,8.971,58.144,"Pass"
189.266,63.53051613425908,3.0001204653767717,39.92394691838174,20.11784938325018,8067.492,8.645,57.664,"Pass"
182.965,59.028885305932874,3.0834172655972454,41.58803360993539,17.539229639679252,7394.329,8.914,41.373,"Pass"
104.604,77.76052753453241,3.852334518756453,48.909677814944956,21.004979093541046,8174.577,8.1,59.201,"Pass"
184.203,67.25309697573991,2.9433683490496896,53.389370381571794,22.966380884605645,8644.469,9.236,56.793,"Pass"
110.688,51.86253252385078,3.077953165654813,35.61760163115452,17.79376162255394,4559.689,9.201,41.486,"Pass"
192.351,65.27361149380276,3.0091389179156853,54.97575676314853,22.65125476867494,8779.288,8.078,56.981,"Pass"
142.216,55.21261867706717,3.03957698149294,40.04597029883713,20.80576710914338,6108.31,8.464,57.009,"Pass"
94.697,70.19839886984576,3.0561204684414496,56.405063271753875,20.086983025711557,6409.267,7.241,57.408,"Fail"
106.902,55.742892243986745,3.872328674861087,50.86393258285123,21.410148946342932,5611.672,8.005,60.016,"Fail"
132.298,69.07165809174916,5.898015691847194,54.88490969607493,21.24011950893466,7834.989,7.643,59.595,"Fail"
150.533,62.405925020501186,3.1149985717417445,42.55743915297179,20.09428278236658,6777.554,8.282,58.131,"Pass"
194.442,56.41788639628617,2.8825772209707776,43.590689473271645,20.001510326368184,8552.905,8.317,56.86,"Pass"
169.994,74.85849827379535,3.512639740226126,57.86463114193864,21.020943670655935,7563.757,8.557,56.893,"Pass"
113.852,65.4212876756179,5.116065066928994,51.57682576956434,22.931236044456732,7432.558,7.715,68.411,"Pass"
208.02,51.91285026012461,2.6063709258725125,40.86931401440585,19.214209396721433,7295.437,8.023,58.662,"Pass"
212.401,65.53217734379788,2.9320539922128432,52.58415781842119,23.267665714273562,8419.168,8.288,57.934,"Pass"
89.484,59.552421537804456,4.298565106611237,54.11866034387141,21.906338147525684,4976.099,7.715,60.115,"Fail"
184.815,64.74092110128151,2.9732651570489406,43.08376784879711,20.060097999430262,8444.604,8.443,58.035,"Pass"
182.26,61.748064425667906,2.7134511137934823,39.862659762098644,20.314031428194944,10212.413,8.33,54.897,"Pass"
180.942,63.186582809224376,1.9841124780316346,54.47754761835444,20.849563452825155,6644.556,7.571,60.681,"Pass"
171.312,55.37252368647714,2.8440907817315777,41.512038838833405,18.931613039468584,8120.846,8.104,41.517,"Pass"
164.356,55.162709132749825,2.808436321156514,39.44428493728397,18.046854238548548,7510.392,8.327,64.416,"Pass"
125.55,61.78832691712029,3.20963440860215,40.9876158087504,19.971399689823134,5166.795,7.318,56.124,"Pass"
93.532,62.50096223752294,2.9766856263097123,48.14289801895237,19.439148315500653,4490.122,9.389,40.524,"Pass"
150.843,60.82994312703353,2.938595493327499,43.78067187096324,21.839714734152466,7748.007,7.991,59.794,"Pass"
155.09,67.31487809945486,3.0707124895222133,55.7526383896149,22.21600290424731,8343.814,7.726,58.054,"Pass"
79.482,64.75769496377931,3.5489635389144714,45.43652564948254,17.581645745901394,4499.64,8.539,53.743,"Pass"
186.846,62.826570187926656,3.1566153944960025,42.705533208076275,20.40992236455548,7437.126,9.049,41.957,"Pass"
228.16,54.67329943899023,3.1148835904628327,49.60985639086365,21.40252777788557,8800.122,7.936,64.828,"Pass"
210.649,65.40316408390785,3.0086128108844563,40.27132928198216,21.30226539429176,8748.188,8.473,57.033,"Pass"
185.556,65.25672992400024,2.9811343206363574,55.22704187044773,21.900641114734402,7934.471,8.407,56.123,"Pass"
166.683,64.1421940649816,3.164832886377135,46.751778897061094,20.137893295329253,6737.403,8.661,53.432,"Pass"
193.912,58.83232256556243,2.9282396138454554,44.98274680479464,21.29088227143348,8321.844,8.146,58.523,"Pass"
206.476,72.07853051524962,2.8742532788314383,60.91092779248411,22.66425644201095,8497.386,8.246,58.308,"Pass"
180.826,68.83541821050814,2.7349695287182154,57.41139539513213,22.510412395401264,9505.129,8.498,57.911,"Pass"
89.484,59.552421537804456,4.298565106611237,54.11866034387141,21.906338147525684,4976.099,7.715,60.115,"Fail"
100.807,56.53774043469209,2.870886347178271,44.5977915912791,20.528150405219296,5595.786,7.914,59.802,"Pass"
160.133,66.73819987135698,3.3400395920890755,51.92718692472641,21.677317840949655,8542.894,8.381,59.451,"Pass"
179.239,65.43367607868085,2.922692494379013,55.11199194015443,22.790744562359052,9324.818,8.096,56.533,"Pass"
253.268,55.26872719806692,2.299833536017183,47.725995848000665,18.82720913288318,8658.982,9.488,51.275,"Pass"
226.601,66.46640276668394,3.9123089483276767,51.5068296332504,18.8840562613686,10744.974,8.078,56.371,"Pass"
54.256,104.86238081195316,6.954550280153346,72.56350181411527,20.453465025539487,7678.598,7.993,60.916,"Pass"
171.357,57.28881808154909,3.0785076769551285,42.023554294024855,20.307830423438386,8129.542,7.949,58.683,"Pass"
174.677,63.883688814847524,3.0829125757827303,48.4666849435524,19.437247736616776,6527.48,8.539,54.01,"Pass"
154.403,55.13853717580334,3.036923375841143,40.28379888004879,21.09213074872723,6459.904,8.556,59.321,"Pass"
192.191,69.71373963054121,4.002818029980592,54.57776416009877,21.57139243308422,7909.575,8.888,57.781,"Pass"
170.654,60.696718376233605,3.1341226106625095,42.634717339817534,19.88012861304228,6889.22,9.19,41.134,"Pass"
197.124,61.86227958036571,2.806189809460035,43.057411073702006,19.836897449355234,8473.686,8.749,58.506,"Pass"
170.268,60.299097109654646,2.4312241877510745,52.97519835011074,21.448151943502094,8577.596,8.222,59.982,"Pass"
137.166,57.686404308161926,5.368206115218056,43.084710964424,20.90217984177465,9243.752,7.223,63.2,"Fail"
95.42,62.083560399636745,3.1481400125759795,44.2729799354051,2.3871282681980817,4405.451,7.262,57.552,"Pass"
168.687,72.1152588324333,5.320642373152642,52.578786361755675,20.157703908889516,8024.997,8.251,58.063,"Pass"
276.102,56.85043933039246,2.2423156659495405,51.279512967750684,22.0205855093812,11994.307,8.072,57.385,"Pass"
197.124,61.86227958036571,2.806189809460035,43.057411073702006,19.836897449355234,8473.686,8.749,58.506,"Pass"
121.14,64.85939133784593,3.02407132243685,46.124913850041246,22.416741796409713,3882.381,10.139,61.894,"Pass"
226.43,60.41697458621015,2.750391732544274,41.34348705383814,20.20011557188295,7398.938,8.037,58.788,"Pass"
168.492,53.675057437610015,3.2830482159390355,37.27719030608726,19.16227512413407,7027.905,8.361,42.2,"Pass"
192.162,66.38467080437924,3.0311624566771784,55.72761350446111,22.233706787799946,8634.938,8.239,57.991,"Pass"
174.677,63.883688814847524,3.0829125757827303,48.4666849435524,19.437247736616776,6527.48,8.539,54.01,"Pass"
126,58.828571428571486,2.7911314285714286,44.145656319584454,22.022470849015505,6113.623,8.123,61.098,"Pass"
139.887,61.91934283465309,4.792403011001737,50.17608183171604,22.034129244644934,8520.309,7.909,61.13,"Pass"
93.759,70.75836275273134,13.675231177806932,60.20533182251897,22.425716686364595,4773.234,8.287,60.086,"Pass"
183.309,54.493232738163485,2.9177539564342174,39.82364256047682,20.9814559208,8292.802,8.159,59.411,"Pass"
228.249,46.46062462972946,2.6321738101809866,35.527458202966926,18.112602334817787,6565.858,8.151,48.067,"Pass"
175.836,69.89626697604582,0.08333583566505152,59.44355113698952,22.013791766006086,9675.813,8.016,58.053,"Pass"
229.857,66.21798190469153,2.5340722275153684,50.585959135257774,24.283431317289978,7870.93,8.716,56.717,"Pass"
109.29,59.18768617643166,2.882687894592368,47.028941899198756,15.78396484535536,4391.022,8.025,53.648,"Pass"
142.439,60.6107409721589,2.9319430773875137,40.655509237533764,18.50996660702873,8695.005,8.062,57.798,"Pass"
121.521,64.66626252984172,3.316049077937147,45.665938586733866,22.395984288333064,5440.88,8.346,60.054,"Pass"
52.77,63.4125450066326,2.98511426947129,64.41109772611655,22.65585499255817,3891.471,7.693,60.687,"Pass"
201.816,56.55510189699745,2.4868212629325726,47.365125894226516,18.808468782728923,7836.969,*,*,"Pass"
118.347,70.57973586149213,3.1263940784303785,56.185968970208,21.639076755529214,7362.517,8.423,60.749,"Pass"
164.356,55.162709132749825,2.808436321156514,39.44428493728397,18.046854238548548,7510.392,8.327,64.416,"Pass"
204.89,52.74322807360052,2.2885942700961492,48.88455747801877,20.32444188465553,8239.697,7.955,57.531,"Pass"
128.167,71.60407905311037,4.287406274626074,59.6332566813017,23.079241505990804,7785.966,8.441,60.528,"Pass"
188.391,54.55957733295827,2.527916938707263,43.18736400451926,18.831368010915643,6331.394,8.44,65.074,"Pass"
182.347,67.43024136521157,3.174227599028226,55.482409417390805,24.033151382971127,7976.503,7.984,58.235,"Pass"
118.44,65.57234793050401,3.123939209726444,49.175799231893855,20.430186620520487,5661.07,9.184,40.836,"Pass"
128.64,57.99231274184638,2.9901492537313437,44.28583465025623,20.930795562024503,6932.659,7.2,60.396,"Fail"
204.844,64.2961256153735,2.861385249262854,43.28981995117292,21.394987017860053,9040.785,8.212,58.227,"Pass"
168.492,53.675057437610015,3.2830482159390355,37.27719030608726,19.16227512413407,7027.905,8.361,42.2,"Pass"
200.736,55.61032068654025,2.846944045911048,46.57148485919577,20.40676665841628,7694.521,9.206,41.842,"Pass"
94.558,71.80777935235513,2.8281613401298675,60.40323583234791,21.934592907051183,5179.008,7.983,59.607,"Pass"
218.041,64.77181406758878,2.789006471259993,57.125369849718055,20.267459109906188,8768.843,8.659,79.553,"Pass"
111.224,69.65511040782572,4.150033805653456,52.64593712498196,22.740220605481138,6689.617,7.929,66.073,"Pass"
140.949,59.051808337294624,2.988927910095141,44.45682200948576,20.887901843476726,6982.311,7.791,59.689,"Pass"
171.404,65.05442631962438,3.0990361951879764,53.49536649787494,23.196696706231272,8270.945,8.639,59.779,"Pass"
210.072,64.89706174814144,2.7901747972123836,50.07569269564199,23.638353465170905,8704.799,8.47,58.458,"Pass"
128.167,71.60407905311037,4.287406274626074,59.6332566813017,23.079241505990804,7785.966,8.441,60.528,"Pass"
154.671,61.49698392070908,3.0790309754252574,41.216273009934355,20.888946322133137,8693.972,8.783,56.387,"Pass"
169.335,49.111432630256225,3.0287323943661972,41.92337465506666,18.00374539559982,5912.702,9.052,41.955,"Pass"
144.12,62.934961606069066,3.1519333888426315,40.86278243061328,22.19762603177996,6521.629,7.661,61.05,"Pass"
154.357,70.5999439970689,3.892217651288895,44.860690822116425,22.947028276286748,9970.222,7.243,61.405,"Pass"
188.496,49.528218694885325,2.8957677616501143,35.5545155181629,18.026147915329233,7783.704,8.648,41.949,"Pass"
76.181,69.50158175923136,4.808758089287355,58.77330468757551,19.789521325593597,5591.519,7.916,60.183,"Fail"
143.167,66.37407906694828,2.814682154407092,53.033135967150436,21.880237800445304,7373.022,9.019,58.116,"Pass"
183.229,64.96812428406231,2.99900124980216,52.76994908826954,22.124511269296192,8197.242,8.416,59.45,"Pass"
188.645,59.18235604206613,2.5439325717617747,51.81717528825713,21.445623332192028,6926.001,7.738,68.06,"Pass"
187.709,66.73449032515465,4.87904149508015,52.07338192439668,20.09025965869351,7584.759,7.804,57.552,"Pass"
252.185,63.08931053701763,2.469501358129944,52.32097971228227,22.17699951006469,10117.485,8.103,54.548,"Pass"
92.328,63.296508101550934,2.975825318429945,43.917912314339695,18.658202591260345,3647.396,9.642,42.356,"Pass"
189.839,63.376451741856165,3.1454426118974497,43.52050284871794,20.125355282300998,8112.792,7.627,54.282,"Pass"
154.053,58.17622650790454,2.9249237600046727,47.33917949837854,19.904361777027454,7782.583,7.556,64.366,"Pass"
157.049,62.892119303175775,2.9391041012677572,39.64185862260803,19.243904867392324,6770.163,8.544,57.727,"Pass"
128.142,59.84896963264717,3.0303581963758957,44.74076359943766,22.162803963511884,5576.74,9.011,59.892,"Pass"
110.913,68.07189218376372,2.906563522761083,57.42976266673696,22.15874419083755,7514.116,7.924,61.459,"Pass"
135.95,59.69403784070946,2.883262375873483,40.7246126051808,20.399127136746003,5536.021,7.359,57.844,"Pass"
195.611,46.165297452597216,2.7529838301527008,42.959382876892555,17.893512996204397,7160.296,8.393,46.067,"Pass"
138.928,62.193974176871855,3.0324081538638716,43.63701792850671,22.379282411567704,7880.403,8.409,60.996,"Pass"
145.938,67.70826576278202,5.622885334868233,48.39878681106125,21.793800218805263,5899.123,8.992,40.72,"Pass"
73.657,62.70478931624517,3.1333298939679866,46.56648362092975,23.7714595772555,5140.717,8.209,60.76,"Pass"
156.303,61.93794531561567,3.070319571601313,41.665402754072325,18.00987168803497,5440.844,9.443,40.644,"Pass"
185.047,57.4696158273304,2.811162137186768,49.39249177678818,21.832203743912356,8946.385,8.246,61.805,"Pass"
214.297,64.87802753499432,2.8548282057144996,54.78784860925205,22.509893649073696,9716.761,8.168,57.751,"Pass"
70.183,54.34263124814972,4.071385948164085,49.75492645818737,17.68347402194261,6232.441,8.024,60.964,"Pass"
134.062,54.0690128448032,2.5139795020214524,42.758722953295276,20.772289047602897,6600.839,7.949,61.156,"Pass"
132.698,65.15747537013867,3.174775806719016,40.46164485130793,18.795040564341214,7152.934,7.828,58.801,"Pass"
91.263,65.16658205162852,2.9704112290851707,50.77006559928737,23.525032768702104,3817.756,9.484,58.04,"Pass"
129.131,57.88153115828118,2.836933036993441,41.52107712739988,18.29698704378207,4680.889,9.117,41.639,"Pass"
130.279,47.17432928134579,2.502621604402859,43.13343445317723,18.498290965839505,7462.247,8.592,41.936,"Pass"
68.563,62.29116125153352,5.1827650482038425,49.830439253869166,20.6048713788085,4901.606,7.559,62.134,"Fail"
143.031,61.93521373377492,2.9198078738175632,47.74502920384594,19.648097239402134,5539.543,8.036,54.558,"Pass"
155.704,72.98523694531501,3.0115480655602944,60.28140652777307,22.11831358015453,8298.098,7.839,59.129,"Pass"
160.148,57.333882825053536,2.8593550965357046,41.467931137286214,18.92462061864958,7927.271,8.454,61.894,"Pass"
224.017,62.42588732105158,4.170026381926371,46.08679765539712,19.787532443918487,9868.104,8.042,57.555,"Pass"
250.048,64.3385981002759,2.490606603532122,52.01806680332896,23.213642212646732,9313.386,8.035,57.13,"Pass"
204.527,59.60223670550421,2.9732884166882614,43.65873841378565,21.308526505355744,6978.048,7.726,41.144,"Pass"
119.476,58.640061602330235,3.1888365864273993,43.55123130164838,24.445996004504057,4857.519,8.49,60.963,"Pass"
210.649,65.40316408390785,3.0086128108844563,40.27132928198216,21.30226539429176,8748.188,8.473,57.033,"Pass"
197.785,66.94539806130683,3.093162373284122,54.44510856801033,22.53166003108047,6981.795,7.834,56.859,"Pass"
118.383,70.05029813777698,3.094498365474773,56.82002511991586,22.773026465162992,4941.512,9.57,54.342,"Pass"
150.796,69.13065775396338,3.7169028356189813,46.46420532181712,19.07709768193293,9731.258,7.192,59.754,"Pass"
207.431,58.21104635062053,2.5784504726873028,44.47349813392811,22.071727377737997,9314.391,8.243,60.438,"Pass"
143.59,49.13136940826889,3.7503581029319584,38.12644007747001,18.92377551835331,6746.847,8.692,42.762,"Pass"
185.159,66.52743497930612,5.163869755183383,45.99283540207395,20.359875690591622,8481.202,8.195,58.812,"Pass"
133.181,64.86961353346193,3.3007951584685498,46.18893138804334,20.07173919224993,5982.992,8.907,53.938,"Pass"
155.252,64.74835178362353,3.232681833406333,49.454071752401155,22.290575882186914,8257.895,7.078,67.695,"Pass"
101.534,65.17926124363373,2.9585707250773137,39.954654947468235,22.00088637230131,4664.716,8.845,58.175,"Pass"
209.618,56.87019032504635,2.9884578614431967,49.038605817021875,18.73381259842026,8611.096,8.168,57.61,"Pass"
181.103,69.80397281596052,4.045609404592966,54.34211185167338,23.086428645157582,9205.825,8.874,57.472,"Pass"
190.221,66.15293673031783,4.987936347721861,46.02043984085729,20.851829256995348,8984.01,8.134,57.853,"Pass"
78.593,61.52413913028731,3.262824933518252,48.135734911765475,18.642827226992374,4514.094,9.597,53.08,"Pass"
190.643,55.068770191171794,2.99766663344576,39.90382351210463,23.594677063734633,7166.624,8.149,61.753,"Pass"
169.019,74.95259901746752,3.6412739396162563,51.97492079824373,22.458899701117414,7742.172,9.109,54.119,"Pass"
177.391,73.58343997158825,3.118350761876307,58.55666984043835,23.20444265262286,9564.7,8.126,57.936,"Pass"
114.888,70.73845832462926,3.411840401086275,48.60101554981868,21.34310795850524,7553.583,7.751,61.502,"Pass"
169.565,63.07791505715612,3.0678331023501313,48.29619471357758,19.675254696346634,6156.502,9.112,54.941,"Pass"
122.956,57.44300580876271,3.098583558346075,41.732206657561115,21.564267416996678,5661.893,8.351,62.621,"Pass"
219.945,58.50654582837633,1.63226843074405,48.52693650767955,20.459622531327316,8356.629,8.002,58.113,"Pass"
108.379,71.2507240537579,3.211131307725666,57.259103799012614,21.408091949258104,6382.092,7.828,61.213,"Pass"
118.843,67.14788044357314,0.5548537145645935,52.59355287260364,27.14127104452873,5002.575,8.948,60.256,"Pass"
189.413,62.245768652509526,2.4369148896855024,56.73331573816825,20.966336122804986,7290.831,7.676,63.753,"Pass"
116.863,63.364148143077294,2.852620247640399,56.95054359826989,20.187533695832894,6122.149,8.164,60.849,"Pass"
186.99,59.80189077253096,3.0562284614150483,44.6126454881419,21.11137440649712,8106.402,7.57,60.101,"Pass"
143.854,62.26525968458767,3.0558983413738927,44.62585007186533,22.520611240305715,11606.87,8.038,60.81,"Pass"
132.585,63.351828805839475,3.343263265075234,40.513910540349144,21.975674860090667,6618.409,7.87,61.562,"Pass"
224.517,61.211202517206125,2.692243349055974,51.87811801432031,22.007370504477887,8810.614,8.493,57.914,"Pass"
154.729,58.36091919851272,2.7464131481493452,43.40413020319923,20.636749143435807,7456.976,7.425,60.387,"Pass"
102.257,70.68805938849071,5.122979160350879,64.23148067499278,26.23384466369096,4181.774,9.846,57.242,"Pass"
114.691,62.73924428827599,3.0024661045766448,48.11447304677405,20.543604969469225,4691.154,9.009,53.261,"Pass"
127.009,71.96200444237991,3.172764134825091,57.864868998275725,20.88745856224074,7606.195,8.897,61.846,"Pass"
183.309,54.493232738163485,2.9177539564342174,39.82364256047682,20.9814559208,8292.802,8.159,59.411,"Pass"
180.942,63.186582809224376,1.9841124780316346,54.47754761835444,20.849563452825155,6644.556,7.571,60.681,"Pass"
150.843,60.82994312703353,2.938595493327499,43.78067187096324,21.839714734152466,7748.007,7.991,59.794,"Pass"
169.599,60.212291608113574,3.024017830293811,46.212295972390784,22.335037188772024,6892.165,8.544,63.587,"Pass"
159.727,57.949014394699894,3.027437565345872,43.99788455717395,19.122758623109785,6904.51,8.673,62.641,"Pass"
108.709,73.93953889129088,6.773453531906282,47.47146773828658,26.03319631464326,5038.411,8.128,57.938,"Pass"
144.877,62.25431074482334,3.059606148664039,47.36732927466253,20.573529325101504,5864.931,9.055,54.037,"Pass"
164.628,66.58818669971095,2.8037961950579495,56.21785456824587,20.83351533801279,7329.463,8.195,60.117,"Pass"
155.252,64.74835178362353,3.232681833406333,49.454071752401155,22.290575882186914,8257.895,7.078,67.695,"Pass"
55.926,70.92149546821786,3.4716961699388476,57.435684100192745,22.907307371044418,4787.485,7.189,61.51,"Pass"
115.734,70.98910720560372,4.114925605267251,59.41289282931139,21.0638724989268,5401.96,8.115,60.343,"Pass"
122.526,82.9298634122101,3.4383428823270163,62.39980274380902,27.59397479345651,4416.416,9.946,59.142,"Pass"
203.907,76.62688273466723,3.6290991481410644,61.12400248769214,24.893937818675365,8771.357,8.101,60.305,"Pass"
214.363,64.3429862222285,2.8881282684045293,51.828964165309976,22.17887648883898,8413.009,8.217,57.67,"Pass"
168.687,72.1152588324333,5.320642373152642,52.578786361755675,20.157703908889516,8024.997,8.251,58.063,"Pass"
156.233,59.609002792837146,2.977903003846818,41.97905401065722,18.604972808203517,7233.826,8.539,41.714,"Pass"
146.778,59.0252247914841,4.217987981850141,49.60613923373327,21.551415717909506,6531.355,8.138,58.598,"Pass"
179.198,64.8259715200195,1.9216500184153842,49.989131822720786,21.277347908391892,7711.312,7.925,58.848,"Pass"
153.072,62.03565787487084,3.0154656632173094,41.483193208330164,20.39945070197402,6318.666,8.205,56.724,"Pass"
182.106,59.82779260430744,3.017495304932292,49.94045051364826,20.619305745052745,7658.663,9.106,60.009,"Pass"
150.507,69.52996649103802,6.54749506667464,56.55006694551438,22.456110752267676,6776.155,9.018,63.205,"Pass"
154.203,61.78807589130351,3.1358891850353108,41.6847826203902,19.123944980773068,7273.629,8.864,41.3,"Pass"
232.161,56.58202712772607,2.5878206933981165,42.49845684689348,18.612701265727605,7227.994,9.199,41.343,"Pass"
207.431,58.21104635062053,2.5784504726873028,44.47349813392811,22.071727377737997,9314.391,8.243,60.438,"Pass"
184.147,63.906371902157936,3.441605239292522,54.91569333429353,22.314750277128688,7785.555,8.701,60.382,"Pass"
176.587,47.60939366997568,2.925095052297168,36.97215888880961,16.63090852764533,6797.58,8.198,41.996,"Pass"
122.326,67.77245502455196,3.324174419174992,54.909640475164586,21.577998841466982,6449.573,8.537,57.95,"Fail"
176.743,72.74998789831065,5.057398822018411,60.42546755475046,22.47229001963664,8702.5,8.801,55.981,"Pass"
155.759,68.2148704087725,2.046188791658909,60.6550713909161,21.251215127197188,9451.533,8.119,58.865,"Pass"
225.061,58.01378292996117,2.7345674283860824,46.54969421740079,17.933177335750806,7334.008,8.58,52.983,"Pass"
137.166,57.686404308161926,5.368206115218056,43.084710964424,20.90217984177465,9243.752,7.223,63.2,"Fail"
187.709,66.73449032515465,4.87904149508015,52.07338192439668,20.09025965869351,7584.759,7.804,57.552,"Pass"
116.32,64.98349381017889,3.1178872077028883,50.878971333531936,23.22415892880899,6343.028,8.339,61.973,"Pass"
149.406,67.57171733397593,3.0894566483273764,54.526490758346306,21.77918408035082,8673.907,8.682,57.515,"Pass"
126.404,64.54280631063017,3.2459124711243317,47.108246615186914,22.14253147778355,4264.142,9.542,61.082,"Pass"
155.759,68.2148704087725,2.046188791658909,60.6550713909161,21.251215127197188,9451.533,8.119,58.865,"Pass"
65.982,60.67149626665856,3.6088387742111485,57.78538549299536,17.788190754911263,4316.92,9.482,56.986,"Pass"
110.688,51.86253252385078,3.077953165654813,35.61760163115452,17.79376162255394,4559.689,9.201,41.486,"Pass"
157.267,64.14265053839797,3.587258865496258,43.94258020091218,19.719705870892213,5600.896,8.586,65.325,"Pass"
68.619,65.23946234522028,2.9896699164954312,53.592727204954954,21.91318063898788,7852.683,8.142,61.89,"Fail"
190.513,61.34751959183893,2.768965057502637,39.82321263809471,19.655160049450462,8913.358,8.717,57.49,"Pass"
149.608,67.38656281006962,3.942308967434896,54.30835111286439,21.23906785458851,7673.754,8.984,57.517,"Pass"
100.265,76.95522421139542,3.4344570887149053,58.58366348138523,21.05015276718172,7146.202,8.851,61.906,"Pass"
210.649,65.40316408390785,3.0086128108844563,40.27132928198216,21.30226539429176,8748.188,8.473,57.033,"Pass"
162.969,60.03363966289427,2.989690554645362,42.10112585144281,18.657245227198633,5184.969,9.427,41.64,"Pass"
141.048,57.24724128586647,2.805022970903522,42.97174971388053,21.83235435901867,9409.085,8.285,61.411,"Pass"
189.716,51.5945237442634,2.9543848700162347,39.501525381460546,19.21913436445347,7304.215,8.31,40.672,"Pass"
92.62,69.14093428345217,3.243311595767653,53.428080345889654,20.56850951846888,4945.741,8.864,61.536,"Pass"
141.317,69.87293342862743,7.362130812287267,58.74835337486283,20.71963352886787,7502.855,7.299,59.842,"Pass"
197.669,57.59181032714064,2.7428543676550188,43.00948068653541,21.455431600557098,8052.316,7.941,60.153,"Pass"
179.198,64.8259715200195,1.9216500184153842,49.989131822720786,21.277347908391892,7711.312,7.925,58.848,"Pass"
182.937,60.03159557661924,2.8836366618016034,47.40315794636561,18.880014349246828,6593.679,8.431,52.967,"Pass"
181.431,49.188200717873194,2.099913686194751,41.64855795629304,19.6979942597093,8053.817,8.633,55.861,"Pass"
130.559,71.40683096871491,3.2829074977596338,52.55434790521397,21.964955030419844,9314.441,8.199,59.131,"Pass"
186.64,61.37076725246459,2.9638199742820404,48.163636398754036,20.056718880997938,7414.196,8.942,53.16,"Pass"
153.799,60.909195335036806,3.19176483592221,39.755641581228765,21.205588087059954,8529.235,7.665,61.845,"Pass"
193.912,58.83232256556243,2.9282396138454554,44.98274680479464,21.29088227143348,8321.844,8.146,58.523,"Pass"
209.22,67.30618487716285,4.3598921709205625,46.769383705886476,21.065682565089592,9919.833,7.61,58.669,"Pass"
145.258,62.27800037022253,1.76537746630134,49.90175059035478,21.12122891888701,6940.245,8.44,60.832,"Pass"
192.297,54.85953730138512,2.0574573706298067,42.18421602811069,20.54983548800646,7838.999,7.853,59.93,"Pass"
196.342,64.04063657631416,2.8733405995660632,55.61654331198334,20.570927994907827,8280.129,8.207,57.37,"Pass"
161.241,69.0078412645254,3.4761262954211394,42.691014409459015,21.55107729552185,6675.443,8.199,57.994,"Pass"
165.488,63.70202069032201,3.3647800444745233,42.60997071382152,18.901363601580137,7141.073,9.411,41.079,"Pass"
153.55,58.97453598176494,3.1253673721914685,40.26500329976383,18.642918185781483,6498.852,8.462,65.118,"Pass"
165.666,63.591805198411315,3.073696715077324,39.778196388713106,19.82716108179025,8721.413,8.345,56.987,"Pass"
196.342,64.04063657631416,2.8733405995660632,55.61654331198334,20.570927994907827,8280.129,8.207,57.37,"Pass"
95.885,72.81138864264489,3.8205767325441933,43.57210395751242,22.39104203545977,6127.773,6.956,60.243,"Pass"
189.485,62.40203123671467,3.0353195239728734,47.75559915463639,19.130708991000013,6932.07,8.119,53.704,"Pass"
167.94,61.33690603787062,3.0538906752411576,47.754606909143654,18.334032508318636,6005.397,8.8,51.873,"Pass"
173.633,64.63471805474762,3.0381542679099014,54.79610864829811,22.774583184786376,8543.145,8.542,58.715,"Pass"
152.173,63.950459893235504,3.0814275857083713,46.46953283517818,21.98758113761254,6412.333,8.682,57.066,"Pass"
252.185,63.08931053701763,2.469501358129944,52.32097971228227,22.17699951006469,10117.485,8.103,54.548,"Pass"
183.229,64.96812428406231,2.99900124980216,52.76994908826954,22.124511269296192,8197.242,8.416,59.45,"Pass"
161.101,62.44529829113419,3.0243566458308764,47.81929900909567,18.934488625316888,7549.662,8.898,53.731,"Pass"
96.094,74.7319175899525,3.354795096468041,53.89437239104116,27.872787130110318,6347.767,8.423,61.05,"Pass"
202.781,67.12331694455271,3.016954842909346,56.765793050581394,22.7352842096155,8406.404,7.961,57.186,"Pass"
178.513,63.48780076396557,3.0166650047895667,45.86625269070257,21.60671577158677,7907.75,8.521,61.047,"Pass"
109.409,64.47417996285097,2.946518842142785,53.454420771595736,22.70370968343756,5248.386,8.334,62.484,"Pass"
177.159,62.11043312630029,3.16379117064332,44.55938371001098,20.09987839436217,7656.936,8.295,64.669,"Pass"
161.162,58.04643774587066,3.0004810066889216,42.486365020224646,20.909758960969494,6518.139,8.223,60.557,"Pass"
105.885,64.74401473296507,3.1483756906077347,45.52098586915857,22.31143758317734,6237.445,6.893,60.342,"Pass"
192.191,69.71373963054121,4.002818029980592,54.57776416009877,21.57139243308422,7909.575,8.888,57.781,"Pass"
218.864,65.19275288154597,2.661352438043717,49.59625192600923,23.589631506998952,9732.736,8.482,58.907,"Pass"
155.358,61.768803523331826,3.183315954118874,45.10279470702848,22.00167259027089,8665.902,8.158,61.069,"Pass"
204.163,60.84474986489558,1.7046144502186977,49.771687373550435,21.642578336286572,7581.557,7.973,59.339,"Pass"
193.733,69.79190718956269,2.987673137772088,57.01721644262723,22.56868440161926,8670.851,7.994,52.114,"Pass"
135.243,63.836107352444664,1.1647514473946896,54.811894657365585,19.909853920918472,6455.792,8.13,59.002,"Pass"
81.643,69.99987751552496,3.769119704077508,44.443294010972835,22.874053607541395,6046.469,7.781,62.515,"Pass"
166.091,54.85635384618477,2.9996625946017543,40.59400245993437,21.690579240784384,8312.521,8.349,62.23,"Pass"
72.63,59.4678966450962,3.0767583643122673,44.18893362819786,21.969378356212694,3849.303,7.337,59.674,"Pass"
153.214,69.34418525722198,3.1322213374756878,56.901359525632905,21.199455036428724,9279.741,8.495,60.012,"Pass"
165.082,60.190423883618834,3.0401880277680187,44.37863180428166,20.555896249729134,8492.681,7.19,59.9,"Pass"
193.55,58.49048480151559,2.801225936450529,49.15629297322652,20.57227198276633,8658.698,8.791,57.916,"Pass"
68.563,62.29116125153352,5.1827650482038425,49.830439253869166,20.6048713788085,4901.606,7.559,62.134,"Fail"
126,58.828571428571486,2.7911314285714286,44.145656319584454,22.022470849015505,6113.623,8.123,61.098,"Pass"
111.655,73.81816010627983,3.6090600510501094,56.15987992009916,24.235487099342805,5064.52,7.529,62.394,"Pass"
161.825,69.32998266302768,2.7165345280395483,61.233680621991034,21.181440688516965,7044.662,8.86,58.522,"Pass"
130.391,57.55151812625109,2.949995014993366,41.42427669132048,17.020465861320154,4419.886,9.367,40.981,"Pass"
163.295,70.24877267113716,3.0958919746471114,51.918666824162116,21.707841213323306,8208.302,7.833,59.586,"Pass"
140.511,68.38831914306438,3.4414637999871895,47.47787909004684,22.01169793545811,8226.209,7.264,60.492,"Pass"
95.42,62.083560399636745,3.1481400125759795,44.2729799354051,2.3871282681980817,4405.451,7.262,57.552,"Pass"
224.017,62.42588732105158,4.170026381926371,46.08679765539712,19.787532443918487,9868.104,8.042,57.555,"Pass"
187.709,66.73449032515465,4.87904149508015,52.07338192439668,20.09025965869351,7584.759,7.804,57.552,"Pass"
135.501,64.4003447289031,3.0009591073128603,45.43466162179664,22.356299826776947,4105.006,10.087,61.149,"Pass"
204.794,60.92718645186008,2.862083850112796,41.57895240161245,20.096316898696735,8885.063,7.786,57.369,"Pass"
158.036,62.27475596277647,3.268456301095952,49.488019926503675,21.469064857285723,7913.792,8.189,62.022,"Pass"
126,58.828571428571486,2.7911314285714286,44.145656319584454,22.022470849015505,6113.623,8.123,61.098,"Pass"
170.654,60.696718376233605,3.1341226106625095,42.634717339817534,19.88012861304228,6889.22,9.19,41.134,"Pass"
135.951,63.49918557257973,3.0988106008782585,50.98459988589011,22.395857659933064,4570.1,9.283,55.655,"Pass"
188.645,59.18235604206613,2.5439325717617747,51.81717528825713,21.445623332192028,6926.001,7.738,68.06,"Pass"
181.103,69.80397281596052,4.045609404592966,54.34211185167338,23.086428645157582,9205.825,8.874,57.472,"Pass"
166.836,62.187137867926225,3.0521412644752934,45.9622359734644,18.68982956377791,6138.657,8.341,52.643,"Pass"
129.294,63.16285193263248,3.201692885980788,47.267063877551465,19.15629783840139,5559.095,9.209,52.602,"Pass"
116.698,72.1122327146424,4.112325489725617,60.84834667950702,22.24530829899188,6347.138,8.249,59.066,"Pass"
206.476,72.07853051524962,2.8742532788314383,60.91092779248411,22.66425644201095,8497.386,8.246,58.308,"Pass"
119.23,67.95176456335567,2.703813469764321,59.43206892449195,21.107928832855468,5932.421,7.751,59.811,"Pass"
123.984,66.24822557749391,2.895609756097561,50.151321378340704,22.646479984659152,4792.32,8.646,57.287,"Pass"
145.035,58.40720439127725,3.005756127831213,39.830148649536895,20.4915796048429,8815.753,7.784,61.875,"Pass"
166.946,62.70279012375264,3.094016987528901,44.89543467006227,20.840479761296525,6858.357,8.156,58.168,"Pass"
170.838,68.7711945429784,4.117146770624802,52.70826367948858,23.10276931305231,7990.905,8.693,60.657,"Pass"
183.926,51.49716008974629,2.9677187564564007,36.02136661700932,18.422115352413186,7096.184,8.579,42.577,"Pass"
147.497,62.99517956297421,3.203952893957165,43.9789918613266,23.607139274129267,7309.291,7.267,61.038,"Pass"
127.884,56.71937067967851,2.8359500797597827,42.88902758480451,20.144008736262418,8512.266,7.007,59.882,"Pass"
151.545,63.593432093877475,3.6018386617836287,39.470672539455144,18.653020026856318,7224.126,9.01,41.732,"Pass"
173.313,61.45913270595211,3.06490107493379,50.434347673106856,20.964126682638284,7301.787,8.982,60.966,"Pass"
68.619,65.23946234522028,2.9896699164954312,53.592727204954954,21.91318063898788,7852.683,8.142,61.89,"Fail"
189.982,62.481077154677855,3.0080963459696175,40.972337312708795,20.225212846498504,8711.361,8.179,57.361,"Pass"
180.923,60.59207508166464,2.8144958905169597,40.48745197852845,20.012187025074024,7561.402,8.251,56.641,"Pass"
202.267,63.72150562265614,2.843506454340055,52.612455980470855,21.643638901810853,9042.64,8.263,58.423,"Pass"
202.885,68.90662197796779,3.268197057446337,46.48568247162146,21.615113034346354,5787.734,8.382,59.806,"Pass"
176.072,65.41539824617207,3.0376809487028034,52.23037869172848,22.795711003923927,8356.294,8.566,59.286,"Pass"
132.585,63.351828805839475,3.343263265075234,40.513910540349144,21.975674860090667,6618.409,7.87,61.562,"Pass"
115.01,70.12201837521381,2.1022672811059904,50.86800450251764,23.641124703448668,6590.199,7.747,60.595,"Pass"
144.007,66.092234713899,2.7473864464921847,58.21454921804325,21.40373896856157,9167.669,7.605,61.993,"Pass"
93.532,62.50096223752294,2.9766856263097123,48.14289801895237,19.439148315500653,4490.122,9.389,40.524,"Pass"
170.268,60.299097109654646,2.4312241877510745,52.97519835011074,21.448151943502094,8577.596,8.222,59.982,"Pass"
134.503,84.23470108473425,2.968753410704594,70.46427633386251,28.572452292091643,9940.666,7.219,58.111,"Pass"
132.844,56.66496040468525,2.7024877299689867,43.166086520020876,20.997212969933152,7456.174,7.869,60.541,"Pass"
173.633,64.63471805474762,3.0381542679099014,54.79610864829811,22.774583184786376,8543.145,8.542,58.715,"Pass"
133.766,69.81119600230582,3.4232914193442276,54.44236704245537,20.96496511438947,8090.04,7.798,58.941,"Fail"
167.333,67.65838178960522,5.560728846073398,45.78556488452428,19.915022222010148,8700.947,8.389,57.642,"Pass"
162.274,67.00940658666477,5.937264626495926,54.100629885302794,22.828043056940604,7669.764,7.399,60.544,"Pass"
187.321,70.57574964899821,3.168167583986846,57.51415590312176,22.030934799381434,8711.527,8.357,59.524,"Pass"
178.255,57.601775234604666,3.04158245210513,39.5801265436183,19.389123301512825,6469.607,8.442,64.749,"Pass"
215.508,59.526276931199305,2.7197950888134086,45.691587385466796,21.924444275801672,8871.931,8.985,54.559,"Pass"
72.993,67.2085755559514,3.0112695737947472,55.79615106009402,23.38366375905354,4434.056,7.836,58.62,"Pass"
140.967,63.73028202818159,3.248419842941965,48.856747258440606,19.417894500527552,5524.363,9.282,53.043,"Pass"
132.135,60.14461640662123,2.855610398456124,40.96987851639563,20.103891536581045,6617.087,8.135,57.928,"Pass"
155.358,61.768803523331826,3.183315954118874,45.10279470702848,22.00167259027089,8665.902,8.158,61.069,"Pass"
187.321,70.57574964899821,3.168167583986846,57.51415590312176,22.030934799381434,8711.527,8.357,59.524,"Pass"
226.225,60.45146793384173,2.590949718200907,43.267246518211756,22.710444882990476,8478.97,8.327,58.211,"Pass"
169.599,60.212291608113574,3.024017830293811,46.212295972390784,22.335037188772024,6892.165,8.544,63.587,"Pass"
189.703,60.748573647578894,2.935276300322082,48.15904303981741,17.861798817287507,7210.253,8.922,53.579,"Pass"
118.486,79.20487558773945,2.9990540654592106,42.09565511810304,20.35158591517981,7670.91,8.439,62.202,"Pass"
112.108,65.84424543000209,3.0389667106718523,41.329812585954734,21.835019265730587,4529.06,9.137,57.629,"Pass"
187.037,65.84365660270434,5.014088977047321,46.30176906801615,19.308349628433973,8376.879,8.342,57.908,"Pass"
170.036,58.596349531210436,3.037790585523065,44.89373910376252,19.27989169415054,6902.615,8.428,61.788,"Pass"
104.604,77.76052753453241,3.852334518756453,48.909677814944956,21.004979093541046,8174.577,8.1,59.201,"Pass"
244.342,60.92078589299701,2.8786091625672214,41.92010420557548,23.163532306689877,8738.117,7.536,59.962,"Pass"
116.849,61.63938073924472,3.1351231076004074,45.37203927242966,22.043012050118953,5183.776,8.931,59.824,"Pass"
237.743,60.079067639332344,2.6811499812823087,50.85099697428526,20.05115303242414,10209.435,7.974,58.966,"Pass"
154.671,61.49698392070908,3.0790309754252574,41.216273009934355,20.888946322133137,8693.972,8.783,56.387,"Pass"
174.08,60.62602124183012,3.009308823529411,42.50741037371122,19.93981563130082,7931.592,9.015,41.192,"Pass"
116.126,60.28907298011552,3.1546423712174705,44.105337723389965,22.58471715530064,5646.851,7.301,60.589,"Pass"
79.482,64.75769496377931,3.5489635389144714,45.43652564948254,17.581645745901394,4499.64,8.539,53.743,"Pass"
93.759,70.75836275273134,13.675231177806932,60.20533182251897,22.425716686364595,4773.234,8.287,60.086,"Pass"
116.561,77.90019341327246,3.991444136546529,54.07622112858656,22.9123675631823,7942.522,7.974,58.559,"Pass"
150.451,62.579858041636356,3.019299572618327,41.306202021666,20.521774842064378,7975.156,7.877,58.22,"Pass"
159.727,57.949014394699894,3.027437565345872,43.99788455717395,19.122758623109785,6904.51,8.673,62.641,"Pass"
143.854,62.26525968458767,3.0558983413738927,44.62585007186533,22.520611240305715,11606.87,8.038,60.81,"Pass"
133.766,69.81119600230582,3.4232914193442276,54.44236704245537,20.96496511438947,8090.04,7.798,58.941,"Fail"
114.691,62.73924428827599,3.0024661045766448,48.11447304677405,20.543604969469225,4691.154,9.009,53.261,"Pass"
128.452,65.76260219987064,3.051564164045713,53.77619143397051,22.12052117133038,7335.118,8.793,58.196,"Pass"
181.593,57.5625345323517,2.723417752886951,40.58359848920237,19.121335071552032,10290.78,7.302,57.011,"Pass"
167.869,53.901210004361914,2.335032197725608,43.887315332855685,21.680624927541615,7731.222,8.124,59.524,"Pass"
70.183,54.34263124814972,4.071385948164085,49.75492645818737,17.68347402194261,6232.441,8.024,60.964,"Pass"
150.507,69.52996649103802,6.54749506667464,56.55006694551438,22.456110752267676,6776.155,9.018,63.205,"Pass"
74.518,58.49536726398697,2.802162162162162,41.70449685873978,19.434062449585607,3322.891,8.464,64.625,"Pass"
172.924,67.48282482477856,2.838762924753071,58.834266639657606,21.288198666326213,7353.346,8.213,60.495,"Pass"
133.115,72.90938912469174,2.31170221237276,59.29339922270103,22.456268400083164,7197.662,8.599,60.044,"Pass"
113.537,63.06343600177333,2.9039203079172426,51.332849788205095,19.465253093170798,8064.006,8.063,61.44,"Pass"
142.216,55.21261867706717,3.03957698149294,40.04597029883713,20.80576710914338,6108.31,8.464,57.009,"Pass"
244.342,60.92078589299701,2.8786091625672214,41.92010420557548,23.163532306689877,8738.117,7.536,59.962,"Pass"
76.096,69.39164564059429,2.9366190075693863,57.69248785129704,24.610224818627575,4553.675,9.542,59.336,"Pass"
189.289,56.442676424820185,2.63204391169059,43.64872761554915,21.356763788485544,8193.325,7.962,59.914,"Pass"
166.914,53.097430080427365,3.094610158524749,35.926113660851826,19.713403955362786,7225.319,8.761,41.81,"Pass"
235.413,70.11648087026258,3.283459112283518,61.57643453902003,22.524883772742363,8139.81,8.643,57.836,"Pass"
78.257,65.08887383876208,2.668279131579284,58.08181576165992,17.970545672284448,5515.619,8.529,59.51,"Pass"
191.94,61.9446238986721,2.9774104407627378,51.78188277831978,22.12105095334204,7399.439,8.378,61.612,"Pass"
171.045,65.17713012495093,2.9984530386740333,55.07079345261957,21.869324006329443,9402.26,7.933,57.533,"Pass"
245.86,59.86604842864509,2.562832180915968,52.57922183200895,21.341603165281718,8325.352,8.519,59.585,"Pass"
133.766,69.81119600230582,3.4232914193442276,54.44236704245537,20.96496511438947,8090.04,7.798,58.941,"Fail"
239.095,66.92763220570166,2.8804938622723184,54.57790875473944,23.454076351070867,9192.969,7.967,57.117,"Pass"
98.049,60.151352894981116,2.9142783710185722,43.1082029675016,24.50553344451911,5462.024,7.613,58.901,"Pass"
131.621,62.871882146466035,2.78326406880361,50.911222582136816,19.053203738317805,6397.055,8.65,57.477,"Pass"
145.258,62.27800037022253,1.76537746630134,49.90175059035478,21.12122891888701,6940.245,8.44,60.832,"Pass"
143.748,57.00870041090432,3.109120961682945,41.74227771232276,22.2050119908672,8047.089,8.283,60.843,"Pass"
170.654,60.696718376233605,3.1341226106625095,42.634717339817534,19.88012861304228,6889.22,9.19,41.134,"Pass"
131.447,56.87889415505865,2.8705568023614076,44.15529364853664,20.371354559945054,6006.667,8.507,57.055,"Pass"
198.417,76.03488276374163,2.990995328021288,60.33318683676854,23.790526135559713,8027.797,8.545,60.699,"Pass"
84.56,61.32686849574271,3.1192280037842943,44.63264284525446,25.35425630117473,4503.719,8.58,63.017,"Pass"
210.046,60.86738672058084,2.4591459013739847,53.5158131575508,21.460588673916735,8341.487,8.104,58.643,"Pass"
93.841,65.30649360798225,3.2791875619398776,49.08880068642116,19.626094258111333,4010.33,9.163,39.969,"Pass"
183.899,57.356773736308206,2.6892674783440906,43.827670485556524,21.61348498336271,8634.534,8.452,60.182,"Pass"
171.54,60.99212363815378,3.0325120671563486,47.52969958394918,18.24443094999168,7909.648,8.344,40.718,"Pass"
149.904,56.845714590671406,2.639308357348703,44.27010331826253,20.468360655856944,4886.753,8.45,59.509,"Pass"
183.711,58.71290595917868,4.845635155216616,46.20567274751864,26.370082631583216,7725.003,7.478,57.84,"Pass"
83.93,69.98053933833755,10.999246038365305,58.219004185814,22.71373381246316,3937.268,8.533,60.278,"Pass"
179.432,58.32754965050214,2.7562173971198,40.76882640154628,19.03152744260049,8111.339,8.085,57.566,"Pass"
145.182,66.24091753033365,3.0279456130925326,55.01961121284534,23.323915255753707,7393.386,8.083,56.974,"Pass"
169.396,64.54111470558146,3.2222758506694373,42.37176389755587,18.92871435255274,6478.409,6.846,57.938,"Pass"
197.785,66.94539806130683,3.093162373284122,54.44510856801033,22.53166003108047,6981.795,7.834,56.859,"Pass"
127.884,56.71937067967851,2.8359500797597827,42.88902758480451,20.144008736262418,8512.266,7.007,59.882,"Pass"
192.714,59.272520130579274,3.155545315856658,45.45668644751764,22.009802297509783,8284.284,7.885,53.875,"Pass"
93.141,60.95561210065033,2.910518890714078,49.697930814119786,20.89733300727999,4110.213,8.292,48.742,"Fail"
95.885,72.81138864264489,3.8205767325441933,43.57210395751242,22.39104203545977,6127.773,6.956,60.243,"Pass"
214.297,64.87802753499432,2.8548282057144996,54.78784860925205,22.509893649073696,9716.761,8.168,57.751,"Pass"
166.924,62.50274908874026,2.962747118449115,48.322746684331456,19.26781619815523,7377.393,8.785,53.956,"Pass"
183.309,54.493232738163485,2.9177539564342174,39.82364256047682,20.9814559208,8292.802,8.159,59.411,"Pass"
138.118,67.08452193052322,3.2093323100537225,50.46619655910319,22.60335766672587,4139.487,8.73,58.259,"Pass"
176.841,64.26205838389671,3.2316270548119497,51.15379320910119,23.556268386598475,8134.25,9,59.718,"Pass"
171.509,65.60360615996186,3.310734713630189,43.066463590148274,21.83609511694858,8456.502,7.912,57.732,"Pass"
166.972,71.52010849457135,1.8429571425149127,59.23341984862747,22.543830197234495,8315.451,7.399,62.458,"Pass"
160.148,57.333882825053536,2.8593550965357046,41.467931137286214,18.92462061864958,7927.271,8.454,61.894,"Pass"
241.245,51.67598637622891,2.885193060996082,35.87425993019596,20.24112377489451,7464.878,8.509,40.806,"Pass"
214.363,64.3429862222285,2.8881282684045293,51.828964165309976,22.17887648883898,8413.009,8.217,57.67,"Pass"
123.838,61.01600478043902,3.135678547780164,44.79340987297226,21.616696381348458,5619.841,8.059,60.908,"Fail"
162.274,67.00940658666477,5.937264626495926,54.100629885302794,22.828043056940604,7669.764,7.399,60.544,"Pass"
156.303,61.93794531561567,3.070319571601313,41.665402754072325,18.00987168803497,5440.844,9.443,40.644,"Pass"
197.658,61.137430421345016,4.4851871414261,51.48855456188894,23.130607807537707,8974.665,8.113,62.973,"Pass"
167.525,72.30717803312945,5.2044750335770775,55.12732422864964,20.757517242430595,8858.106,8.383,58.267,"Pass"
167.75,62.896982944196004,3.1447024739195224,48.37034862671304,20.097154895231927,8195.465,9.122,41.518,"Pass"
167.286,62.19528233085849,3.043930992432122,46.487300903542945,18.3611297655165,6582.872,9.068,54.613,"Pass"
224.017,62.42588732105158,4.170026381926371,46.08679765539712,19.787532443918487,9868.104,8.042,57.555,"Pass"
252.185,63.08931053701763,2.469501358129944,52.32097971228227,22.17699951006469,10117.485,8.103,54.548,"Pass"
159.683,79.70389946192012,3.6476909877695185,54.27492898569928,28.048869375285495,9375.804,8.643,58.392,"Pass"
199.587,72.21036996954273,2.9918165010747204,59.90085593550387,21.752685516150528,8265.285,8.648,57.61,"Pass"
221.558,63.67127343630108,2.8935448054234105,50.04506086308007,24.166126063616524,8368.666,8.515,57.198,"Pass"
114.771,60.17393089040113,3.1599675876310216,44.282986188738185,21.953077648152732,5028.327,8.626,63.597,"Pass"
202.812,60.80031424833513,2.763613987338027,51.278434118455124,21.172617812891076,8526.825,8.198,58.456,"Pass"
122.539,71.56435456829622,3.408082651237565,52.47907753500223,21.682493239686256,9207.975,7.328,60.896,"Pass"
193.346,52.977735941438354,2.3683965533292644,48.998752633174846,20.569617494328405,9634.4,7.402,56.562,"Pass"
101.878,56.52119855775206,2.80474763933332,46.99770754237386,17.13906424495926,4546.932,8.873,54.322,"Pass"
170.25,57.92167074563546,2.8403143612334802,42.218568653999384,20.014909834454016,6807.445,8.651,65.156,"Pass"
65.254,63.80349608197715,2.5263003034296743,56.685001417585084,19.82119637815027,4452.167,8.231,61.779,"Pass"
109.223,65.55884139177041,3.018616957966728,54.67447730127568,23.623990006888736,5577.166,7.781,59.061,"Pass"
112.823,62.91217216347738,3.0197076837169727,43.88683084801989,21.842756029918878,4842.833,7.85,61.332,"Fail"
170.268,60.299097109654646,2.4312241877510745,52.97519835011074,21.448151943502094,8577.596,8.222,59.982,"Pass"
110.688,51.86253252385078,3.077953165654813,35.61760163115452,17.79376162255394,4559.689,9.201,41.486,"Pass"
128.452,65.76260219987064,3.051564164045713,53.77619143397051,22.12052117133038,7335.118,8.793,58.196,"Pass"
175.221,58.502234321228656,3.156969541322101,43.94279313407482,24.257154295059298,6583.321,8.045,61.749,"Pass"
154.671,61.49698392070908,3.0790309754252574,41.216273009934355,20.888946322133137,8693.972,8.783,56.387,"Pass"
175.371,58.03654348020297,3.0707124895222124,42.277778058860044,21.63200175331247,7953.05,8.659,62.269,"Pass"
194.842,65.60921726892109,3.102279795937221,55.260984477100415,23.019044901341122,8805.657,8.206,56.429,"Pass"
75.72,70.32452896636738,3.2414833597464336,56.616309921217834,23.208468063275106,3760.825,8.789,62.754,"Pass"
132.135,60.14461640662123,2.855610398456124,40.96987851639563,20.103891536581045,6617.087,8.135,57.928,"Pass"
113.448,77.48897194211344,3.1322360905436857,59.47891875768295,21.93346425478977,7089.774,7.584,61.445,"Pass"
145.035,58.40720439127725,3.005756127831213,39.830148649536895,20.4915796048429,8815.753,7.784,61.875,"Pass"
143.139,103.89284386350184,4.197256093727076,68.25255378836563,29.919718012120306,4418.082,9.954,60.028,"Pass"
121.254,60.3041182604743,2.9910158840120737,46.77240538661448,19.07882870268632,5276.761,9.02,53.628,"Pass"
162.969,60.03363966289427,2.989690554645362,42.10112585144281,18.657245227198633,5184.969,9.427,41.64,"Pass"
176.03,53.256692356732174,3.1632717150485714,35.70984632590155,19.663186107487398,8610.526,8.6,42.379,"Pass"
138.486,58.29710825161635,2.9627277847580262,39.745747387789734,20.413858335325077,8684.458,8.142,60.251,"Pass"
73.657,62.70478931624517,3.1333298939679866,46.56648362092975,23.7714595772555,5140.717,8.209,60.76,"Pass"
152.173,63.950459893235504,3.0814275857083713,46.46953283517818,21.98758113761254,6412.333,8.682,57.066,"Pass"
162.908,65.63936564059338,2.8109116802121448,52.783186637249585,20.566794325214065,9949.836,7.811,61.96,"Pass"
139.436,59.03544756495219,2.837451447258957,45.436992866102756,17.85302443128709,5316.345,8.843,52.904,"Pass"
177.796,64.9235953314786,3.0494346329501223,54.46408360062139,21.311202917962735,8488.706,9.013,58.711,"Pass"
180.314,68.34321116373542,5.201039076278049,45.99268303547828,21.0418997437356,6749.535,7.85,58.195,"Pass"
111.655,73.81816010627983,3.6090600510501094,56.15987992009916,24.235487099342805,5064.52,7.529,62.394,"Pass"
170.654,60.696718376233605,3.1341226106625095,42.634717339817534,19.88012861304228,6889.22,9.19,41.134,"Pass"
207.014,59.5645919814334,2.8313911136444876,48.962449063003625,20.952044773868966,7191.974,8.078,52.511,"Pass"
204.163,60.84474986489558,1.7046144502186977,49.771687373550435,21.642578336286572,7581.557,7.973,59.339,"Pass"
164.188,58.820295433689886,2.900557897044851,39.33016588513832,22.03760277264152,7686.967,8.081,59.784,"Pass"
149.925,64.04090934356063,3.0298925462731363,39.64197497322627,19.735954478532168,6523.709,8.84,58.699,"Pass"
111.436,68.89195990922548,3.0244186797803216,54.38529247028769,23.419006643364188,5561.9,9.116,60.597,"Pass"
115.234,56.13123441576854,1.557740250273357,47.7625081938597,20.177718737790382,4913.876,8.062,59.734,"Pass"
196.551,55.145483869326576,3.16849672604057,46.5779133005835,19.187814947416136,7344.117,8.568,42.051,"Pass"
160.112,61.30022872877879,3.0887978415109427,43.964495649406096,23.423921875052844,6978.401,8.172,61.425,"Pass"
141.121,63.82258251193424,3.3487109643497424,43.209022966221326,20.15970457376459,4883.193,8.317,55.801,"Pass"
124.661,61.630911922021475,3.2031368270750273,43.415857117040545,21.266182417439374,9116.36,8.425,61.872,"Fail"
135.511,62.100329698532114,3.379209067898547,45.13413659914217,20.801197862648216,6870.215,8.249,57.815,"Fail"
176.629,56.71602939243026,0,49.79415883130636,18.68319413542157,7254.221,8.781,41.102,"Pass"
158.036,62.27475596277647,3.268456301095952,49.488019926503675,21.469064857285723,7913.792,8.189,62.022,"Pass"
101.534,65.17926124363373,2.9585707250773137,39.954654947468235,22.00088637230131,4664.716,8.845,58.175,"Pass"
171.645,64.35717129346428,3.0093143406449356,47.386676219922926,23.574206122339895,6825.758,8.034,56.126,"Pass"
162.274,67.00940658666477,5.937264626495926,54.100629885302794,22.828043056940604,7669.764,7.399,60.544,"Pass"
170.512,58.218229020049385,2.6855587876513085,40.93338052702221,19.523012631492925,8197.219,7.688,58.161,"Pass"
259.334,61.747587624025016,2.2601648838949,50.05496699553644,22.268412978909137,7677.03,8.322,58.224,"Pass"
200.544,63.433483148059544,2.758334131163236,57.98613754165149,21.663886213771846,3907.732,9.65,60.63,"Pass"
169.335,49.111432630256225,3.0287323943661972,41.92337465506666,18.00374539559982,5912.702,9.052,41.955,"Pass"
166.683,64.1421940649816,3.164832886377135,46.751778897061094,20.137893295329253,6737.403,8.661,53.432,"Pass"
107.871,62.70767861612488,3.2262535806657957,44.16756258417266,21.799996774622798,5372.977,8.042,59.625,"Fail"
152.974,60.20331704879402,2.921607070482566,45.610595073714585,17.98357740851417,5170.542,8.748,63.108,"Pass"
136.024,66.89179033765289,3.9589625360230536,59.885330631505134,23.868912667411223,4868.67,9.583,57.817,"Pass"
165.346,53.42663263701567,3.190423959454719,36.27436077971928,18.77516824518449,7863.642,8.632,41.717,"Pass"
202.781,67.12331694455271,3.016954842909346,56.765793050581394,22.7352842096155,8406.404,7.961,57.186,"Pass"
160.103,63.776443914230256,3.134734014977858,45.70967033404484,21.088925317233237,7945.632,8.255,58.581,"Pass"
124.276,68.43711666863369,2.9772390485693143,54.536090162218414,21.807911096039028,5095.722,8.773,57.012,"Pass"
200.62,63.181371082976156,4.7659104775196885,45.91878648780609,19.795770395557795,8109.193,8.375,58.183,"Pass"
98.14,60.90120689264774,3.2101993071122883,44.48127152420074,22.09118743396304,5601.457,7.404,60.117,"Pass"
165.264,61.274808790783275,2.9481731048504205,42.611758161676946,20.464384362998647,8150.204,8.124,43.863,"Pass"
187.321,70.57574964899821,3.168167583986846,57.51415590312176,22.030934799381434,8711.527,8.357,59.524,"Pass"
154.403,55.13853717580334,3.036923375841143,40.28379888004879,21.09213074872723,6459.904,8.556,59.321,"Pass"
122.526,82.9298634122101,3.4383428823270163,62.39980274380902,27.59397479345651,4416.416,9.946,59.142,"Pass"
147.106,58.242370958507685,1.6435887047435183,49.46210343811552,21.185855181754096,7728.065,7.678,60.374,"Pass"
185.159,66.52743497930612,5.163869755183383,45.99283540207395,20.359875690591622,8481.202,8.195,58.812,"Pass"
171.54,60.99212363815378,3.0325120671563486,47.52969958394918,18.24443094999168,7909.648,8.344,40.718,"Pass"
260.326,66.37550182804985,2.7581515484431054,58.916341533691465,23.940550803095224,6580.568,10.048,59.576,"Pass"
192.603,68.02247801609187,3.176384168470896,56.00379297980494,23.51691843553999,9277.977,8.027,57.227,"Pass"
137.349,60.78874497326767,2.693862787497543,51.27327596618149,20.15324483704168,5853.298,8.697,58.28,"Pass"
166.924,62.50274908874026,2.962747118449115,48.322746684331456,19.26781619815523,7377.393,8.785,53.956,"Pass"
102.923,90.8813168852228,4.8406766223293145,59.56639588072729,26.686962976864987,6729.545,7.709,56.275,"Pass"
99.689,70.79891796821455,3.123570303644334,53.3419801104147,23.572175732649107,4741.665,8.633,59.998,"Pass"
68.48,68.01749091381106,3.2097196261682233,52.218783718087,21.971033460314267,5146.853,8.016,59.226,"Pass"
119.58,65.7409265763506,3.553685900652283,45.3591121180495,19.144598374090403,5320.396,8.447,52.936,"Pass"
143.907,61.12382765721385,2.4692747399362087,57.366547707789145,20.16944324772133,6681.067,8.123,60.58,"Pass"
200.633,60.918193916255106,2.921441637218204,47.14106927084118,18.649400579596456,6911.669,9.475,53.25,"Pass"
166.272,60.01161416901895,3.040461893764434,44.637851013189305,19.437793966598164,6755.611,8.441,62.063,"Pass"
122.607,73.77849551820039,4.87025765249945,33.64235157502359,24.181330983968614,7266.766,8.332,41.633,"Pass"
176.564,56.280354117738916,2.655751342289481,43.20886488981355,21.189442288928337,8751.547,8.363,60.759,"Pass"
214.762,57.909965450126236,2.6610115383540847,44.76965197671621,20.37647760911752,8201.945,7.439,60.211,"Pass"
164.188,58.820295433689886,2.900557897044851,39.33016588513832,22.03760277264152,7686.967,8.081,59.784,"Pass"
141.375,58.29925925925931,3.135395649867374,47.331523544696104,19.68112909069311,6290.95,9.22,41.573,"Pass"
145.938,67.70826576278202,5.622885334868233,48.39878681106125,21.793800218805263,5899.123,8.992,40.72,"Pass"
202.037,55.964006592851774,2.8286113929626753,39.364985580339166,20.90673798210123,8086.125,7.599,59.608,"Pass"
199.587,72.21036996954273,2.9918165010747204,59.90085593550387,21.752685516150528,8265.285,8.648,57.61,"Pass"
114.888,70.73845832462926,3.411840401086275,48.60101554981868,21.34310795850524,7553.583,7.751,61.502,"Pass"
194.842,65.60921726892109,3.102279795937221,55.260984477100415,23.019044901341122,8805.657,8.206,56.429,"Pass"
183.982,62.357162959178424,2.887169397006229,46.1410157356845,19.32104889746505,6791.658,8.286,58.619,"Pass"
133.115,72.90938912469174,2.31170221237276,59.29339922270103,22.456268400083164,7197.662,8.599,60.044,"Pass"
170.059,64.09646064013083,2.994296332449326,51.71489271319396,23.313227496949228,7726.549,8.297,61.882,"Pass"
89.484,59.552421537804456,4.298565106611237,54.11866034387141,21.906338147525684,4976.099,7.715,60.115,"Fail"
156.319,54.35497639797826,2.976264689513111,40.045571858985305,20.92064859487307,5503.624,8.269,58.754,"Pass"
161.367,62.910425716947564,3.06477532581011,40.79347144852211,21.33723066870372,8139.19,8.238,58.519,"Pass"
155.569,63.03055235940322,2.9199688884032162,43.806938231531134,22.580711744056714,8646.441,8.03,*,"Fail"
206.476,72.07853051524962,2.8742532788314383,60.91092779248411,22.66425644201095,8497.386,8.246,58.308,"Pass"
169.335,49.111432630256225,3.0287323943661972,41.92337465506666,18.00374539559982,5912.702,9.052,41.955,"Pass"
200.218,71.12713808615281,4.372948685932333,54.370176615869305,21.183586762960427,8772.602,8.357,58.816,"Pass"
123.669,66.6991368536623,3.0510967178516846,39.81101887301032,21.78059338170753,6230.132,8.244,60.538,"Pass"
168.687,72.1152588324333,5.320642373152642,52.578786361755675,20.157703908889516,8024.997,8.251,58.063,"Pass"
201.515,66.11607076396304,2.981371312309258,54.91948642899735,21.910091407313196,8043.65,8.122,58.162,"Pass"
186.846,62.826570187926656,3.1566153944960025,42.705533208076275,20.40992236455548,7437.126,9.049,41.957,"Pass"
163.891,65.21319386394352,3.241100487519144,48.161466405141624,19.370533730189564,8431.063,8.999,40.708,"Pass"
150.134,58.5019604708683,2.903671653323032,39.5192169760901,21.890565268141053,8972.849,7.792,61.746,"Pass"
202.781,67.12331694455271,3.016954842909346,56.765793050581394,22.7352842096155,8406.404,7.961,57.186,"Pass"
188.783,62.739582836731486,3.0660116641858646,41.253624370086214,20.12773882019862,8302.146,8.055,56.273,"Pass"
172.56,67.93226188636476,5.498436717663421,46.790585082713704,21.39072643428129,8515.658,8.119,58.444,"Pass"
125.55,61.78832691712029,3.20963440860215,40.9876158087504,19.971399689823134,5166.795,7.318,56.124,"Pass"
79.482,64.75769496377931,3.5489635389144714,45.43652564948254,17.581645745901394,4499.64,8.539,53.743,"Pass"
83.313,62.59060544106101,3.0340023765798856,49.35382665599864,17.746818125638928,4408.841,7.892,52.802,"Pass"
182.937,60.03159557661924,2.8836366618016034,47.40315794636561,18.880014349246828,6593.679,8.431,52.967,"Pass"
193.818,56.316636111082495,2.5705401975048754,47.81632342540958,18.020568291942432,10815.26,8.873,41.916,"Pass"
179.239,65.43367607868085,2.922692494379013,55.11199194015443,22.790744562359052,9324.818,8.096,56.533,"Pass"
86.271,73.1694312109516,3.0573648155231767,61.048991962079626,22.48106964159456,5760.23,7.687,62.081,"Pass"
147.106,58.242370958507685,1.6435887047435183,49.46210343811552,21.185855181754096,7728.065,7.678,60.374,"Pass"
151.545,63.593432093877475,3.6018386617836287,39.470672539455144,18.653020026856318,7224.126,9.01,41.732,"Pass"
79.482,64.75769496377931,3.5489635389144714,45.43652564948254,17.581645745901394,4499.64,8.539,53.743,"Pass"
207.014,59.5645919814334,2.8313911136444876,48.962449063003625,20.952044773868966,7191.974,8.078,52.511,"Pass"
225.061,58.01378292996117,2.7345674283860824,46.54969421740079,17.933177335750806,7334.008,8.58,52.983,"Pass"
159.898,66.45451753270493,2.9325575054096986,56.05860343595898,23.424178761438963,8919.098,8.512,58.068,"Pass"
187.224,63.591419903431245,2.4458402768875787,59.22998904556303,21.153471283646663,8235.351,8.311,62.82,"Pass"
176.971,67.02295856383255,5.175085183448134,46.247742732173506,20.500486214703894,8335.667,7.859,59.104,"Pass"
54.256,104.86238081195316,6.954550280153346,72.56350181411527,20.453465025539487,7678.598,7.993,60.916,"Pass"
183.992,60.285229792599736,3.106027218574721,42.65986246013126,21.554206973429228,6237.373,8.043,61.3,"Pass"
185.159,66.52743497930612,5.163869755183383,45.99283540207395,20.359875690591622,8481.202,8.195,58.812,"Pass"
197.283,60.29463596288923,2.878204406867293,47.662034936757564,18.031006422673826,7204.408,9.167,53.65,"Pass"
124.471,62.311899514300116,3.1197319857637513,50.00940964946272,24.065166233825266,4498.29,9.087,58.215,"Pass"
141.048,57.24724128586647,2.805022970903522,42.97174971388053,21.83235435901867,9409.085,8.285,61.411,"Pass"
252.185,63.08931053701763,2.469501358129944,52.32097971228227,22.17699951006469,10117.485,8.103,54.548,"Pass"
126.404,64.54280631063017,3.2459124711243317,47.108246615186914,22.14253147778355,4264.142,9.542,61.082,"Pass"
137.993,59.78878155655243,2.7874805243744247,44.25439017137635,23.23820890857444,6665.547,7.848,60.387,"Pass"
123.669,66.6991368536623,3.0510967178516846,39.81101887301032,21.78059338170753,6230.132,8.244,60.538,"Pass"
82.282,61.135309734274315,3.02749665783525,45.091186328264264,23.472360053443552,5357.326,8.267,59.978,"Pass"
148.671,62.54689138358454,3.4497003450572072,48.34556091838078,18.86400411794746,4965.693,8.72,52.924,"Pass"
114.054,67.27047421981406,3.17983271082119,52.222027763848835,19.543349518572715,7046.104,7.886,59.918,"Fail"
173.434,67.42891628323557,2.914905266556731,59.88853161342168,23.266913223437996,3559.423,9.189,58.338,"Pass"
98.14,60.90120689264774,3.2101993071122883,44.48127152420074,22.09118743396304,5601.457,7.404,60.117,"Pass"
132.698,65.15747537013867,3.174775806719016,40.46164485130793,18.795040564341214,7152.934,7.828,58.801,"Pass"
166.975,61.075676664836784,3.5322710585416983,42.76536385588713,20.746752331281847,6835.499,8.998,55.254,"Pass"
195.248,57.81092081182219,2.8894403015651893,41.864732214343505,18.553309490128918,7273.34,9.125,43.665,"Pass"
153.799,60.909195335036806,3.19176483592221,39.755641581228765,21.205588087059954,8529.235,7.665,61.845,"Pass"
132.844,56.66496040468525,2.7024877299689867,43.166086520020876,20.997212969933152,7456.174,7.869,60.541,"Pass"
277.463,59.78126412851048,1.8616311364037725,52.27781184013002,22.034226344128264,8856.169,8.273,57.266,"Pass"
98.049,60.151352894981116,2.9142783710185722,43.1082029675016,24.50553344451911,5462.024,7.613,58.901,"Pass"
205.887,60.82551216066198,2.81130367628845,48.87432874519664,19.80725412498902,6585.816,9.243,53.478,"Pass"
82.12,64.96833901607398,3.0780789089137848,58.193338182813626,24.057162590875546,6150.763,7.479,62.813,"Pass"
260.326,66.37550182804985,2.7581515484431054,58.916341533691465,23.940550803095224,6580.568,10.048,59.576,"Pass"
212.85,67.45778195390604,2.753758985200846,56.77168751544475,24.31515645774252,8370.648,8.393,57.914,"Pass"
190.225,62.577532454257444,2.850189407280851,51.5544839649998,20.655373823791386,8535.712,8.298,58.684,"Pass"
184.474,61.26309880464934,2.859610785259712,45.983827176933396,18.93405757958109,8646.392,7.9,53.483,"Pass"
193.55,58.49048480151559,2.801225936450529,49.15629297322652,20.57227198276633,8658.698,8.791,57.916,"Pass"
220.257,60.489993255353774,1.5135308298941685,43.690919520495065,22.491822024364147,9050.148,8.597,59.264,"Pass"
110.913,68.07189218376372,2.906563522761083,57.42976266673696,22.15874419083755,7514.116,7.924,61.459,"Pass"
166.41,68.31495169227283,5.613585722011898,45.498608310186995,17.761205197976814,9668.967,8.116,58.855,"Pass"
140.967,63.73028202818159,3.248419842941965,48.856747258440606,19.417894500527552,5524.363,9.282,53.043,"Pass"
188.645,59.18235604206613,2.5439325717617747,51.81717528825713,21.445623332192028,6926.001,7.738,68.06,"Pass"
197.707,67.60246222946083,4.558192476745892,51.35142897719401,19.976927428922927,8079.985,8.048,58.022,"Pass"
92.328,63.296508101550934,2.975825318429945,43.917912314339695,18.658202591260345,3647.396,9.642,42.356,"Pass"
135.511,62.100329698532114,3.379209067898547,45.13413659914217,20.801197862648216,6870.215,8.249,57.815,"Fail"
118.03,68.10989673058644,3.1658283487248995,55.05186963399442,23.185869443498646,5751.221,8.841,58.166,"Pass"
183.982,62.357162959178424,2.887169397006229,46.1410157356845,19.32104889746505,6791.658,8.286,58.619,"Pass"
151.451,73.6014361814126,3.6282626063875445,43.00784633681638,22.37574739829863,7643.398,8.285,58.871,"Pass"
168.492,53.675057437610015,3.2830482159390355,37.27719030608726,19.16227512413407,7027.905,8.361,42.2,"Pass"
181.359,62.109774903184714,3.0299240732469848,41.410525379840124,18.799012221654397,7969.463,7.938,58.043,"Pass"
143.167,66.37407906694828,2.814682154407092,53.033135967150436,21.880237800445304,7373.022,9.019,58.116,"Pass"
92.62,69.14093428345217,3.243311595767653,53.428080345889654,20.56850951846888,4945.741,8.864,61.536,"Pass"
160.133,66.73819987135698,3.3400395920890755,51.92718692472641,21.677317840949655,8542.894,8.381,59.451,"Pass"
149.141,59.35595622039999,2.8984416089472376,43.754595840590355,21.24328883342082,7734.914,8.141,59.111,"Pass"
133.856,56.41908717826127,2.8462634472866366,43.83283000047191,15.74809431510417,5223.379,8.04,64.998,"Pass"
165.046,57.489023262201705,3.040851156647238,44.15428336340637,21.170762485701488,7091.153,8.224,63.005,"Pass"
166.272,60.01161416901895,3.040461893764434,44.637851013189305,19.437793966598164,6755.611,8.441,62.063,"Pass"
145.938,67.70826576278202,5.622885334868233,48.39878681106125,21.793800218805263,5899.123,8.992,40.72,"Pass"
171.357,57.28881808154909,3.0785076769551285,42.023554294024855,20.307830423438386,8129.542,7.949,58.683,"Pass"
208.365,60.47234420368099,2.830614354618098,47.85206614530371,19.571694526583702,7251.815,8.867,54.092,"Pass"
154.053,58.17622650790454,2.9249237600046727,47.33917949837854,19.904361777027454,7782.583,7.556,64.366,"Pass"
59.373,73.44011587758742,3.0850386539336063,59.471746304478216,22.059967316000314,4843.338,7.061,62.419,"Pass"
111.655,73.81816010627983,3.6090600510501094,56.15987992009916,24.235487099342805,5064.52,7.529,62.394,"Pass"
146.54,74.17506027933221,4.099843319230244,60.98318284874918,22.14264013752406,8161.722,7.837,60.275,"Pass"
219.068,59.76875774746761,2.7424865338616318,48.26204143717553,18.690133753102607,7134.358,9.163,53.495,"Pass"
99.238,67.25873377357694,2.99010620931498,53.62621589887784,22.300284096636947,7864.177,8.118,61.607,"Pass"
148.989,66.12233117881192,2.9751629986106356,55.33104655715346,23.152077483962252,8839.98,7.872,57.124,"Pass"
119.481,69.00247273160127,2.7594546413237255,59.547366146294564,22.29437601753443,7168.142,8.228,61.319,"Pass"
226.601,66.46640276668394,3.9123089483276767,51.5068296332504,18.8840562613686,10744.974,8.078,56.371,"Pass"
58.033,62.19943825065054,2.9037713025347642,58.72423716528367,23.527481757436632,3444.58,7.802,62.846,"Pass"
201.747,58.44172266364423,2.7963609867804724,42.306541961937235,19.335646212308944,7273.546,7.825,43.018,"Pass"
208.5,58.05378097521988,2.7585012949640286,40.1199324973968,19.805000284824345,7571.601,8.023,57.646,"Pass"
152.404,63.11242924507674,3.028682711739849,44.404181099395146,23.396467070423064,8441.513,7.154,61.214,"Pass"
157.049,62.892119303175775,2.9391041012677572,39.64185862260803,19.243904867392324,6770.163,8.544,57.727,"Pass"
179.844,54.526589711082906,3.09618736238073,37.11012396956559,19.482614305080986,7024.396,8.557,41.453,"Pass"
139.436,59.03544756495219,2.837451447258957,45.436992866102756,17.85302443128709,5316.345,8.843,52.904,"Pass"
166.836,62.187137867926225,3.0521412644752934,45.9622359734644,18.68982956377791,6138.657,8.341,52.643,"Pass"
162.143,68.62792582953179,3.773096094188463,43.908275820937995,22.818245089482247,9393.657,8.128,61.71,"Pass"
200.736,55.61032068654025,2.846944045911048,46.57148485919577,20.40676665841628,7694.521,9.206,41.842,"Pass"
153.237,71.97195629428062,4.064104622251806,60.523946662066514,22.736516279771582,8118.711,7.789,60.867,"Pass"
131.156,64.5813297820069,3.3517582115953517,42.243289852785274,20.22801897938011,5126.812,7.216,57.407,"Pass"
177.391,73.58343997158825,3.118350761876307,58.55666984043835,23.20444265262286,9564.7,8.126,57.936,"Pass"
218.864,65.19275288154597,2.661352438043717,49.59625192600923,23.589631506998952,9732.736,8.482,58.907,"Pass"
108.504,64.37653092154315,2.802282680822827,54.97800636664204,22.087608848413524,4887.587,9.163,56.194,"Pass"
204.794,60.92718645186008,2.862083850112796,41.57895240161245,20.096316898696735,8885.063,7.786,57.369,"Pass"
118.486,79.20487558773945,2.9990540654592106,42.09565511810304,20.35158591517981,7670.91,8.439,62.202,"Pass"
196.17,58.970960561417876,2.8571855023703927,46.96489274406944,16.837452463109045,7606.493,8.714,53.655,"Pass"
189.411,60.18962878490568,2.8237565928061197,41.40576532950551,20.040282432674026,9195.401,7.967,59.176,"Pass"
64.844,75.87759340365604,8.361255937326508,63.0454651032934,22.551313926288195,4816.356,7.487,59.685,"Pass"
92.62,69.14093428345217,3.243311595767653,53.428080345889654,20.56850951846888,4945.741,8.864,61.536,"Pass"
175.371,58.03654348020297,3.0707124895222124,42.277778058860044,21.63200175331247,7953.05,8.659,62.269,"Pass"
207.331,51.72135377729328,2.067289117401643,42.51107307574441,17.32438329526056,7175.137,8.749,41.594,"Pass"
128.03,53.62645907643178,3.204688901038819,38.83818904197347,19.06337998754647,7039.348,8.64,42.884,"Pass"
166.975,61.075676664836784,3.5322710585416983,42.76536385588713,20.746752331281847,6835.499,8.998,55.254,"Pass"
72.63,59.4678966450962,3.0767583643122673,44.18893362819786,21.969378356212694,3849.303,7.337,59.674,"Pass"
137.166,57.686404308161926,5.368206115218056,43.084710964424,20.90217984177465,9243.752,7.223,63.2,"Fail"
139.436,59.03544756495219,2.837451447258957,45.436992866102756,17.85302443128709,5316.345,8.843,52.904,"Pass"
197.283,60.29463596288923,2.878204406867293,47.662034936757564,18.031006422673826,7204.408,9.167,53.65,"Pass"
59.373,73.44011587758742,3.0850386539336063,59.471746304478216,22.059967316000314,4843.338,7.061,62.419,"Pass"
127.884,56.71937067967851,2.8359500797597827,42.88902758480451,20.144008736262418,8512.266,7.007,59.882,"Pass"
122.326,67.77245502455196,3.324174419174992,54.909640475164586,21.577998841466982,6449.573,8.537,57.95,"Fail"
174.901,69.15983581823109,3.5397615794077795,46.105513339072175,18.87825429892682,7953.603,8.791,40.223,"Pass"
129.566,64.74203623378565,3.2232456045567504,43.283922528808915,20.093546558268326,5499.031,9.634,41.653,"Pass"
204.527,59.60223670550421,2.9732884166882614,43.65873841378565,21.308526505355744,6978.048,7.726,41.144,"Pass"
107.822,70.46519057129143,3.1937437628684306,53.670309833757656,22.801263107770524,6433.659,8.225,61.107,"Pass"
145.938,67.70826576278202,5.622885334868233,48.39878681106125,21.793800218805263,5899.123,8.992,40.72,"Pass"
143.59,49.13136940826889,3.7503581029319584,38.12644007747001,18.92377551835331,6746.847,8.692,42.762,"Pass"
189.763,68.05148176058202,6.177575185889768,57.03226163798417,22.23349025234549,8377.102,8.122,60.177,"Pass"
128.853,68.45613045701525,6.3115792414611995,45.94125712647545,20.401713600690993,6287.127,8.295,57.785,"Fail"
95.545,63.56855699176077,2.7606041132450674,54.14217475612401,19.84434448032251,4032.26,8.699,61.845,"Pass"
250.048,64.3385981002759,2.490606603532122,52.01806680332896,23.213642212646732,9313.386,8.035,57.13,"Pass"
188.783,62.739582836731486,3.0660116641858646,41.253624370086214,20.12773882019862,8302.146,8.055,56.273,"Pass"
142.145,60.21156799981244,2.9895512328959866,42.117956818787945,20.45995785626926,6447.079,7.909,42.108,"Pass"
68.563,62.29116125153352,5.1827650482038425,49.830439253869166,20.6048713788085,4901.606,7.559,62.134,"Fail"
128.167,71.60407905311037,4.287406274626074,59.6332566813017,23.079241505990804,7785.966,8.441,60.528,"Pass"
220.257,60.489993255353774,1.5135308298941685,43.690919520495065,22.491822024364147,9050.148,8.597,59.264,"Pass"
192.603,68.02247801609187,3.176384168470896,56.00379297980494,23.51691843553999,9277.977,8.027,57.227,"Pass"
120.929,80.07569179711517,4.51372822069148,44.23459089208432,25.525197019703793,7843.113,7.947,61.807,"Pass"
199.942,60.3270726288401,2.8032833521721296,47.7739153630918,17.58247591736628,6560.773,8.818,53.732,"Pass"
121.521,64.66626252984172,3.316049077937147,45.665938586733866,22.395984288333064,5440.88,8.346,60.054,"Pass"
168.357,61.43690689031845,3.2204023592722604,44.829537983751685,19.425540372125354,6705.483,7.653,64.053,"Pass"
106.902,55.742892243986745,3.872328674861087,50.86393258285123,21.410148946342932,5611.672,8.005,60.016,"Fail"
128.64,57.99231274184638,2.9901492537313437,44.28583465025623,20.930795562024503,6932.659,7.2,60.396,"Pass"
201.715,62.320644914304346,2.9057710135587342,49.99682334104404,22.67771608384718,6621.362,8.226,60.455,"Pass"
116.32,64.98349381017889,3.1178872077028883,50.878971333531936,23.22415892880899,6343.028,8.339,61.973,"Pass"
110.688,51.86253252385078,3.077953165654813,35.61760163115452,17.79376162255394,4559.689,9.201,41.486,"Pass"
198.417,76.03488276374163,2.990995328021288,60.33318683676854,23.790526135559713,8027.797,8.545,60.699,"Pass"
150.796,69.13065775396338,3.7169028356189813,46.46420532181712,19.07709768193293,9731.258,7.192,59.754,"Pass"
59.373,73.44011587758742,3.0850386539336063,59.471746304478216,22.059967316000314,4843.338,7.061,62.419,"Pass"
118.782,67.8644912528835,3.515878163358085,48.79642876064341,20.90997379484544,6578.738,8.085,58.198,"Fail"
193.79,63.89656615695108,2.9300830796222717,51.52564615462247,22.475630042840198,8420.682,8.804,55.675,"Pass"
193.912,58.83232256556243,2.9282396138454554,44.98274680479464,21.29088227143348,8321.844,8.146,58.523,"Pass"
116.32,64.98349381017889,3.1178872077028883,50.878971333531936,23.22415892880899,6343.028,8.339,61.973,"Pass"
166.846,65.46300181005233,3.227610610982582,48.32856826119963,19.497170729974243,6583.407,8.64,54.006,"Pass"
120.58,68.27664436704083,6.319280809421129,46.30583492490105,21.81449656099827,5463.869,8.367,59.361,"Fail"
157.267,64.14265053839797,3.587258865496258,43.94258020091218,19.719705870892213,5600.896,8.586,65.325,"Pass"
187.037,65.84365660270434,5.014088977047321,46.30176906801615,19.308349628433973,8376.879,8.342,57.908,"Pass"
144.877,62.25431074482334,3.059606148664039,47.36732927466253,20.573529325101504,5864.931,9.055,54.037,"Pass"
156.568,59.94900334394999,4.53918961729089,49.00002391442364,21.928570632063206,8255.45,7.757,61.756,"Pass"
110.806,61.707408543861405,3.0416143530133746,46.11799095505027,18.707594729107132,4696.567,8.861,53.598,"Pass"
111.655,73.81816010627983,3.6090600510501094,56.15987992009916,24.235487099342805,5064.52,7.529,62.394,"Pass"
145.324,57.34799482535581,2.7224882331892877,43.15672483431118,21.325003625158597,9364.093,8.229,57.276,"Pass"
161.721,61.085903088240514,2.9901096332572763,44.5166084919339,21.07209369699473,8784.551,7.638,60.084,"Pass"
184.147,63.906371902157936,3.441605239292522,54.91569333429353,22.314750277128688,7785.555,8.701,60.382,"Pass"
194.149,62.68467345526722,1.7925366599879475,49.95369064023109,19.540438592050986,7466.141,7.645,61.899,"Pass"
172.813,62.147909397248334,2.925379919334772,43.37225871679836,19.948218875958055,6908.571,8.751,59.141,"Pass"
118.843,67.14788044357314,0.5548537145645935,52.59355287260364,27.14127104452873,5002.575,8.948,60.256,"Pass"
190.221,66.15293673031783,4.987936347721861,46.02043984085729,20.851829256995348,8984.01,8.134,57.853,"Pass"
100.154,81.13871304857194,3.877190726281526,53.16694055502606,30.40710713865929,9269.293,8.143,59.667,"Pass"
198.659,73.2822575367842,3.94625483869344,62.91187588622165,21.91423002408595,8637.597,8.987,57.602,"Pass"
157.036,68.84050649391087,4.945568659415675,64.50956010828835,25.484038579484228,4308.801,9.793,59.164,"Pass"
160.103,63.776443914230256,3.134734014977858,45.70967033404484,21.088925317233237,7945.632,8.255,58.581,"Pass"
167.44,70.77122153209115,0.6126020066889634,56.50339222104387,23.954484833946843,7682.825,7.848,57.838,"Pass"
156.233,59.609002792837146,2.977903003846818,41.97905401065722,18.604972808203517,7233.826,8.539,41.714,"Pass"
214.762,57.909965450126236,2.6610115383540847,44.76965197671621,20.37647760911752,8201.945,7.439,60.211,"Pass"
115.268,72.42572864011603,3.559498906895235,47.64485917643428,27.868410740383524,7815.958,8.212,58.891,"Pass"
147.286,58.655269339923734,2.91007373409557,42.90032876224188,22.59899400918816,8831.593,8.167,62.123,"Pass"
229.323,56.1069757503609,2.747643803717899,41.69849689599257,17.539982417495125,7295.696,9.371,41.067,"Pass"
174.032,58.863120958597605,2.9469890594833132,47.08329685723472,21.524792374438878,7252.329,8.687,61.441,"Pass"
174.695,70.96207676235731,3.0406548556054838,57.911479758421116,23.28320031522427,5878.901,9.243,58.345,"Pass"
113.448,77.48897194211344,3.1322360905436857,59.47891875768295,21.93346425478977,7089.774,7.584,61.445,"Pass"
192.162,66.38467080437924,3.0311624566771784,55.72761350446111,22.233706787799946,8634.938,8.239,57.991,"Pass"
193.346,52.977735941438354,2.3683965533292644,48.998752633174846,20.569617494328405,9634.4,7.402,56.562,"Pass"
160.103,63.776443914230256,3.134734014977858,45.70967033404484,21.088925317233237,7945.632,8.255,58.581,"Pass"
149.141,59.35595622039999,2.8984416089472376,43.754595840590355,21.24328883342082,7734.914,8.141,59.111,"Pass"
219.069,51.39709913822177,2.792641222628487,40.68242380024209,19.15170069578908,6151.506,8.706,41.043,"Pass"
143.487,74.7935353028498,2.144600137991595,59.32367921768469,23.397928953738592,7410.172,7.727,60.897,"Pass"
155.704,72.98523694531501,3.0115480655602944,60.28140652777307,22.11831358015453,8298.098,7.839,59.129,"Pass"
162.274,67.00940658666477,5.937264626495926,54.100629885302794,22.828043056940604,7669.764,7.399,60.544,"Pass"
159.306,63.46427629844456,3.1964084215283792,46.56514535204486,24.624042295716624,7951.135,*,*,"Pass"
184.147,63.906371902157936,3.441605239292522,54.91569333429353,22.314750277128688,7785.555,8.701,60.382,"Pass"
55.926,70.92149546821786,3.4716961699388476,57.435684100192745,22.907307371044418,4787.485,7.189,61.51,"Pass"
154.225,53.403793159345156,2.541608169881666,44.71775382170729,21.438837416856277,7837.957,8.607,41.916,"Pass"
136.024,66.89179033765289,3.9589625360230536,59.885330631505134,23.868912667411223,4868.67,9.583,57.817,"Pass"
170.101,71.21230589146717,3.984230545381861,59.55976844808257,21.586119480566172,7974.508,8.514,60.44,"Pass"
130.808,65.38021799550152,3.3886808146290743,44.40126052655704,22.662283268359783,8998.677,7.748,62.394,"Pass"
74.826,61.94742172209904,1.811460187635314,49.418926802788725,21.106057506998354,4655.515,7.998,61.069,"Pass"
190.221,66.15293673031783,4.987936347721861,46.02043984085729,20.851829256995348,8984.01,8.134,57.853,"Pass"
140.967,63.73028202818159,3.248419842941965,48.856747258440606,19.417894500527552,5524.363,9.282,53.043,"Pass"
228.16,54.67329943899023,3.1148835904628327,49.60985639086365,21.40252777788557,8800.122,7.936,64.828,"Pass"
195.105,65.16173342559141,4.769193203659568,46.39478183837113,19.727674961690923,7945.459,8.147,58.123,"Pass"
204.527,59.60223670550421,2.9732884166882614,43.65873841378565,21.308526505355744,6978.048,7.726,41.144,"Pass"
254.291,59.51418737675434,3.687980148727246,45.77567304004178,19.66573476931752,11481.38,8.13,58.335,"Pass"
157.529,62.0197198258381,3.2557205339969153,44.75468782089456,21.034029721027018,7810.289,8.14,60.275,"Pass"
111.655,73.81816010627983,3.6090600510501094,56.15987992009916,24.235487099342805,5064.52,7.529,62.394,"Pass"
141.484,69.36200088584816,2.925840943145514,55.98019533814938,23.527586844400616,6638.87,8.05,57.244,"Pass"
172.281,56.334360724630145,2.976941160081495,42.05651395552123,21.5825664361369,9517.155,8.175,61.643,"Pass"
155.252,64.74835178362353,3.232681833406333,49.454071752401155,22.290575882186914,8257.895,7.078,67.695,"Pass"
101.534,65.17926124363373,2.9585707250773137,39.954654947468235,22.00088637230131,4664.716,8.845,58.175,"Pass"
166.41,68.31495169227283,5.613585722011898,45.498608310186995,17.761205197976814,9668.967,8.116,58.855,"Pass"
52.77,63.4125450066326,2.98511426947129,64.41109772611655,22.65585499255817,3891.471,7.693,60.687,"Pass"
131.621,62.871882146466035,2.78326406880361,50.911222582136816,19.053203738317805,6397.055,8.65,57.477,"Pass"
176.743,72.74998789831065,5.057398822018411,60.42546755475046,22.47229001963664,8702.5,8.801,55.981,"Pass"
132.585,63.351828805839475,3.343263265075234,40.513910540349144,21.975674860090667,6618.409,7.87,61.562,"Pass"
118.843,67.14788044357314,0.5548537145645935,52.59355287260364,27.14127104452873,5002.575,8.948,60.256,"Pass"
181.298,56.133780969576215,2.8894994980639606,43.629054343092555,17.634829798348356,7254.967,8.363,60.606,"Pass"
184.248,61.17441950221688,2.922766705744431,44.889367869526566,20.940564603603672,7826.015,8.739,60.407,"Pass"
161.375,55.25168086754459,2.9965206506584043,46.10833119592597,17.921347490096174,7065.867,9.082,42.243,"Pass"
143.031,61.93521373377492,2.9198078738175632,47.74502920384594,19.648097239402134,5539.543,8.036,54.558,"Pass"
194.842,65.60921726892109,3.102279795937221,55.260984477100415,23.019044901341122,8805.657,8.206,56.429,"Pass"
141.317,69.87293342862743,7.362130812287267,58.74835337486283,20.71963352886787,7502.855,7.299,59.842,"Pass"
188.645,59.18235604206613,2.5439325717617747,51.81717528825713,21.445623332192028,6926.001,7.738,68.06,"Pass"
67.3,70.59415552253598,3.1026971768202083,57.620828799123075,21.5281074183944,5364.977,7.455,64.15,"Pass"
136.792,61.56549115932711,2.999417509795894,41.400577063823334,19.228179737098856,7346.304,7.991,57.738,"Pass"
191.94,61.9446238986721,2.9774104407627378,51.78188277831978,22.12105095334204,7399.439,8.378,61.612,"Pass"
133.856,56.41908717826127,2.8462634472866366,43.83283000047191,15.74809431510417,5223.379,8.04,64.998,"Pass"
119.061,57.79181353349221,3.32302668380074,41.73915160794734,24.691640393697607,7197.153,7.846,58.956,"Pass"
154.053,58.17622650790454,2.9249237600046727,47.33917949837854,19.904361777027454,7782.583,7.556,64.366,"Pass"
147.701,63.03545676738812,3.125120073662332,48.52119046469036,20.11993542719752,5031.445,9.244,40.147,"Pass"
148.597,62.40987368520232,2.983011500905132,44.37263981661142,23.15856472960753,8134.585,8.328,60.817,"Pass"
118.843,67.14788044357314,0.5548537145645935,52.59355287260364,27.14127104452873,5002.575,8.948,60.256,"Pass"
76.096,69.39164564059429,2.9366190075693863,57.69248785129704,24.610224818627575,4553.675,9.542,59.336,"Pass"
124.188,75.85370567204568,3.362829258865591,51.93288297286962,21.907644680701114,6461.055,7.666,60.244,"Pass"
98.14,60.90120689264774,3.2101993071122883,44.48127152420074,22.09118743396304,5601.457,7.404,60.117,"Pass"
193.781,64.82261476156653,3.081456283123732,54.89880374462871,21.85552885108972,8396.618,7.66,52.499,"Pass"
74.74,55.758778580560815,2.8918683435911157,39.75211007620581,19.577645562374144,4003.9,8.778,64.679,"Pass"
118.486,79.20487558773945,2.9990540654592106,42.09565511810304,20.35158591517981,7670.91,8.439,62.202,"Pass"
132.659,65.80025143831601,3.0652497003595687,44.40992367562502,20.007715660536256,5655.11,7.939,57.159,"Fail"
207.36,66.0990226337449,4.505000000000001,46.423707122409816,20.216104533522934,8163.366,8.268,57.648,"Pass"
177.866,60.55092660267346,3.0070421553304167,39.55345578939993,22.973293148573504,7644.331,7.731,59.993,"Pass"
120.416,69.61514896506931,4.259154929577465,51.56292239342806,22.008269144007425,6979.281,9.205,61.186,"Pass"
124.471,62.311899514300116,3.1197319857637513,50.00940964946272,24.065166233825266,4498.29,9.087,58.215,"Pass"
133.115,72.90938912469174,2.31170221237276,59.29339922270103,22.456268400083164,7197.662,8.599,60.044,"Pass"
143.854,62.26525968458767,3.0558983413738927,44.62585007186533,22.520611240305715,11606.87,8.038,60.81,"Pass"
128.271,62.7080339454922,3.3129059569193355,45.68339645178719,20.878810807001827,6681.602,7.951,58.328,"Fail"
142.439,60.6107409721589,2.9319430773875137,40.655509237533764,18.50996660702873,8695.005,8.062,57.798,"Pass"
180.279,63.428636231125765,3.1496779991013932,43.74162984315426,20.193259642316047,7840.992,9.162,40.959,"Pass"
187.321,70.57574964899821,3.168167583986846,57.51415590312176,22.030934799381434,8711.527,8.357,59.524,"Pass"
145.008,62.62063702232525,3.536842105263158,45.22372478446283,20.439455884198303,7443.145,9.385,41.451,"Pass"
105.923,59.327687722842754,2.939735468217479,50.26856178466801,22.41583364083048,4891.366,9.229,59.717,"Pass"
188.496,49.528218694885325,2.8957677616501143,35.5545155181629,18.026147915329233,7783.704,8.648,41.949,"Pass"
185.159,66.52743497930612,5.163869755183383,45.99283540207395,20.359875690591622,8481.202,8.195,58.812,"Pass"
237.877,65.86717785522217,3.1262462533157898,58.70358738743133,23.197967013394383,6547.529,9.702,59.759,"Pass"
189.413,62.245768652509526,2.4369148896855024,56.73331573816825,20.966336122804986,7290.831,7.676,63.753,"Pass"
259.334,61.747587624025016,2.2601648838949,50.05496699553644,22.268412978909137,7677.03,8.322,58.224,"Pass"
218.041,64.77181406758878,2.789006471259993,57.125369849718055,20.267459109906188,8768.843,8.659,79.553,"Pass"
166.272,60.01161416901895,3.040461893764434,44.637851013189305,19.437793966598164,6755.611,8.441,62.063,"Pass"
177.06,65.0847672477629,3.0207305997966785,43.77927437432802,20.029097049954615,8758.664,8.203,56.857,"Pass"
196.724,67.07658106450329,2.830517476261158,52.61452191850006,22.053299336335513,7933.372,7.762,60.459,"Pass"
169.715,62.86248514666751,3.173048463600742,42.70461017247884,18.89159373661217,5934.806,8.912,41.943,"Pass"
138.687,66.05797387081869,2.9584338834930453,56.08775669385052,19.443735574820373,8792.277,7.965,62.224,"Pass"
183.926,51.49716008974629,2.9677187564564007,36.02136661700932,18.422115352413186,7096.184,8.579,42.577,"Pass"
137.397,60.989492735164006,2.8795598157165,44.77563702530592,20.334744610550874,4886.774,8.729,55.809,"Pass"
212.85,67.45778195390604,2.753758985200846,56.77168751544475,24.31515645774252,8370.648,8.393,57.914,"Pass"
160.393,59.488838872851936,2.969186934591909,46.25083770632508,21.721301505897475,6832.853,7.156,57.903,"Pass"
241.245,51.67598637622891,2.885193060996082,35.87425993019596,20.24112377489451,7464.878,8.509,40.806,"Pass"
145.088,65.93216990148514,2.9541596823996468,49.10439858984904,21.99902976769432,8256.118,8.468,61.31,"Pass"
173.313,61.45913270595211,3.06490107493379,50.434347673106856,20.964126682638284,7301.787,8.982,60.966,"Pass"
181.132,63.97476855430177,3.215744539893558,40.81475542113898,20.05554802082661,10298.586,7.811,62.074,"Pass"
218.864,65.19275288154597,2.661352438043717,49.59625192600923,23.589631506998952,9732.736,8.482,58.907,"Pass"
190.221,66.15293673031783,4.987936347721861,46.02043984085729,20.851829256995348,8984.01,8.134,57.853,"Pass"
159.362,62.48939869953668,3.103334546504185,44.95138455791113,21.107349527832056,6976.711,8.546,56.4,"Pass"
243.259,61.98098871299045,3.7648761196913587,57.2328070815132,22.659981722196367,6924.708,9.661,57.781,"Pass"
158.036,62.27475596277647,3.268456301095952,49.488019926503675,21.469064857285723,7913.792,8.189,62.022,"Pass"
193.733,69.79190718956269,2.987673137772088,57.01721644262723,22.56868440161926,8670.851,7.994,52.114,"Pass"
144.146,65.68041353134251,4.34583380738973,53.274454302484855,21.817859075736305,6961.181,8.965,61.65,"Pass"
175.334,62.409458519169185,3.113147706662712,45.20036959934598,22.2506822098311,7877.713,8.582,59.68,"Pass"
58.033,62.19943825065054,2.9037713025347642,58.72423716528367,23.527481757436632,3444.58,7.802,62.846,"Pass"
143.36,56.587239583333286,2.9642142857142857,40.86829091935969,18.245032764142277,4892.694,8.957,65.627,"Pass"
132.211,55.65472363620782,3.1033448048952046,42.93665587953182,17.936050661404593,4683.775,9.579,41.665,"Pass"
190.513,61.34751959183893,2.768965057502637,39.82321263809471,19.655160049450462,8913.358,8.717,57.49,"Pass"
171.645,64.35717129346428,3.0093143406449356,47.386676219922926,23.574206122339895,6825.758,8.034,56.126,"Pass"
156.319,54.35497639797826,2.976264689513111,40.045571858985305,20.92064859487307,5503.624,8.269,58.754,"Pass"
210.045,60.8251141951064,2.8254151253302866,47.80837981013455,19.208981394853325,7367.083,8.692,53.596,"Pass"
199.633,59.41271121396648,2.844323333316636,47.735599006151375,18.071068612619218,6997.088,9.055,42.417,"Pass"
150.796,69.13065775396338,3.7169028356189813,46.46420532181712,19.07709768193293,9731.258,7.192,59.754,"Pass"
200.646,59.43901199126826,3.3411823809096615,40.94835931073146,23.242589374238577,8423.589,8.133,57.447,"Pass"
218.864,65.19275288154597,2.661352438043717,49.59625192600923,23.589631506998952,9732.736,8.482,58.907,"Pass"
147.106,58.242370958507685,1.6435887047435183,49.46210343811552,21.185855181754096,7728.065,7.678,60.374,"Pass"
176.629,56.71602939243026,0,49.79415883130636,18.68319413542157,7254.221,8.781,41.102,"Pass"
200.633,60.918193916255106,2.921441637218204,47.14106927084118,18.649400579596456,6911.669,9.475,53.25,"Pass"
118.788,60.82965731667626,2.991429437316901,49.39449252998366,21.67218563966818,4746.849,9.307,60.485,"Pass"
133.856,56.41908717826127,2.8462634472866366,43.83283000047191,15.74809431510417,5223.379,8.04,64.998,"Pass"
92.328,63.296508101550934,2.975825318429945,43.917912314339695,18.658202591260345,3647.396,9.642,42.356,"Pass"
84.083,59.45477154187599,3.006218141598183,43.1366906607195,20.702513531893885,7675.857,8.072,61.048,"Pass"
166.914,53.097430080427365,3.094610158524749,35.926113660851826,19.713403955362786,7225.319,8.761,41.81,"Pass"
95.885,72.81138864264489,3.8205767325441933,43.57210395751242,22.39104203545977,6127.773,6.956,60.243,"Pass"
180.276,65.87735842079177,3.088767889236504,48.88443700971816,19.37932023288352,7735.742,8.254,57.276,"Pass"
166.091,54.85635384618477,2.9996625946017543,40.59400245993437,21.690579240784384,8312.521,8.349,62.23,"Pass"
146.54,74.17506027933221,4.099843319230244,60.98318284874918,22.14264013752406,8161.722,7.837,60.275,"Pass"
176.781,63.55185229181874,2.963330222139257,51.83517099598953,21.54309500307101,8206.065,8.891,61.591,"Pass"
174.907,70.66692585202428,2.0106831630523647,50.31946984362717,22.03272597212639,8295.666,6.915,59.405,"Pass"
146.54,74.17506027933221,4.099843319230244,60.98318284874918,22.14264013752406,8161.722,7.837,60.275,"Pass"
252.185,63.08931053701763,2.469501358129944,52.32097971228227,22.17699951006469,10117.485,8.103,54.548,"Pass"
232.161,56.58202712772607,2.5878206933981165,42.49845684689348,18.612701265727605,7227.994,9.199,41.343,"Pass"
65.835,61.62888703239586,2.8935174299384827,51.579026869000785,22.158197259538678,4865.482,7.882,60.029,"Pass"
68.619,65.23946234522028,2.9896699164954312,53.592727204954954,21.91318063898788,7852.683,8.142,61.89,"Fail"
151.805,64.85319982872768,3.2819535588419355,41.238585572507965,20.93513253516719,5986.293,8.229,54.924,"Pass"
104.604,77.76052753453241,3.852334518756453,48.909677814944956,21.004979093541046,8174.577,8.1,59.201,"Pass"
132.585,63.351828805839475,3.343263265075234,40.513910540349144,21.975674860090667,6618.409,7.87,61.562,"Pass"
152.074,61.40398022600113,2.9148083170035637,44.34917451808383,18.19238571429335,5834.659,9.081,40.518,"Pass"
160.918,61.47119789098931,2.913969102275693,48.70652388681916,18.468197561866575,7934.153,9.171,55.231,"Pass"
118.458,66.19966570430032,3.2780914754596564,44.80537610222881,22.733205349429042,6792.654,7.92,60.34,"Pass"
208.365,60.47234420368099,2.830614354618098,47.85206614530371,19.571694526583702,7251.815,8.867,54.092,"Pass"
137.939,98.25908553781014,8.418830932513647,60.169390638708705,26.766176227138022,7289.516,8.521,56.407,"Pass"
182.937,60.03159557661924,2.8836366618016034,47.40315794636561,18.880014349246828,6593.679,8.431,52.967,"Pass"
195.105,65.16173342559141,4.769193203659568,46.39478183837113,19.727674961690923,7945.459,8.147,58.123,"Pass"
221.033,46.45010775163291,2.5689412893097407,37.7253739302272,18.70806259434309,7342.689,8.242,41.958,"Pass"
192.925,62.67608886585178,2.9622089412984316,45.6607112317265,22.173578880927515,7278.59,8.328,57.167,"Pass"
173.427,64.25912151318235,5.428702105208531,54.922166546622385,19.90098060381152,8339.562,8.808,60.611,"Pass"
127.884,56.71937067967851,2.8359500797597827,42.88902758480451,20.144008736262418,8512.266,7.007,59.882,"Pass"
229.409,63.33787156466307,2.714676407638759,49.833661507391916,22.248675433713462,7828.26,8.294,58.428,"Pass"
110.162,56.85814225110902,2.8931239447359336,43.49646329109503,19.49510020887223,4927.366,8.809,61.972,"Pass"
123.669,66.6991368536623,3.0510967178516846,39.81101887301032,21.78059338170753,6230.132,8.244,60.538,"Pass"
147.286,58.655269339923734,2.91007373409557,42.90032876224188,22.59899400918816,8831.593,8.167,62.123,"Pass"
147.482,57.55962686218579,2.7571700953336684,39.57434227132151,22.626622631600352,10778.555,7.971,59.678,"Pass"
159.898,66.45451753270493,2.9325575054096986,56.05860343595898,23.424178761438963,8919.098,8.512,58.068,"Pass"
192.727,60.984086298235376,2.908228115417144,47.23354929678023,18.461326313656254,6098.412,8.999,53.437,"Pass"
159.362,62.48939869953668,3.103334546504185,44.95138455791113,21.107349527832056,6976.711,8.546,56.4,"Pass"
122.326,67.77245502455196,3.324174419174992,54.909640475164586,21.577998841466982,6449.573,8.537,57.95,"Fail"
202.812,60.80031424833513,2.763613987338027,51.278434118455124,21.172617812891076,8526.825,8.198,58.456,"Pass"
113.537,63.06343600177333,2.9039203079172426,51.332849788205095,19.465253093170798,8064.006,8.063,61.44,"Pass"
134.503,84.23470108473425,2.968753410704594,70.46427633386251,28.572452292091643,9940.666,7.219,58.111,"Pass"
176.587,47.60939366997568,2.925095052297168,36.97215888880961,16.63090852764533,6797.58,8.198,41.996,"Pass"
132.585,63.351828805839475,3.343263265075234,40.513910540349144,21.975674860090667,6618.409,7.87,61.562,"Pass"
140.028,63.04205825501571,3.0609101036935478,47.94701406716031,22.596834385543847,8338.103,7.74,61.043,"Pass"
149.751,85.37965615514355,4.476730572750766,59.556323871313815,27.006839929095094,7413.514,8.27,59.699,"Pass"
162.464,57.73404843192617,3.0666298995469763,43.95794099129664,18.702354206373236,6876.427,8.819,62.099,"Pass"
194.51,51.09363129002227,2.806234332425068,39.52870295706507,19.895641663008767,6678.13,8.393,42.67,"Pass"
93.141,60.95561210065033,2.910518890714078,49.697930814119786,20.89733300727999,4110.213,8.292,48.742,"Fail"
165.346,53.42663263701567,3.190423959454719,36.27436077971928,18.77516824518449,7863.642,8.632,41.717,"Pass"
176.841,64.26205838389671,3.2316270548119497,51.15379320910119,23.556268386598475,8134.25,9,59.718,"Pass"
192.191,69.71373963054121,4.002818029980592,54.57776416009877,21.57139243308422,7909.575,8.888,57.781,"Pass"
190.225,62.577532454257444,2.850189407280851,51.5544839649998,20.655373823791386,8535.712,8.298,58.684,"Pass"
170.819,61.58685183992669,3.088203537077257,45.34338498178064,18.653078734576145,6627.615,8.371,59.294,"Pass"
245.632,47.25113629784027,2.565211047420531,35.00408966290487,17.757057240975918,7136.054,9.121,40.524,"Pass"
94.558,71.80777935235513,2.8281613401298675,60.40323583234791,21.934592907051183,5179.008,7.983,59.607,"Pass"
176.743,72.74998789831065,5.057398822018411,60.42546755475046,22.47229001963664,8702.5,8.801,55.981,"Pass"
75.72,70.32452896636738,3.2414833597464336,56.616309921217834,23.208468063275106,3760.825,8.789,62.754,"Pass"
210.649,65.40316408390785,3.0086128108844563,40.27132928198216,21.30226539429176,8748.188,8.473,57.033,"Pass"
191.557,64.52162483693573,3.059859989454836,50.28830342589521,21.92349918975605,8512.33,8.392,59.013,"Pass"
128.65,59.084337349397636,2.819064438398756,40.10770905584029,19.230834709921755,4662.824,9.739,74.043,"Pass"
150.285,67.88198718730715,3.0226345942708854,47.67235759279158,19.75832314222643,5266.61,8.714,57.007,"Pass"
152.165,68.30737101903267,3.081589590247429,58.61143287651064,20.858089226871034,7853.539,7.817,61.002,"Pass"
118.993,57.99624067522184,2.893916785020968,43.486201794377976,18.372634389866842,4944.953,7.008,60.496,"Pass"
176.564,56.280354117738916,2.655751342289481,43.20886488981355,21.189442288928337,8751.547,8.363,60.759,"Pass"
153.214,69.34418525722198,3.1322213374756878,56.901359525632905,21.199455036428724,9279.741,8.495,60.012,"Pass"
181.507,67.06077451558349,3.088002556375236,55.476888793206804,24.10761340392086,8496.553,8.299,57.654,"Pass"
65.982,60.67149626665856,3.6088387742111485,57.78538549299536,17.788190754911263,4316.92,9.482,56.986,"Pass"
204.844,64.2961256153735,2.861385249262854,43.28981995117292,21.394987017860053,9040.785,8.212,58.227,"Pass"
52.77,63.4125450066326,2.98511426947129,64.41109772611655,22.65585499255817,3891.471,7.693,60.687,"Pass"
137.397,60.989492735164006,2.8795598157165,44.77563702530592,20.334744610550874,4886.774,8.729,55.809,"Pass"
169.018,55.261569773633624,2.6442741009833277,42.529676711383075,21.085822274607043,8984.521,7.074,61.041,"Pass"
202.71,64.01775936066308,2.8734361402989492,43.599116201997596,19.145040743027852,10044.372,8.126,57.276,"Pass"
116.698,72.1122327146424,4.112325489725617,60.84834667950702,22.24530829899188,6347.138,8.249,59.066,"Pass"
189.413,62.245768652509526,2.4369148896855024,56.73331573816825,20.966336122804986,7290.831,7.676,63.753,"Pass"
107.819,59.02365177854661,3.057924855544941,42.1803329285269,20.901638290513436,6976.711,7.927,60.416,"Pass"
108.277,-0.017034498965102896,2.60515825152156,0,22.716322814240637,5701.483,9.454,59.416,"Pass"
164.754,56.150718984398345,2.6904752540150776,43.92108758075253,21.739543563191138,6794.318,7.756,60.836,"Pass"
176.044,64.1494929297978,3.017354752221035,47.12167681081635,22.95317535711195,9064.098,8.519,56.596,"Pass"
130.559,71.40683096871491,3.2829074977596338,52.55434790521397,21.964955030419844,9314.441,8.199,59.131,"Pass"
200.736,55.61032068654025,2.846944045911048,46.57148485919577,20.40676665841628,7694.521,9.206,41.842,"Pass"
156.189,52.39360290701939,2.8145592839444515,39.380871175128256,19.834030131898196,8519.234,8.374,57.303,"Pass"
160.918,61.47119789098931,2.913969102275693,48.70652388681916,18.468197561866575,7934.153,9.171,55.231,"Pass"
169.018,55.261569773633624,2.6442741009833277,42.529676711383075,21.085822274607043,8984.521,7.074,61.041,"Pass"
219.107,68.88652576138595,3.093107933566705,52.79851013575337,23.46315367310553,8964.314,7.698,57.492,"Pass"
143.907,61.12382765721385,2.4692747399362087,57.366547707789145,20.16944324772133,6681.067,8.123,60.58,"Pass"
127.633,55.080704485168816,2.5832065374942217,39.518936947405756,21.030331078250775,7725.357,8.096,60.614,"Pass"
176.841,64.26205838389671,3.2316270548119497,51.15379320910119,23.556268386598475,8134.25,9,59.718,"Pass"
170.268,60.299097109654646,2.4312241877510745,52.97519835011074,21.448151943502094,8577.596,8.222,59.982,"Pass"
155.09,67.31487809945486,3.0707124895222133,55.7526383896149,22.21600290424731,8343.814,7.726,58.054,"Pass"
167.94,61.33690603787062,3.0538906752411576,47.754606909143654,18.334032508318636,6005.397,8.8,51.873,"Pass"
182.247,59.81247671810484,3.0754639582544563,41.764991059764355,20.080013571345475,7535.325,8.816,40.66,"Pass"
130.808,65.38021799550152,3.3886808146290743,44.40126052655704,22.662283268359783,8998.677,7.748,62.394,"Pass"
79.482,64.75769496377931,3.5489635389144714,45.43652564948254,17.581645745901394,4499.64,8.539,53.743,"Pass"
133.766,69.81119600230582,3.4232914193442276,54.44236704245537,20.96496511438947,8090.04,7.798,58.941,"Fail"
160.133,66.73819987135698,3.3400395920890755,51.92718692472641,21.677317840949655,8542.894,8.381,59.451,"Pass"
118.838,63.19635881526865,3.3292623571584845,43.46206306439559,21.135720149106046,8042.458,7.471,60.352,"Fail"
189.266,63.53051613425908,3.0001204653767717,39.92394691838174,20.11784938325018,8067.492,8.645,57.664,"Pass"
128.853,68.45613045701525,6.3115792414611995,45.94125712647545,20.401713600690993,6287.127,8.295,57.785,"Fail"
189.266,63.53051613425908,3.0001204653767717,39.92394691838174,20.11784938325018,8067.492,8.645,57.664,"Pass"
202.781,67.12331694455271,3.016954842909346,56.765793050581394,22.7352842096155,8406.404,7.961,57.186,"Pass"
155.999,72.56559336918833,3.0293363418996275,59.70949526793397,23.042642582814647,7498.856,9.157,57.473,"Pass"
100.807,56.53774043469209,2.870886347178271,44.5977915912791,20.528150405219296,5595.786,7.914,59.802,"Pass"
174.26,61.034086996442156,3.132334672328704,44.06744621701569,19.392914970777674,8135.442,7.387,66.302,"Pass"
148.596,73.54392670955707,3.500747799402406,57.32229360118683,27.086449450093713,7650.118,8.587,59.123,"Pass"
151.453,49.86501863064234,2.926759852891656,36.23013276086974,19.135149232433292,7931.592,8.447,42.621,"Pass"
173.313,61.45913270595211,3.06490107493379,50.434347673106856,20.964126682638284,7301.787,8.982,60.966,"Pass"
79.482,64.75769496377931,3.5489635389144714,45.43652564948254,17.581645745901394,4499.64,8.539,53.743,"Pass"
162.969,60.03363966289427,2.989690554645362,42.10112585144281,18.657245227198633,5184.969,9.427,41.64,"Pass"
225.061,58.01378292996117,2.7345674283860824,46.54969421740079,17.933177335750806,7334.008,8.58,52.983,"Pass"
205.641,54.62536923840851,2.9749958422688088,39.61186975765052,21.019405983398403,8639.281,8.106,58.611,"Pass"
64.844,75.87759340365604,8.361255937326508,63.0454651032934,22.551313926288195,4816.356,7.487,59.685,"Pass"
183.309,54.493232738163485,2.9177539564342174,39.82364256047682,20.9814559208,8292.802,8.159,59.411,"Pass"
84.083,59.45477154187599,3.006218141598183,43.1366906607195,20.702513531893885,7675.857,8.072,61.048,"Pass"
147.402,61.68158429932361,2.957489314934668,47.51580838339214,17.941769871990388,6626.266,8.702,53.546,"Pass"
205.641,54.62536923840851,2.9749958422688088,39.61186975765052,21.019405983398403,8639.281,8.106,58.611,"Pass"
229.409,63.33787156466307,2.714676407638759,49.833661507391916,22.248675433713462,7828.26,8.294,58.428,"Pass"
175.834,60.53918278982833,2.8751190327240463,45.89758378836177,18.916480558562537,8067.478,8.576,53.284,"Pass"
140.511,68.38831914306438,3.4414637999871895,47.47787909004684,22.01169793545811,8226.209,7.264,60.492,"Pass"
189.982,62.481077154677855,3.0080963459696175,40.972337312708795,20.225212846498504,8711.361,8.179,57.361,"Pass"
141.375,58.29925925925931,3.135395649867374,47.331523544696104,19.68112909069311,6290.95,9.22,41.573,"Pass"
163.926,56.50259534451188,2.815803228285934,40.052125173068596,18.877948062372248,5842.078,8.95,64.874,"Pass"
148.596,73.54392670955707,3.500747799402406,57.32229360118683,27.086449450093713,7650.118,8.587,59.123,"Pass"
84.56,61.32686849574271,3.1192280037842943,44.63264284525446,25.35425630117473,4503.719,8.58,63.017,"Pass"
208.02,51.91285026012461,2.6063709258725125,40.86931401440585,19.214209396721433,7295.437,8.023,58.662,"Pass"
153.215,57.78195491448106,3.4669399210260092,35.51401765015666,22.48104447081656,7362.227,8.546,41.798,"Pass"
173.49,61.046425986768426,3.082889849559052,42.61738000938258,18.51220131179206,7024.688,9.268,41.199,"Pass"
84.083,59.45477154187599,3.006218141598183,43.1366906607195,20.702513531893885,4976.099,8.072,61.048,"Pass"
128.463,61.59608430270018,3.3935050559305013,50.07902153234254,20.474853947029313,5802.583,9.102,61.512,"Pass"
176.984,60.91524908717428,3.022027753921258,44.95406198091005,21.854736975956392,6902.684,*,60.229,"Pass"
93.141,60.95561210065033,2.910518890714078,49.697930814119786,20.89733300727999,4110.213,8.292,48.742,"Fail"
198.417,76.03488276374163,2.990995328021288,60.33318683676854,23.790526135559713,8027.797,8.545,60.699,"Pass"
153.072,62.03565787487084,3.0154656632173094,41.483193208330164,20.39945070197402,6318.666,8.205,56.724,"Pass"
123.669,66.6991368536623,3.0510967178516846,39.81101887301032,21.78059338170753,6230.132,8.244,60.538,"Pass"
259.334,61.747587624025016,2.2601648838949,50.05496699553644,22.268412978909137,7677.03,8.322,58.224,"Pass"
241.245,51.67598637622891,2.885193060996082,35.87425993019596,20.24112377489451,7464.878,8.509,40.806,"Pass"
189.577,63.16311226221189,2.859931742774703,43.767825956367794,19.76393583016934,7806.649,7.975,57.459,"Pass"
164.754,56.150718984398345,2.6904752540150776,43.92108758075253,21.739543563191138,6794.318,7.756,60.836,"Pass"
93.759,70.75836275273134,13.675231177806932,60.20533182251897,22.425716686364595,4773.234,8.287,60.086,"Pass"
155.719,67.94682158960127,3.128885235584611,56.55830939514943,22.26069475716415,9087.94,7.922,56.761,"Pass"
136.792,61.56549115932711,2.999417509795894,41.400577063823334,19.228179737098856,7346.304,7.991,57.738,"Pass"
78.257,65.08887383876208,2.668279131579284,58.08181576165992,17.970545672284448,5515.619,8.529,59.51,"Pass"
198.417,76.03488276374163,2.990995328021288,60.33318683676854,23.790526135559713,8027.797,8.545,60.699,"Pass"
148.989,66.12233117881192,2.9751629986106356,55.33104655715346,23.152077483962252,8839.98,7.872,57.124,"Pass"
210.669,63.82086485329018,3.008327186249519,52.74977004077974,21.795828621875618,8646.805,9.17,59.918,"Pass"
131.621,62.871882146466035,2.78326406880361,50.911222582136816,19.053203738317805,6397.055,8.65,57.477,"Pass"
200.544,63.433483148059544,2.758334131163236,57.98613754165149,21.663886213771846,3907.732,9.65,60.63,"Pass"
173.633,64.63471805474762,3.0381542679099014,54.79610864829811,22.774583184786376,8543.145,8.542,58.715,"Pass"
148.671,62.54689138358454,3.4497003450572072,48.34556091838078,18.86400411794746,4965.693,8.72,52.924,"Pass"
159.247,60.827659059336845,3.036562823789459,47.962344689664114,18.845197169127704,7128.057,8.784,54.786,"Pass"
156.817,60.363693562135104,2.9901737694255086,40.051776580272175,22.179082877990957,7548.729,8.052,59.758,"Pass"
150.533,62.405925020501186,3.1149985717417445,42.55743915297179,20.09428278236658,6777.554,8.282,58.131,"Pass"
174.901,69.15983581823109,3.5397615794077795,46.105513339072175,18.87825429892682,7953.603,8.791,40.223,"Pass"
54.256,104.86238081195316,6.954550280153346,72.56350181411527,20.453465025539487,7678.598,7.993,60.916,"Pass"
190.221,66.15293673031783,4.987936347721861,46.02043984085729,20.851829256995348,8984.01,8.134,57.853,"Pass"
166.846,65.46300181005233,3.227610610982582,48.32856826119963,19.497170729974243,6583.407,8.64,54.006,"Pass"
155.704,72.98523694531501,3.0115480655602944,60.28140652777307,22.11831358015453,8298.098,7.839,59.129,"Pass"
109.29,59.18768617643166,2.882687894592368,47.028941899198756,15.78396484535536,4391.022,8.025,53.648,"Pass"
142.408,64.0490234631014,2.8811325206449077,50.94340159200183,21.707458119444272,7192.293,7.78,60.209,"Pass"
176.933,58.02098346078275,2.9400796911825378,39.630825822177975,21.435114521635903,7729.351,7.8,60.212,"Pass"
162.762,65.71394633473003,3.1510450842334206,40.494496321014864,20.893109354362412,6866.828,8.601,58.525,"Pass"
152.886,62.04500957140185,2.8993273419410537,48.135813708626706,22.04420988090211,8224.234,7.884,60.218,"Pass"
128.853,68.45613045701525,6.3115792414611995,45.94125712647545,20.401713600690993,6287.127,8.295,57.785,"Fail"
168.801,57.76854929111141,2.8863980663621662,40.123922701154456,21.98333340851809,7590.725,7.721,61.866,"Pass"
176.191,64.52254150956132,5.364331208745054,45.555998878682885,19.227898459036886,10127.232,8.168,57.763,"Pass"
91.263,65.16658205162852,2.9704112290851707,50.77006559928737,23.525032768702104,3817.756,9.484,58.04,"Pass"
159.439,58.80379190648326,3.032906127108173,44.26793748415768,19.59549133722518,6283.869,8.709,58.841,"Pass"
186.632,58.22713503936449,2.8265455013073852,41.18117339656788,22.16554516309484,7324.031,7.649,59.136,"Pass"
174.032,58.863120958597605,2.9469890594833132,47.08329685723472,21.524792374438878,7252.329,8.687,61.441,"Pass"
179.474,61.594486604683034,2.918865573843565,47.7163775207352,18.848473950178168,6810.503,8.875,53.664,"Pass"
165.082,60.190423883618834,3.0401880277680187,44.37863180428166,20.555896249729134,8492.681,7.19,59.9,"Pass"
170.25,57.92167074563546,2.8403143612334802,42.218568653999384,20.014909834454016,6807.445,8.651,65.156,"Pass"
110.688,51.86253252385078,3.077953165654813,35.61760163115452,17.79376162255394,4559.689,9.201,41.486,"Pass"
168.492,53.675057437610015,3.2830482159390355,37.27719030608726,19.16227512413407,7027.905,8.361,42.2,"Pass"
276.102,56.85043933039246,2.2423156659495405,51.279512967750684,22.0205855093812,11994.307,8.072,57.385,"Pass"
176.356,55.731714385800494,2.8250638481253834,39.176701383325195,17.931671545894154,6751.402,8.585,65.234,"Pass"
180.141,69.70132655345911,5.002673239295885,52.16601150370122,19.863746228140368,8148.373,8.229,58.152,"Pass"
166.914,53.097430080427365,3.094610158524749,35.926113660851826,19.713403955362786,7225.319,8.761,41.81,"Pass"
116.32,64.98349381017889,3.1178872077028883,50.878971333531936,23.22415892880899,6343.028,8.339,61.973,"Pass"
105.885,64.74401473296507,3.1483756906077347,45.52098586915857,22.31143758317734,6237.445,6.893,60.342,"Pass"
214.297,64.87802753499432,2.8548282057144996,54.78784860925205,22.509893649073696,9716.761,8.168,57.751,"Pass"
177.796,64.9235953314786,3.0494346329501223,54.46408360062139,21.311202917962735,8488.706,9.013,58.711,"Pass"
176.587,47.60939366997568,2.925095052297168,36.97215888880961,16.63090852764533,6797.58,8.198,41.996,"Pass"
176.841,64.26205838389671,3.2316270548119497,51.15379320910119,23.556268386598475,8134.25,9,59.718,"Pass"
187.224,63.591419903431245,2.4458402768875787,59.22998904556303,21.153471283646663,8235.351,8.311,62.82,"Pass"
161.909,71.77332122776792,2.7603772489484832,65.11625240235826,19.805632558541607,8269.94,7.556,61.059,"Pass"
187.709,66.73449032515465,4.87904149508015,52.07338192439668,20.09025965869351,7584.759,7.804,57.552,"Pass"
120.929,80.07569179711517,4.51372822069148,44.23459089208432,25.525197019703793,7843.113,7.947,61.807,"Pass"
155.186,65.37390973126162,3.0452066552395194,55.563908859547006,20.79601832773708,7880.574,7.977,60.594,"Pass"
169.018,55.261569773633624,2.6442741009833277,42.529676711383075,21.085822274607043,8984.521,7.074,61.041,"Pass"
156.834,57.71084217849584,3.9942522667278775,55.19265946312464,20.631719062987635,7049.459,9.255,41.928,"Pass"
133.856,56.41908717826127,2.8462634472866366,43.83283000047191,15.74809431510417,5223.379,8.04,64.998,"Pass"
119.476,58.640061602330235,3.1888365864273993,43.55123130164838,24.445996004504057,4857.519,8.49,60.963,"Pass"
172.599,60.30038798988798,3.1412538890723583,42.798330121121644,23.528803037090725,7954.117,8.152,62.413,"Pass"
252.185,63.08931053701763,2.469501358129944,52.32097971228227,22.17699951006469,10117.485,8.103,54.548,"Pass"
130.744,66.45459829896598,1.9053148136816984,50.240255186627614,21.50158191079161,6576.441,7.896,60.027,"Pass"
145.258,62.27800037022253,1.76537746630134,49.90175059035478,21.12122891888701,6940.245,8.44,60.832,"Pass"
188.088,64.95139391017912,3.0383871379354344,40.06638503309261,20.13185749314766,7500.548,8.175,61.788,"Pass"
199.481,59.399697771272066,2.8648550989818578,43.54642585927547,19.870104550348536,7898.157,8.608,66.286,"Pass"
183.992,60.285229792599736,3.106027218574721,42.65986246013126,21.554206973429228,6237.373,8.043,61.3,"Pass"
200.525,71.14640734737985,2.849939708265802,58.38268027883387,22.020219763762878,7634.757,8.255,57.973,"Pass"
68.48,68.01749091381106,3.2097196261682233,52.218783718087,21.971033460314267,5146.853,8.016,59.226,"Pass"
141.484,69.36200088584816,2.925840943145514,55.98019533814938,23.527586844400616,6638.87,8.05,57.244,"Pass"
154.403,55.13853717580334,3.036923375841143,40.28379888004879,21.09213074872723,6459.904,8.556,59.321,"Pass"
200.005,62.72293192670189,2.7291349716257094,45.320109179564525,19.426211953547618,8228.478,8.193,58.561,"Pass"
131.621,62.871882146466035,2.78326406880361,50.911222582136816,19.053203738317805,6397.055,8.65,57.477,"Pass"
152.173,63.950459893235504,3.0814275857083713,46.46953283517818,21.98758113761254,6412.333,8.682,57.066,"Pass"
179.474,61.594486604683034,2.918865573843565,47.7163775207352,18.848473950178168,6810.503,8.875,53.664,"Pass"
197.879,68.981414568162,3.0546667407860366,57.058199551375075,22.377481578557013,8240.555,8.181,60.6,"Pass"
76.096,69.39164564059429,2.9366190075693863,57.69248785129704,24.610224818627575,4553.675,9.542,59.336,"Pass"
149.925,64.04090934356063,3.0298925462731363,39.64197497322627,19.735954478532168,6523.709,8.84,58.699,"Pass"
176.072,65.41539824617207,3.0376809487028034,52.23037869172848,22.795711003923927,8356.294,8.566,59.286,"Pass"
205.32,65.98275862068971,2.9796469900642903,55.141854655545714,20.934383455884912,8395.29,8.044,60.409,"Pass"
54.256,104.86238081195316,6.954550280153346,72.56350181411527,20.453465025539487,7678.598,7.993,60.916,"Pass"
111.655,73.81816010627983,3.6090600510501094,56.15987992009916,24.235487099342805,5064.52,7.529,62.394,"Pass"
212.564,68.66092094616215,4.187898609360006,51.87491104674706,20.227112485847726,8573.021,8.216,57.484,"Pass"
188.782,62.560590169260536,2.7749493066076214,44.52249833083814,21.339272420784972,7784.121,8.41,58.444,"Pass"
169.994,74.85849827379535,3.512639740226126,57.86463114193864,21.020943670655935,7563.757,8.557,56.893,"Pass"
92.328,63.296508101550934,2.975825318429945,43.917912314339695,18.658202591260345,3647.396,9.642,42.356,"Pass"
148.052,56.616939393666534,0,51.677968041757495,17.958438233114975,6268.257,9.015,40.41,"Pass"
153.993,65.88915657782431,2.8309068594027,53.878986874504974,22.77272629162176,4147.045,9.739,58.132,"Pass"
188.026,64.86691556841434,3.1368053354323338,39.5245492833599,19.24158055721353,8165.793,8.479,56.495,"Pass"
136.792,61.56549115932711,2.999417509795894,41.400577063823334,19.228179737098856,7346.304,7.991,57.738,"Pass"
131.156,64.5813297820069,3.3517582115953517,42.243289852785274,20.22801897938011,5126.812,7.216,57.407,"Pass"
118.548,74.78544087158326,3.5537200121469783,50.674680446699384,22.42017468193075,6338.079,8.444,60.841,"Pass"
160.148,57.333882825053536,2.8593550965357046,41.467931137286214,18.92462061864958,7927.271,8.454,61.894,"Pass"
122.326,67.77245502455196,3.324174419174992,54.909640475164586,21.577998841466982,6449.573,8.537,57.95,"Fail"
186.503,66.91241785208108,1.8070975801997822,50.726356711831606,22.21033977712094,7247.913,7.574,60.369,"Pass"
128.03,53.62645907643178,3.204688901038819,38.83818904197347,19.06337998754647,7039.348,8.64,42.884,"Pass"
166.272,60.01161416901895,3.040461893764434,44.637851013189305,19.437793966598164,6755.611,8.441,62.063,"Pass"
194.149,62.68467345526722,1.7925366599879475,49.95369064023109,19.540438592050986,7466.141,7.645,61.899,"Pass"
115.859,51.58379294372187,2.0868621341458153,41.98462370156123,1.45220386967513,3920.527,8.854,61.16,"Pass"
200.278,63.35833191863305,2.9266199982024985,44.661936474528474,19.120791834035533,6510.834,8.633,40.38,"Pass"
156.319,54.35497639797826,2.976264689513111,40.045571858985305,20.92064859487307,5503.624,8.269,58.754,"Pass"
183.309,54.493232738163485,2.9177539564342174,39.82364256047682,20.9814559208,8292.802,8.159,59.411,"Pass"
88.158,91.15928219787207,5.069646770571021,45.9280345044795,23.88315400544066,5232.455,6.8,59.391,"Pass"
169.787,57.362800319092656,3.0206694269879324,41.64214089779202,19.24266806193227,6524.679,8.376,65.712,"Pass"
165.967,61.181640526932114,1.7878985581471014,48.72560727418489,21.02805387770377,6994.668,8.409,60.359,"Pass"
68.619,65.23946234522028,2.9896699164954312,53.592727204954954,21.91318063898788,7852.683,8.142,61.89,"Fail"
229.409,63.33787156466307,2.714676407638759,49.833661507391916,22.248675433713462,7828.26,8.294,58.428,"Pass"
174.677,63.883688814847524,3.0829125757827303,48.4666849435524,19.437247736616776,6527.48,8.539,54.01,"Pass"
156.741,54.76334987158572,2.5241824410970963,46.81639521313436,17.353547661219384,6056.78,8.855,53.13,"Pass"
168.687,72.1152588324333,5.320642373152642,52.578786361755675,20.157703908889516,8024.997,8.251,58.063,"Pass"
206.155,64.23349205964234,2.8431888627489026,48.66510913988099,23.637533821749155,8485.604,8.459,55.287,"Pass"
162.493,60.08160351522839,2.9759037004670974,40.220998354130415,22.638660198389488,7276.743,7.42,60.158,"Fail"
155.835,60.58446433727987,2.9620005775339298,40.65143935185026,19.40053696116183,4555.638,9.308,40.606,"Pass"
68.563,62.29116125153352,5.1827650482038425,49.830439253869166,20.6048713788085,4901.606,7.559,62.134,"Fail"
156.233,59.609002792837146,2.977903003846818,41.97905401065722,18.604972808203517,7233.826,8.539,41.714,"Pass"
147.22,60.99073193557644,2.8864947697323733,45.69564996711608,23.651556999838643,8976.081,8.549,60.962,"Pass"
163.891,65.21319386394352,3.241100487519144,48.161466405141624,19.370533730189564,8431.063,8.999,40.708,"Pass"
175.334,62.409458519169185,3.113147706662712,45.20036959934598,22.2506822098311,7877.713,8.582,59.68,"Pass"
162.143,68.62792582953179,3.773096094188463,43.908275820937995,22.818245089482247,9393.657,8.128,61.71,"Pass"
124.471,62.311899514300116,3.1197319857637513,50.00940964946272,24.065166233825266,4498.29,9.087,58.215,"Pass"
174.671,60.22133038684161,2.831343497203314,40.46842595629767,18.646946328695456,6272.522,8.181,63.386,"Pass"
129.988,82.98520003555892,3.5791513062744253,56.5153840964963,25.901232582431007,7238.538,8.465,59.202,"Pass"
157.385,61.176689858203396,2.9793822791244406,47.86978014771445,22.169698646968865,6228.065,9.138,60.919,"Pass"
202.037,55.964006592851774,2.8286113929626753,39.364985580339166,20.90673798210123,8086.125,7.599,59.608,"Pass"
84.083,59.45477154187599,3.006218141598183,54.11866034387141,20.702513531893885,7675.857,8.072,61.048,"Pass"
136.506,53.5220429871214,2.817845369434311,46.24933587286271,19.68251139927382,4911.36,9.306,41.951,"Pass"
113.448,77.48897194211344,3.1322360905436857,59.47891875768295,21.93346425478977,7089.774,7.584,61.445,"Pass"
149.461,54.2478193865512,3.946186362997705,47.006025443907305,18.21806848597271,5875.306,8.79,42.275,"Pass"
176.841,64.26205838389671,3.2316270548119497,51.15379320910119,23.556268386598475,8134.25,9,59.718,"Pass"
130.279,47.17432928134579,2.502621604402859,43.13343445317723,18.498290965839505,7462.247,8.592,41.936,"Pass"
102.061,66.61865616314432,3.481701335475843,49.45852741164187,19.469606137719797,4754.616,8.863,53.426,"Pass"
199.942,60.3270726288401,2.8032833521721296,47.7739153630918,17.58247591736628,6560.773,8.818,53.732,"Pass"
173.714,58.909216042204704,2.720410790149326,40.43105478432959,19.543493658732856,9375.754,7.965,56.999,"Pass"
130.744,66.45459829896598,1.9053148136816984,50.240255186627614,21.50158191079161,6576.441,7.896,60.027,"Pass"
127.636,60.795317238953885,3.013670124416308,50.780517826076014,19.096600658176065,5037.64,9.209,61.863,"Pass"
171.645,64.35717129346428,3.0093143406449356,47.386676219922926,23.574206122339895,6825.758,8.034,56.126,"Pass"
180.988,62.4503036419849,3.0361349923751852,48.916233405380765,17.623830901983123,6778.988,8.987,45.596,"Pass"
111.827,67.02756142175967,3.046603056506926,52.77914822420858,22.044320780591487,6451.12,7.343,62.163,"Pass"
188.026,64.86691556841434,3.1368053354323338,39.5245492833599,19.24158055721353,8165.793,8.479,56.495,"Pass"
160.918,61.47119789098931,2.913969102275693,48.70652388681916,18.468197561866575,7934.153,9.171,55.231,"Pass"
148.448,63.627832267490646,3.2327829273550326,43.99258194562606,23.39244897273279,8166.06,7.611,60.786,"Pass"
143.907,61.12382765721385,2.4692747399362087,57.366547707789145,20.16944324772133,6681.067,8.123,60.58,"Pass"
190.225,62.577532454257444,2.850189407280851,51.5544839649998,20.655373823791386,8535.712,8.298,58.684,"Pass"
105.923,59.327687722842754,2.939735468217479,50.26856178466801,22.41583364083048,4891.366,9.229,59.717,"Pass"
113.448,77.48897194211344,3.1322360905436857,59.47891875768295,21.93346425478977,7089.774,7.584,61.445,"Pass"
115.234,56.13123441576854,1.557740250273357,47.7625081938597,20.177718737790382,4913.876,8.062,59.734,"Pass"
124.276,68.43711666863369,2.9772390485693143,54.536090162218414,21.807911096039028,5095.722,8.773,57.012,"Pass"
54.256,104.86238081195316,6.954550280153346,72.56350181411527,20.453465025539487,7678.598,7.993,60.916,"Pass"
102.257,70.68805938849071,5.122979160350879,64.23148067499278,26.23384466369096,4181.774,9.846,57.242,"Pass"
175.371,58.03654348020297,3.0707124895222124,42.277778058860044,21.63200175331247,7953.05,8.659,62.269,"Pass"
115.859,51.58379294372187,2.0868621341458153,41.98462370156123,1.45220386967513,3920.527,8.854,61.16,"Pass"
163.891,65.21319386394352,3.241100487519144,48.161466405141624,19.370533730189564,8431.063,8.999,40.708,"Pass"
70.183,54.34263124814972,4.071385948164085,49.75492645818737,17.68347402194261,6232.441,8.024,60.964,"Pass"
130.7,54.68331208025168,2.662732976281561,44.227745406244665,18.982257230394,4865.992,8.651,62.211,"Pass"
118.347,70.57973586149213,3.1263940784303785,56.185968970208,21.639076755529214,7362.517,8.423,60.749,"Pass"
110.162,56.85814225110902,2.8931239447359336,43.49646329109503,19.49510020887223,4927.366,8.809,61.972,"Pass"
176.564,56.280354117738916,2.655751342289481,43.20886488981355,21.189442288928337,8751.547,8.363,60.759,"Pass"
117.337,55.72197080962435,2.8410966702745077,42.250243295821114,19.530634520029757,9800.3,8.271,60.275,"Pass"
171.404,60.50348883339951,3.077663531772887,50.41797623992339,22.01587111213651,6337.458,8.09,62.337,"Pass"
142.319,66.35804854665308,2.831453284522797,53.02805407013986,23.566971476657898,7315.075,8.902,62.13,"Pass"
113.537,63.06343600177333,2.9039203079172426,51.332849788205095,19.465253093170798,8064.006,8.063,61.44,"Pass"
193.616,54.85797776125027,3.5760218163788107,41.92643446912376,22.0849828909373,9948.521,8.63,61.509,"Pass"
208.374,63.111947214570435,2.9711376659276114,52.977509210544376,22.46032779537001,8874.574,8.351,60.085,"Pass"
164.578,64.61325329023317,2.7378706753028954,56.24324034990195,21.222219890919188,7127.299,8.674,59.814,"Pass"
78.257,65.08887383876208,2.668279131579284,58.08181576165992,17.970545672284448,5515.619,8.529,59.51,"Pass"
205.906,57.10037050347683,2.7576700047594533,42.648199859006056,20.72485059865849,8945.245,8.112,61.942,"Pass"
83.098,68.60774828114602,2.160155960432261,50.62513088913075,22.467243829800044,5991.689,7.67,59.953,"Pass"
171.404,60.50348883339951,3.077663531772887,50.41797623992339,22.01587111213651,6337.458,8.09,62.337,"Pass"
155.252,64.74835178362353,3.232681833406333,49.454071752401155,22.290575882186914,8257.895,7.078,67.695,"Pass"
107.822,70.46519057129143,3.1937437628684306,53.670309833757656,22.801263107770524,6433.659,8.225,61.107,"Pass"
245.632,47.25113629784027,2.565211047420531,35.00408966290487,17.757057240975918,7136.054,9.121,40.524,"Pass"
171.312,55.37252368647714,2.8440907817315777,41.512038838833405,18.931613039468584,8120.846,8.104,41.517,"Pass"
237.743,60.079067639332344,2.6811499812823087,50.85099697428526,20.05115303242414,10209.435,7.974,58.966,"Pass"
173.579,74.17133793066371,5.297319145749197,55.96445108746951,24.74364291166372,6965.983,8.23,63.11,"Pass"
107.819,59.02365177854661,3.057924855544941,42.1803329285269,20.901638290513436,6976.711,7.927,60.416,"Pass"
214.297,64.87802753499432,2.8548282057144996,54.78784860925205,22.509893649073696,9716.761,8.168,57.751,"Pass"
247.299,60.73784725732373,3.718184707580702,56.81905938342326,22.7357833368393,5752.33,9.863,59.836,"Pass"
191.738,61.56641991792036,2.885016845904307,48.20729188855105,18.53471606649596,6935.642,8.993,54.846,"Pass"
167.94,61.33690603787062,3.0538906752411576,47.754606909143654,18.334032508318636,6005.397,8.8,51.873,"Pass"
105.885,64.74401473296507,3.1483756906077347,45.52098586915857,22.31143758317734,6237.445,6.893,60.342,"Pass"
193.46,70.47939855496978,3.219121265377856,57.03375089668685,23.65484936443946,6762.668,8.39,57.226,"Pass"
141.291,67.55985873127088,3.189115230269443,47.94760991709886,19.675236238442587,4865.78,9.408,52.517,"Pass"
133.827,70.15108228450835,3.2027402542087917,54.84694446257957,20.148867739224286,6241.011,8.481,57.191,"Fail"
150.684,63.17423659225041,3.306369355737836,40.539513545805654,23.068771394167527,8394.716,7.784,60.129,"Pass"
237.573,66.03065163128811,2.852687805432435,50.129144995798505,24.288309838518767,8398.471,8.726,58.229,"Pass"
131.024,66.89619204624096,3.047580901208939,46.597722148173496,19.8469845266964,5087.943,8.751,58.741,"Pass"
93.841,65.30649360798225,3.2791875619398776,49.08880068642116,19.626094258111333,4010.33,9.163,39.969,"Pass"
55.926,70.92149546821786,3.4716961699388476,57.435684100192745,22.907307371044418,4787.485,7.189,61.51,"Pass"
125.348,61.15215240769702,2.8056495516482114,48.6318495961077,21.7017748940795,5160.325,7.48,62.72,"Pass"
135.605,63.35607094133702,3.13373223701191,48.06428169359625,23.62717211484884,8842.409,8.109,60.818,"Pass"
138.808,59.763510268380365,3.1405959310702554,41.00245306288639,23.271425659550832,8226.632,8.361,59.592,"Pass"
196.034,72.87341311541202,2.9152298070742835,63.04292100694393,20.36231740202317,9359.741,7.211,63.329,"Pass"
142.439,60.6107409721589,2.9319430773875137,40.655509237533764,18.50996660702873,8695.005,8.062,57.798,"Pass"
90.608,52.434516451821814,2.425852021896521,0.05417747209656673,20.97037466822681,9226.935,8.735,60.716,"Pass"
151.451,73.6014361814126,3.6282626063875445,43.00784633681638,22.37574739829863,7643.398,8.285,58.871,"Pass"
241.245,51.67598637622891,2.885193060996082,35.87425993019596,20.24112377489451,7464.878,8.509,40.806,"Pass"
162.143,68.62792582953179,3.773096094188463,43.908275820937995,22.818245089482247,9393.657,8.128,61.71,"Pass"
64.919,59.30148852159362,2.9907743495740844,46.739405614424854,18.22657760486926,3690.593,7.971,43.635,"Pass"
232.161,56.58202712772607,2.5878206933981165,42.49845684689348,18.612701265727605,7227.994,9.199,41.343,"Pass"
186.846,62.826570187926656,3.1566153944960025,42.705533208076275,20.40992236455548,7437.126,9.049,41.957,"Pass"
147.701,63.03545676738812,3.125120073662332,48.52119046469036,20.11993542719752,5031.445,9.244,40.147,"Pass"
206.339,46.80220413978935,3.5508168596339034,37.5924615243331,18.382867264881504,7008.548,8.382,42.221,"Pass"
149.925,64.04090934356063,3.0298925462731363,39.64197497322627,19.735954478532168,6523.709,8.84,58.699,"Pass"
137.656,72.5548872229003,2.767692218283256,58.36021056815128,24.1153222971542,3901.878,9.304,59.728,"Pass"
130.744,66.45459829896598,1.9053148136816984,50.240255186627614,21.50158191079161,6576.441,7.896,60.027,"Pass"
183.96,58.02982532434592,2.8476868884540107,41.64629758559942,18.657674412357665,7435.758,9.014,42.284,"Pass"
179.844,54.526589711082906,3.09618736238073,37.11012396956559,19.482614305080986,7024.396,8.557,41.453,"Pass"
119.026,62.74214597370878,5.66311763816309,52.40885726656618,20.12075584347102,5457.961,8.641,62.207,"Pass"
170.584,57.91985180321723,2.770326877081086,43.12805507558934,21.053313218577877,8066.3,7.799,61.766,"Pass"
117.337,55.72197080962435,2.8410966702745077,42.250243295821114,19.530634520029757,9800.3,8.271,60.275,"Pass"
181.676,60.42967823059851,2.843159030361743,48.53661843157458,18.138965804329228,7772,8.69,54.767,"Pass"
116.863,63.364148143077294,2.852620247640399,56.95054359826989,20.187533695832894,6122.149,8.164,60.849,"Pass"
180.988,62.4503036419849,3.0361349923751852,48.916233405380765,17.623830901983123,6778.988,8.987,45.596,"Pass"
160.507,63.69775496118899,3.1268438136654475,52.48765259449437,26.321907772155722,5547.37,8.652,61.369,"Pass"
141.338,60.01231091426232,2.9547824364289856,42.745650457624926,20.88039907346366,6417.491,8.483,65.144,"Pass"
133.856,56.41908717826127,2.8462634472866366,43.83283000047191,15.74809431510417,5223.379,8.04,64.998,"Pass"
133.766,69.81119600230582,3.4232914193442276,54.44236704245537,20.96496511438947,8090.04,7.798,58.941,"Fail"
199.426,57.1514023023856,3.0126013659201916,38.405717198915966,17.55777229639056,8735.177,8.176,57.623,"Pass"
201.715,62.320644914304346,2.9057710135587342,49.99682334104404,22.67771608384718,6621.362,8.226,60.455,"Pass"
124.974,63.63744992291735,3.2537404580152667,46.27564145037285,19.189302600729714,7204.784,8.779,58.524,"Pass"
169.599,60.212291608113574,3.024017830293811,46.212295972390784,22.335037188772024,6892.165,8.544,63.587,"Pass"
69.595,60.79453345147725,2.6845514763991662,50.89389255731526,17.310263078000048,3996.395,8.624,61.444,"Pass"
135.674,63.237613691643254,3.051134926367616,47.667593867140326,18.587207800545386,8083.865,7.964,63.115,"Pass"
158.547,65.32018896604798,3.2810278340176726,49.04013717534216,19.685932612065677,7726.549,8.976,52.71,"Pass"
168.062,58.333842404721054,2.9426854375171065,42.42564704934115,21.572429960796704,8573.362,7.903,58.897,"Pass"
193.46,70.47939855496978,3.219121265377856,57.03375089668685,23.65484936443946,6762.668,8.39,57.226,"Pass"
156.568,59.94900334394999,4.53918961729089,49.00002391442364,21.928570632063206,8255.45,7.757,61.756,"Pass"
96.785,57.91129249826368,2.9523384822028205,44.71274158371923,22.074685615896012,4501.246,8.02,60.841,"Pass"
86.271,73.1694312109516,3.0573648155231767,61.048991962079626,22.48106964159456,5760.23,7.687,62.081,"Pass"
193.564,60.48144857055601,2.838874997416875,46.34514205292547,18.8113784145025,6692.09,8.527,54.276,"Pass"
226.225,60.45146793384173,2.590949718200907,43.267246518211756,22.710444882990476,8478.97,8.327,58.211,"Pass"
176.134,62.62883183636706,2.8494232800027253,51.237859583498945,22.515821189862205,7542.703,8.986,63.626,"Pass"
159.439,58.80379190648326,3.032906127108173,44.26793748415768,19.59549133722518,6283.869,8.709,58.841,"Pass"
163.563,68.74020000448357,3.0908193173272682,60.08315800087958,23.67760177966053,3965.983,9.649,59.936,"Pass"
169.019,74.95259901746752,3.6412739396162563,51.97492079824373,22.458899701117414,7742.172,9.109,54.119,"Pass"
210.136,64.67286794160825,3.137990634636616,45.53972187956843,22.377217968625366,9199.102,8.172,57.946,"Pass"
166.924,62.50274908874026,2.962747118449115,48.322746684331456,19.26781619815523,7377.393,8.785,53.956,"Pass"
147.106,58.242370958507685,1.6435887047435183,49.46210343811552,21.185855181754096,7728.065,7.678,60.374,"Pass"
100.72,78.2871105815904,2.473277204130262,48.66061380309918,22.86325302374919,6325.654,7.732,64.168,"Pass"
176.535,51.98475593445426,3.0089625286770327,36.15534968310182,18.75613718990944,7426.736,8.864,42.165,"Pass"
128.853,68.45613045701525,6.3115792414611995,45.94125712647545,20.401713600690993,6287.127,8.295,57.785,"Fail"
193.07,55.009294268630235,3.6430575438959965,54.75418415862817,20.727774808970246,8743.657,9.144,42.131,"Pass"
139.436,59.03544756495219,2.837451447258957,45.436992866102756,17.85302443128709,5316.345,8.843,52.904,"Pass"
149.406,67.57171733397593,3.0894566483273764,54.526490758346306,21.77918408035082,8673.907,8.682,57.515,"Pass"
162.493,60.08160351522839,2.9759037004670974,40.220998354130415,22.638660198389488,7276.743,7.42,60.158,"Pass"
118.01,58.93118436290706,2.7628085755444456,47.143168444892325,18.072233693959017,5164.85,9.088,53.161,"Pass"
118.782,67.8644912528835,3.515878163358085,48.79642876064341,20.90997379484544,6578.738,8.085,58.198,"Fail"
156.568,59.94900334394999,4.53918961729089,49.00002391442364,21.928570632063206,8255.45,7.757,61.756,"Pass"
158.547,65.32018896604798,3.2810278340176726,49.04013717534216,19.685932612065677,7726.549,8.976,52.71,"Pass"
168.492,53.675057437610015,3.2830482159390355,37.27719030608726,19.16227512413407,7027.905,8.361,42.2,"Pass"
224.302,55.36687145009857,2.580498078483473,41.72205642007056,18.11226769326246,9089.133,9.334,42.862,"Pass"
190.088,68.818126341484,3.0256908379276966,56.97087758515533,23.773690374630117,6860.348,8.362,56.652,"Pass"
179.329,65.55796577488556,2.941653831784039,53.262809966297354,21.849107152124716,7779.073,8.202,58.887,"Pass"
132.531,62.1018478695551,2.681228693664124,49.117824984628264,21.516702796171494,7112.612,8.667,63.86,"Pass"
143.907,61.12382765721385,2.4692747399362087,57.366547707789145,20.16944324772133,6681.067,8.123,60.58,"Pass"
147.106,58.242370958507685,1.6435887047435183,49.46210343811552,21.185855181754096,7728.065,7.678,60.374,"Pass"
173.157,57.765611554831786,3.173443753356779,41.48140485806082,22.29015464054101,7485.449,8.289,61.641,"Pass"
143.854,62.26525968458767,3.0558983413738927,44.62585007186533,22.520611240305715,11606.87,8.038,60.81,"Pass"
116.561,77.90019341327246,3.991444136546529,54.07622112858656,22.9123675631823,7942.522,7.974,58.559,"Pass"
241.245,51.67598637622891,2.885193060996082,35.87425993019596,20.24112377489451,7464.878,8.509,40.806,"Pass"
197.879,68.981414568162,3.0546667407860366,57.058199551375075,22.377481578557013,8240.555,8.181,60.6,"Pass"
152.974,60.20331704879402,2.921607070482566,45.610595073714585,17.98357740851417,5170.542,8.748,63.108,"Pass"
174.677,63.883688814847524,3.0829125757827303,48.4666849435524,19.437247736616776,6527.48,8.539,54.01,"Pass"
231.551,64.97285215304146,3.623000721223402,51.5316125183011,21.888042872265572,9012.959,8.773,58.929,"Pass"
166.347,61.91155970484727,2.973023859763025,46.02073629109932,21.47472935368828,6244.926,8.298,58.225,"Pass"
210.669,63.82086485329018,3.008327186249519,52.74977004077974,21.795828621875618,8646.805,9.17,59.918,"Pass"
176.841,64.26205838389671,3.2316270548119497,51.15379320910119,23.556268386598475,8134.25,9,59.718,"Pass"
173.313,61.45913270595211,3.06490107493379,50.434347673106856,20.964126682638284,7301.787,8.982,60.966,"Pass"
201.816,56.55510189699745,2.4868212629325726,47.365125894226516,18.808468782728923,7836.969,*,*,"Pass"
258.982,60.31182776323371,2.2632368272698486,43.897553585505754,22.16430140256532,9439.243,8.943,58.931,"Pass"
181.507,67.06077451558349,3.088002556375236,55.476888793206804,24.10761340392086,8496.553,8.299,57.654,"Pass"
141.291,67.55985873127088,3.189115230269443,47.94760991709886,19.675236238442587,4865.78,9.408,52.517,"Pass"
159.683,79.70389946192012,3.6476909877695185,54.27492898569928,28.048869375285495,9375.804,8.643,58.392,"Pass"
76.013,69.67822755464348,3.1326010024601048,53.22577444197681,20.907280943291866,4949.548,8.344,60.693,"Fail"
209.065,62.92370528038867,1.857394398871164,48.28019640738407,20.57252576207938,7788.016,7.79,58.587,"Pass"
117.589,61.27878552510115,3.0842395121992707,43.90064994536549,18.817865002050944,4981.117,8.813,64.247,"Pass"
237.743,60.079067639332344,2.6811499812823087,50.85099697428526,20.05115303242414,10209.435,7.974,58.966,"Pass"
188.782,62.560590169260536,2.7749493066076214,44.52249833083814,21.339272420784972,7784.121,8.41,58.444,"Pass"
237.743,60.079067639332344,2.6811499812823087,50.85099697428526,20.05115303242414,10209.435,7.974,58.966,"Pass"
165.547,60.00728896728224,2.9873908920125403,43.03582199853308,22.62486988949705,7475.966,7.861,61.354,"Pass"
195.629,54.96263051206341,0.4681514499384038,42.848611470755436,19.66279556864118,6454.662,9.285,41.508,"Pass"
154.053,58.17622650790454,2.9249237600046727,47.33917949837854,19.904361777027454,7782.583,7.556,64.366,"Pass"
100.807,56.53774043469209,2.870886347178271,44.5977915912791,20.528150405219296,5595.786,7.914,59.802,"Pass"
156.912,66.99976207470861,2.941670235546039,53.574770002712306,21.23096864262815,8400.91,8.756,60.955,"Pass"
136.506,53.5220429871214,2.817845369434311,46.24933587286271,19.68251139927382,4911.36,9.306,41.951,"Pass"
182.26,61.748064425667906,2.7134511137934823,39.862659762098644,20.314031428194944,10212.413,8.33,54.897,"Pass"
149.406,67.57171733397593,3.0894566483273764,54.526490758346306,21.77918408035082,8673.907,8.682,57.515,"Pass"
243.259,61.98098871299045,3.7648761196913587,57.2328070815132,22.659981722196367,6924.708,9.661,57.781,"Pass"
118.838,63.19635881526865,3.3292623571584845,43.46206306439559,21.135720149106046,8042.458,7.471,60.352,"Fail"
228.16,54.67329943899023,3.1148835904628327,49.60985639086365,21.40252777788557,8800.122,7.936,64.828,"Pass"
160.393,59.488838872851936,2.969186934591909,46.25083770632508,21.721301505897475,6832.853,7.156,57.903,"Pass"
170.059,64.09646064013083,2.994296332449326,51.71489271319396,23.313227496949228,7726.549,8.297,61.882,"Pass"
195.248,57.81092081182219,2.8894403015651893,41.864732214343505,18.553309490128918,7273.34,9.125,43.665,"Pass"
113.562,68.43392449352194,2.7742463147883973,59.14839847590527,20.462127128996904,10163.607,7.997,59.352,"Pass"
102.923,90.8813168852228,4.8406766223293145,59.56639588072729,26.686962976864987,6729.545,7.709,56.275,"Pass"
54.256,104.86238081195316,6.954550280153346,72.56350181411527,20.453465025539487,7678.598,7.993,60.916,"Pass"
200.646,59.43901199126826,3.3411823809096615,40.94835931073146,23.242589374238577,8423.589,8.133,57.447,"Pass"
226.225,60.45146793384173,2.590949718200907,43.267246518211756,22.710444882990476,8478.97,8.327,58.211,"Pass"
182.247,59.81247671810484,3.0754639582544563,41.764991059764355,20.080013571345475,7535.325,8.816,40.66,"Pass"
92.645,62.91588560874551,3.16335258243834,48.24868914680509,20.660400559433988,5225.285,8.646,60.651,"Pass"
205.906,57.10037050347683,2.7576700047594533,42.648199859006056,20.72485059865849,8945.245,8.112,61.942,"Pass"
173.576,63.30172374060935,2.954731068811357,51.67815890169978,21.845905851136582,8146.333,8.543,60.304,"Pass"
202.812,60.80031424833513,2.763613987338027,51.278434118455124,21.172617812891076,8526.825,8.198,58.456,"Pass"
169.396,64.54111470558146,3.2222758506694373,42.37176389755587,18.92871435255274,6478.409,6.846,57.938,"Pass"
99.238,67.25873377357694,2.99010620931498,53.62621589887784,22.300284096636947,7864.177,8.118,61.607,"Pass"
104.604,77.76052753453241,3.852334518756453,48.909677814944956,21.004979093541046,8174.577,8.1,59.201,"Pass"
167.75,62.896982944196004,3.1447024739195224,48.37034862671304,20.097154895231927,8195.465,9.122,41.518,"Pass"
149.925,64.04090934356063,3.0298925462731363,39.64197497322627,19.735954478532168,6523.709,8.84,58.699,"Pass"
176.072,65.41539824617207,3.0376809487028034,52.23037869172848,22.795711003923927,8356.294,8.566,59.286,"Pass"
144.12,62.934961606069066,3.1519333888426315,40.86278243061328,22.19762603177996,6521.629,7.661,61.05,"Fail"
148.701,65.93934584613872,3.2519184134605688,42.3122918406186,21.3272629328376,6842.464,8.259,57.864,"Pass"
137.049,42.61907946954905,1.6305479062233212,41.15128410449592,18.51814501870407,6589.275,8.509,57.889,"Pass"
177.391,73.58343997158825,3.118350761876307,58.55666984043835,23.20444265262286,9564.7,8.126,57.936,"Pass"
93.688,65.22618810425152,2.7762206472547177,56.34169201372396,19.25177170441851,4842.109,7.693,61.265,"Pass"
183.309,54.493232738163485,2.9177539564342174,39.82364256047682,20.9814559208,8292.802,8.159,59.411,"Pass"
192.603,68.02247801609187,3.176384168470896,56.00379297980494,23.51691843553999,9277.977,8.027,57.227,"Pass"
155.252,64.74835178362353,3.232681833406333,49.454071752401155,22.290575882186914,8257.895,7.078,67.695,"Pass"
132.468,51.63910445457691,3.0420146752423225,36.77195274030044,18.259771976921478,5710.989,8.852,41.049,"Pass"
159.898,66.45451753270493,2.9325575054096986,56.05860343595898,23.424178761438963,8919.098,8.512,58.068,"Pass"
140.179,61.08913127739062,3.0053460218720347,44.440771902429724,18.931587852868443,7526.136,7.296,61.69,"Pass"
173.315,61.23724624719929,2.9803176874477106,49.603023039824755,22.235109492004216,6896.839,9.426,56.955,"Pass"
137.166,57.686404308161926,5.368206115218056,43.084710964424,20.90217984177465,9243.752,7.223,63.2,"Fail"
197.879,68.981414568162,3.0546667407860366,57.058199551375075,22.377481578557013,8240.555,8.181,60.6,"Pass"
110.913,68.07189218376372,2.906563522761083,57.42976266673696,22.15874419083755,7514.116,7.924,61.459,"Pass"
207.749,62.87850563259827,2.944808976216492,45.972842028371524,22.15381880843406,7778.731,8.363,58.474,"Pass"
149.218,60.81125154695364,3.044248281038481,45.82825980136238,22.794765116154906,6285.006,8.014,59.132,"Pass"
174.69,58.06514396931711,2.914918083462133,49.571979599970575,21.16061534916313,7852.181,7.924,62.233,"Pass"
189.577,63.16311226221189,2.859931742774703,43.767825956367794,19.76393583016934,7806.649,7.975,57.459,"Pass"
116.561,77.90019341327246,3.991444136546529,54.07622112858656,22.9123675631823,7942.522,7.974,58.559,"Pass"
186.417,62.19973977099138,2.947713996041133,48.89284232207651,18.616697733882233,7039.015,9.065,53.144,"Pass"
183.96,58.02982532434592,2.8476868884540107,41.64629758559942,18.657674412357665,7435.758,9.014,42.284,"Pass"
179.432,58.32754965050214,2.7562173971198,40.76882640154628,19.03152744260049,8111.339,8.085,57.566,"Pass"
118.486,79.20487558773945,2.9990540654592106,42.09565511810304,20.35158591517981,7670.91,8.439,62.202,"Pass"
123.984,66.24822557749391,2.895609756097561,50.151321378340704,22.646479984659152,4792.32,8.646,57.287,"Pass"
122.326,67.77245502455196,3.324174419174992,54.909640475164586,21.577998841466982,6449.573,8.537,57.95,"Fail"
110.106,54.77150301628537,3.493477194703286,49.91048514050001,21.30282769867116,6660.69,7.807,60.486,"Fail"
119.061,57.79181353349221,3.32302668380074,41.73915160794734,24.691640393697607,7197.153,7.846,58.956,"Pass"
92.62,69.14093428345217,3.243311595767653,53.428080345889654,20.56850951846888,4945.741,8.864,61.536,"Pass"
173.427,64.25912151318235,5.428702105208531,54.922166546622385,19.90098060381152,8339.562,8.808,60.611,"Pass"
183.992,60.285229792599736,3.106027218574721,42.65986246013126,21.554206973429228,6237.373,8.043,61.3,"Pass"
128.463,61.59608430270018,3.3935050559305013,50.07902153234254,20.474853947029313,5802.583,9.102,61.512,"Pass"
146.54,74.17506027933221,4.099843319230244,60.98318284874918,22.14264013752406,8161.722,7.837,60.275,"Pass"
182.937,60.03159557661924,2.8836366618016034,47.40315794636561,18.880014349246828,6593.679,8.431,52.967,"Pass"
152.886,62.04500957140185,2.8993273419410537,48.135813708626706,22.04420988090211,8224.234,7.884,60.218,"Pass"
195.611,46.165297452597216,2.7529838301527008,42.959382876892555,17.893512996204397,7160.296,8.393,46.067,"Pass"
155.23,66.64626682986541,2.926345680602976,49.1124967838301,23.339688863238223,9336.181,7.433,65.202,"Pass"
98.14,60.90120689264774,3.2101993071122883,44.48127152420074,22.09118743396304,5601.457,7.404,60.117,"Pass"
174.4,66.05456167176358,2.96177614678899,46.7407535421262,19.295576808840377,8852.078,8.247,59.33,"Pass"
141.927,77.57480958520938,3.9233600372022237,46.87753155399221,22.572879079936783,7675.451,7.816,59.713,"Pass"
115.01,70.12201837521381,2.1022672811059904,50.86800450251764,23.641124703448668,6590.199,7.747,60.595,"Pass"
185.159,66.52743497930612,5.163869755183383,45.99283540207395,20.359875690591622,8481.202,8.195,58.812,"Pass"
91.263,65.16658205162852,2.9704112290851707,50.77006559928737,23.525032768702104,3817.756,9.484,58.04,"Pass"
100.807,56.53774043469209,2.870886347178271,44.5977915912791,20.528150405219296,5595.786,7.914,59.802,"Pass"
176.587,47.60939366997568,2.925095052297168,36.97215888880961,16.63090852764533,6797.58,8.198,41.996,"Pass"
184.203,67.25309697573991,2.9433683490496896,53.389370381571794,22.966380884605645,8644.469,9.236,56.793,"Pass"
116.698,72.1122327146424,4.112325489725617,60.84834667950702,22.24530829899188,6347.138,8.249,59.066,"Pass"
76.181,69.50158175923136,4.808758089287355,58.77330468757551,19.789521325593597,5591.519,7.916,60.183,"Fail"
116.561,77.90019341327246,3.991444136546529,54.07622112858656,22.9123675631823,7942.522,7.974,58.559,"Pass"
224.302,55.36687145009857,2.580498078483473,41.72205642007056,18.11226769326246,9089.133,9.334,42.862,"Pass"
122.539,71.56435456829622,3.408082651237565,52.47907753500223,21.682493239686256,9207.975,7.328,60.896,"Pass"
119.061,57.79181353349221,3.32302668380074,41.73915160794734,24.691640393697607,7197.153,7.846,58.956,"Pass"
209.22,67.30618487716285,4.3598921709205625,46.769383705886476,21.065682565089592,9919.833,7.61,58.669,"Pass"
135.951,63.49918557257973,3.0988106008782585,50.98459988589011,22.395857659933064,4570.1,9.283,55.655,"Pass"
155.759,68.2148704087725,2.046188791658909,60.6550713909161,21.251215127197188,9451.533,8.119,58.865,"Pass"
136.506,53.5220429871214,2.817845369434311,46.24933587286271,19.68251139927382,4911.36,9.306,41.951,"Pass"
188.496,49.528218694885325,2.8957677616501143,35.5545155181629,18.026147915329233,7783.704,8.648,41.949,"Pass"
214.297,64.87802753499432,2.8548282057144996,54.78784860925205,22.509893649073696,9716.761,8.168,57.751,"Pass"
190.513,61.34751959183893,2.768965057502637,39.82321263809471,19.655160049450462,8913.358,8.717,57.49,"Pass"
206.476,72.07853051524962,2.8742532788314383,60.91092779248411,22.66425644201095,8497.386,8.246,58.308,"Pass"
151.982,55.388211177054636,3.2781313576607762,36.3113011155721,20.960680164242078,7251.575,8.499,41.404,"Pass"
107.822,70.46519057129143,3.1937437628684306,53.670309833757656,22.801263107770524,6433.659,8.225,61.107,"Pass"
107.996,70.30760398533286,5.936219859994814,56.37693327161398,22.190294804995705,6492.727,7.988,58.156,"Pass"
291.505,58.353677943393436,2.010729147012916,42.99598044041101,22.422953596369535,8744.795,8.983,54.494,"Pass"
170.914,60.4045179316954,2.979317317481307,47.329906638468096,17.70269063064264,6049.325,8.969,52.755,"Pass"
190.221,66.15293673031783,4.987936347721861,46.02043984085729,20.851829256995348,8984.01,8.134,57.853,"Pass"
121.14,64.85939133784593,3.02407132243685,46.124913850041246,22.416741796409713,3882.381,10.139,61.894,"Pass"
193.818,56.316636111082495,2.5705401975048754,47.81632342540958,18.020568291942432,10815.26,8.873,41.916,"Pass"
161.384,73.36781286317803,3.5865443910176977,53.405687716457315,23.6268094929854,8384.595,8.496,59.452,"Pass"
152.074,61.40398022600113,2.9148083170035637,44.34917451808383,18.19238571429335,5834.659,9.081,40.518,"Pass"
155.759,68.2148704087725,2.046188791658909,60.6550713909161,21.251215127197188,9451.533,8.119,58.865,"Pass"
226.43,60.41697458621015,2.750391732544274,41.34348705383814,20.20011557188295,7398.938,8.037,58.788,"Pass"
221.558,63.67127343630108,2.8935448054234105,50.04506086308007,24.166126063616524,8368.666,8.515,57.198,"Pass"
148.898,60.34582958356284,2.927774986903786,43.840030303067735,20.024090566215413,6496.873,7.951,60.834,"Pass"
168.062,58.333842404721054,2.9426854375171065,42.42564704934115,21.572429960796704,8573.362,7.903,58.897,"Pass"
119.618,60.87874177242002,5.941345282482569,47.86426059438273,19.827581903884003,7803.13,7.586,61.45,"Fail"
179.239,65.43367607868085,2.922692494379013,55.11199194015443,22.790744562359052,9324.818,8.096,56.533,"Pass"
142.216,55.21261867706717,3.03957698149294,40.04597029883713,20.80576710914338,6108.31,8.464,57.009,"Pass"
188.391,54.55957733295827,2.527916938707263,43.18736400451926,18.831368010915643,6331.394,8.44,65.074,"Pass"
193.346,52.977735941438354,2.3683965533292644,48.998752633174846,20.569617494328405,9634.4,7.402,56.562,"Pass"
150.843,60.82994312703353,2.938595493327499,43.78067187096324,21.839714734152466,7748.007,7.991,59.794,"Pass"
154.053,58.17622650790454,2.9249237600046727,47.33917949837854,19.904361777027454,7782.583,7.556,64.366,"Pass"
174.083,64.7813207875937,3.0513444736131614,46.9383662807696,24.844863199685914,8052.864,7.998,58.052,"Pass"
149.724,72.26698606918218,3.180764606876653,55.650612417214624,23.254258208839968,7432.825,7.828,59.131,"Pass"
159.831,63.78174446759397,3.0254676502055293,45.91651726575362,23.170418737281402,8205.097,7.698,60.288,"Pass"
124.471,62.311899514300116,3.1197319857637513,50.00940964946272,24.065166233825266,4498.29,9.087,58.215,"Pass"
174.032,58.863120958597605,2.9469890594833132,47.08329685723472,21.524792374438878,7252.329,8.687,61.441,"Pass"
177.796,64.9235953314786,3.0494346329501223,54.46408360062139,21.311202917962735,8488.706,9.013,58.711,"Pass"
210.649,65.40316408390785,3.0086128108844563,40.27132928198216,21.30226539429176,8748.188,8.473,57.033,"Pass"
181.298,56.133780969576215,2.8894994980639606,43.629054343092555,17.634829798348356,7254.967,8.363,60.606,"Pass"
212.85,67.45778195390604,2.753758985200846,56.77168751544475,24.31515645774252,8370.648,8.393,57.914,"Pass"
119.58,65.7409265763506,3.553685900652283,45.3591121180495,19.144598374090403,5320.396,8.447,52.936,"Pass"
154.203,61.78807589130351,3.1358891850353108,41.6847826203902,19.123944980773068,7273.629,8.864,41.3,"Pass"
173.157,57.765611554831786,3.173443753356779,41.48140485806082,22.29015464054101,7485.449,8.289,61.641,"Pass"
86.271,73.1694312109516,3.0573648155231767,61.048991962079626,22.48106964159456,5760.23,7.687,62.081,"Pass"
237.743,60.079067639332344,2.6811499812823087,50.85099697428526,20.05115303242414,10209.435,7.974,58.966,"Pass"
73.657,62.70478931624517,3.1333298939679866,46.56648362092975,23.7714595772555,5140.717,8.209,60.76,"Pass"
145.443,66.68293879159995,3.4255135001340733,42.76985489830391,20.607708617683137,6295.801,9.053,57.256,"Pass"
187.709,66.73449032515465,4.87904149508015,52.07338192439668,20.09025965869351,7584.759,7.804,57.552,"Pass"
145.597,65.28431217676184,4.050914235870245,37.009243922339685,22.809934038094525,7048.32,8.768,41.745,"Pass"
184.203,67.25309697573991,2.9433683490496896,53.389370381571794,22.966380884605645,8644.469,9.236,56.793,"Pass"
169.701,56.97444328554346,2.741567344918415,49.23132128924205,21.22761993874656,7647.226,8.533,61.977,"Pass"
128.167,71.60407905311037,4.287406274626074,59.6332566813017,23.079241505990804,7785.966,8.441,60.528,"Pass"
179.957,67.15925347598476,5.231713798296259,46.86476196193826,19.82080531433764,8272.248,8.391,58.167,"Pass"
202.781,67.12331694455271,3.016954842909346,56.765793050581394,22.7352842096155,8406.404,7.961,57.186,"Pass"
155.358,61.768803523331826,3.183315954118874,45.10279470702848,22.00167259027089,8665.902,8.158,61.069,"Pass"
176.14,63.15052420423155,3.1197002384466903,41.070270250075204,19.945046047275167,9545.106,8.223,59.698,"Pass"
130.744,66.45459829896598,1.9053148136816984,50.240255186627614,21.50158191079161,6576.441,7.896,60.027,"Pass"
176.351,61.0720287003382,2.638185890638556,43.71973769826088,20.094042202075,7272.354,8.681,58.337,"Pass"
73.657,62.70478931624517,3.1333298939679866,46.56648362092975,23.7714595772555,5140.717,8.209,60.76,"Pass"
166.836,62.187137867926225,3.0521412644752934,45.9622359734644,18.68982956377791,6138.657,8.341,52.643,"Pass"
176.072,65.41539824617207,3.0376809487028034,52.23037869172848,22.795711003923927,8356.294,8.566,59.286,"Pass"
108.504,64.37653092154315,2.802282680822827,54.97800636664204,22.087608848413524,4887.587,9.163,56.194,"Pass"
132.298,69.07165809174916,5.898015691847194,54.88490969607493,21.24011950893466,7834.989,7.643,59.595,"Fail"
184.203,67.25309697573991,2.9433683490496896,53.389370381571794,22.966380884605645,8644.469,9.236,56.793,"Pass"
150.285,67.88198718730715,3.0226345942708854,47.67235759279158,19.75832314222643,5266.61,8.714,57.007,"Pass"
149.406,67.57171733397593,3.0894566483273764,54.526490758346306,21.77918408035082,8673.907,8.682,57.515,"Pass"
65.982,60.67149626665856,3.6088387742111485,57.78538549299536,17.788190754911263,4316.92,9.482,56.986,"Pass"
171.124,67.10330910139233,2.997068792220846,46.735011023467365,20.03119066961502,5678.436,8.646,57.41,"Pass"
189.577,63.16311226221189,2.859931742774703,43.767825956367794,19.76393583016934,7806.649,7.975,57.459,"Pass"
192.603,68.02247801609187,3.176384168470896,56.00379297980494,23.51691843553999,9277.977,8.027,57.227,"Pass"
200.736,55.61032068654025,2.846944045911048,46.57148485919577,20.40676665841628,7694.521,9.206,41.842,"Pass"
190.711,58.300290317111525,2.785299222383606,47.08844011035793,18.396476514522202,7055.088,8.527,52.619,"Pass"
193.55,58.49048480151559,2.801225936450529,49.15629297322652,20.57227198276633,8658.698,8.791,57.916,"Pass"
93.759,70.75836275273134,13.675231177806932,60.20533182251897,22.425716686364595,4773.234,8.287,60.086,"Pass"
95.714,69.19408051300988,3.6360323463652127,42.11444008273641,24.138319814998876,5352.717,7.721,60.513,"Pass"
186.632,58.22713503936449,2.8265455013073852,41.18117339656788,22.16554516309484,7324.031,7.649,59.136,"Fail"
161.384,73.36781286317803,3.5865443910176977,53.405687716457315,23.6268094929854,8384.595,8.496,59.452,"Pass"
190.225,62.577532454257444,2.850189407280851,51.5544839649998,20.655373823791386,8535.712,8.298,58.684,"Pass"
191.962,75.42430272658137,5.038117127348122,63.22150445680743,21.558277250779064,7453.556,8.655,57.609,"Pass"
156.568,59.94900334394999,4.53918961729089,49.00002391442364,21.928570632063206,8255.45,7.757,61.756,"Pass"
201.816,56.55510189699745,2.4868212629325726,47.365125894226516,18.808468782728923,7836.969,*,*,"Pass"
180.942,63.186582809224376,1.9841124780316346,54.47754761835444,20.849563452825155,6644.556,7.571,60.681,"Pass"
180.276,65.87735842079177,3.088767889236504,48.88443700971816,19.37932023288352,7735.742,8.254,57.276,"Pass"
102.061,66.61865616314432,3.481701335475843,49.45852741164187,19.469606137719797,4754.616,8.863,53.426,"Pass"
122.607,73.77849551820039,4.87025765249945,33.64235157502359,24.181330983968614,7266.766,8.332,41.633,"Pass"
190.221,66.15293673031783,4.987936347721861,46.02043984085729,20.851829256995348,8984.01,8.134,57.853,"Pass"
102.708,64.04800231941257,5.3144900105152475,47.57783299071525,17.563594392836496,4721.95,8.691,52.828,"Pass"
229.323,56.1069757503609,2.747643803717899,41.69849689599257,17.539982417495125,7295.696,9.371,41.067,"Pass"
138.808,59.763510268380365,3.1405959310702554,41.00245306288639,23.271425659550832,8226.632,8.361,59.592,"Pass"
164.627,59.47852485382784,2.9150756558766178,43.190363531803705,21.554454902975063,7498.827,7.887,62.362,"Pass"
150.796,69.13065775396338,3.7169028356189813,46.46420532181712,19.07709768193293,9731.258,7.192,59.754,"Pass"
175.221,58.502234321228656,3.156969541322101,43.94279313407482,24.257154295059298,6583.321,8.045,61.749,"Pass"
166.77,63.76618496532154,3.1631818672423093,48.78304779361865,19.817506389682013,7645.442,9.209,53.61,"Pass"
182.247,59.81247671810484,3.0754639582544563,41.764991059764355,20.080013571345475,7535.325,8.816,40.66,"Pass"
93.141,60.95561210065033,2.910518890714078,49.697930814119786,20.89733300727999,4110.213,8.292,48.742,"Fail"
164.482,62.56118535091317,1.9822171423012853,48.02365948112507,18.495170232406398,7577.358,7.718,60.492,"Pass"
160.133,66.73819987135698,3.3400395920890755,51.92718692472641,21.677317840949655,8542.894,8.381,59.451,"Pass"
133.723,69.23491097268239,6.081720571629412,52.280893102561045,19.445424256843804,6954.061,8.244,57.734,"Pass"
180.314,68.34321116373542,5.201039076278049,45.99268303547828,21.0418997437356,6749.535,7.85,58.195,"Pass"
209.618,56.87019032504635,2.9884578614431967,49.038605817021875,18.73381259842026,8611.096,8.168,57.61,"Pass"
155.252,64.74835178362353,3.232681833406333,49.454071752401155,22.290575882186914,8257.895,7.078,67.695,"Pass"
151.247,57.81026327060302,2.8096409184975566,40.64402365193027,22.057321664945896,9290.6,8.047,59.671,"Pass"
171.744,60.3758306937457,2.922258244829514,47.833113490171854,17.500583770438205,7704.105,9.276,41.922,"Pass"
173.427,64.25912151318235,5.428702105208531,54.922166546622385,19.90098060381152,8339.562,8.808,60.611,"Pass"
133.856,56.41908717826127,2.8462634472866366,43.83283000047191,15.74809431510417,5223.379,8.04,64.998,"Pass"
168.687,72.1152588324333,5.320642373152642,52.578786361755675,20.157703908889516,8024.997,8.251,58.063,"Pass"
138.584,66.95480318394945,2.960632684869826,54.81155992565129,24.922452700226334,6591.66,8.611,57.146,"Pass"
191.94,61.9446238986721,2.9774104407627378,51.78188277831978,22.12105095334204,7399.439,8.378,61.612,"Pass"
146.778,59.0252247914841,4.217987981850141,49.60613923373327,21.551415717909506,6531.355,8.138,58.598,"Pass"
94.558,71.80777935235513,2.8281613401298675,60.40323583234791,21.934592907051183,5179.008,7.983,59.607,"Pass"
174.607,63.01625937104465,2.979245505621195,45.81274530114383,19.105608006151684,7824.52,8.567,53.352,"Pass"
96.234,69.40125111706887,2.9311752603030117,55.290000024230594,21.125691122995583,5818.079,7.678,60.636,"Fail"
138.928,62.193974176871855,3.0324081538638716,43.63701792850671,22.379282411567704,7880.403,8.409,60.996,"Pass"
128.64,57.99231274184638,2.9901492537313437,44.28583465025623,20.930795562024503,6932.659,7.2,60.396,"Fail"
207.431,58.21104635062053,2.5784504726873028,44.47349813392811,22.071727377737997,9314.391,8.243,60.438,"Pass"
186.632,58.22713503936449,2.8265455013073852,41.18117339656788,22.16554516309484,7324.031,7.649,59.136,"Pass"
142.319,66.35804854665308,2.831453284522797,53.02805407013986,23.566971476657898,7315.075,8.902,62.13,"Pass"
166.272,60.01161416901895,3.040461893764434,44.637851013189305,19.437793966598164,6755.611,8.441,62.063,"Pass"
154.053,58.17622650790454,2.9249237600046727,47.33917949837854,19.904361777027454,7782.583,7.556,64.366,"Pass"
165.455,64.278236109852,4.383942945211689,52.94181204673795,20.201164671961624,7955.943,8.853,60.41,"Pass"
143.907,61.12382765721385,2.4692747399362087,57.366547707789145,20.16944324772133,6681.067,8.123,60.58,"Pass"
54.256,104.86238081195316,6.954550280153346,72.56350181411527,20.453465025539487,7678.598,7.993,60.916,"Pass"
181.431,49.188200717873194,2.099913686194751,41.64855795629304,19.6979942597093,8053.817,8.633,55.861,"Pass"
169.187,64.45487340437903,3.074687298669519,49.35547051059739,21.606844801897676,8231.35,9.281,41.146,"Pass"
169.335,49.111432630256225,3.0287323943661972,41.92337465506666,18.00374539559982,5912.702,9.052,41.955,"Pass"
135.316,65.26606034927305,3.0592071890981107,45.56424081379985,19.276449917456077,5286.136,8.93,59.12,"Pass"
150.507,69.52996649103802,6.54749506667464,56.55006694551438,22.456110752267676,6776.155,9.018,63.205,"Pass"
122.607,73.77849551820039,4.87025765249945,33.64235157502359,24.181330983968614,7266.766,8.332,41.633,"Pass"
236.765,55.88314714308848,2.6303347200810934,51.68187781624152,21.895065484116707,8915.998,9.395,59.32,"Pass"
149.904,56.845714590671406,2.639308357348703,44.27010331826253,20.468360655856944,4886.753,8.45,59.509,"Pass"
157.761,67.96691760884437,3.018723258600034,54.16925844741611,6.447053625680169,6048.463,9.123,58.169,"Pass"
111.827,67.02756142175967,3.046603056506926,52.77914822420858,22.044320780591487,6451.12,7.343,62.163,"Pass"
175.334,62.409458519169185,3.113147706662712,45.20036959934598,22.2506822098311,7877.713,8.582,59.68,"Pass"
195.962,50.60760079335114,2.916300915483614,35.66507559209211,17.675857933333774,7350.471,8.602,41.056,"Pass"
229.323,56.1069757503609,2.747643803717899,41.69849689599257,17.539982417495125,7295.696,9.371,41.067,"Pass"
194.442,56.41788639628617,2.8825772209707776,43.590689473271645,20.001510326368184,8552.905,8.317,56.86,"Pass"
155.719,67.94682158960127,3.128885235584611,56.55830939514943,22.26069475716415,9087.94,7.922,56.761,"Pass"
192.727,60.984086298235376,2.908228115417144,47.23354929678023,18.461326313656254,6098.412,8.999,53.437,"Pass"
179.432,58.32754965050214,2.7562173971198,40.76882640154628,19.03152744260049,8111.339,8.085,57.566,"Pass"
132.298,69.07165809174916,5.898015691847194,54.88490969607493,21.24011950893466,7834.989,7.643,59.595,"Fail"
123.483,72.56637215919066,2.9370248536235755,59.860437021558745,22.344220658897243,8052.17,7.816,59.551,"Pass"
161.909,71.77332122776792,2.7603772489484832,65.11625240235826,19.805632558541607,8269.94,7.556,61.059,"Pass"
148.397,65.68798560617807,1.555231439988679,54.354477852377826,21.147016533204642,5468.673,8.457,58.62,"Pass"
143.053,70.26505327862164,3.1498345368499785,57.17201122540577,22.256187808229235,10715.36,8.154,59.875,"Pass"
145.035,58.40720439127725,3.005756127831213,39.830148649536895,20.4915796048429,8815.753,7.784,61.875,"Pass"
119.23,67.95176456335567,2.703813469764321,59.43206892449195,21.107928832855468,5932.421,7.751,59.811,"Pass"
143.748,57.00870041090432,3.109120961682945,41.74227771232276,22.2050119908672,8047.089,8.283,60.843,"Pass"
193.55,58.49048480151559,2.801225936450529,49.15629297322652,20.57227198276633,8658.698,8.791,57.916,"Pass"
92.645,62.91588560874551,3.16335258243834,48.24868914680509,20.660400559433988,5225.285,8.646,60.651,"Pass"
171.704,65.2372687881471,7.040656012672971,56.30641187707616,20.31707972972949,7951.206,8.831,59.997,"Pass"
197.707,67.60246222946083,4.558192476745892,51.35142897719401,19.976927428922927,8079.985,8.048,58.022,"Pass"
245.632,47.25113629784027,2.565211047420531,35.00408966290487,17.757057240975918,7136.054,9.121,40.524,"Pass"
86.094,70.92129274720403,2.8934476270123355,61.07001164435512,22.51057215418745,3694.365,8.604,61.225,"Pass"
183.309,54.493232738163485,2.9177539564342174,39.82364256047682,20.9814559208,8292.802,8.159,59.411,"Pass"
232.161,56.58202712772607,2.5878206933981165,42.49845684689348,18.612701265727605,7227.994,9.199,41.343,"Pass"
209.501,61.79959894118782,2.7977794855394484,43.49609856051724,21.680659357477673,7343.761,8.174,58.353,"Pass"
87.968,70.79847217169886,3.7896253182975617,42.91777861021597,21.586329271862425,7536.85,8.046,61.606,"Pass"
155.09,67.31487809945486,3.0707124895222133,55.7526383896149,22.21600290424731,8343.814,7.726,58.054,"Pass"
182.455,56.80260886245921,1.8672685319667863,53.80751574394013,20.926926268579855,4542.717,8.857,61.607,"Pass"
168.201,68.67925874400278,5.3577954946760125,52.44216824250673,19.69713122835079,8656.396,8.095,58.171,"Pass"
178.629,59.336576554385594,2.2969188653578088,51.579607831237176,20.9979537333932,8632.829,7.673,60.129,"Pass"
153.214,69.34418525722198,3.1322213374756878,56.901359525632905,21.199455036428724,9279.741,8.495,60.012,"Pass"
200.525,71.14640734737985,2.849939708265802,58.38268027883387,22.020219763762878,7634.757,8.255,57.973,"Pass"
209.618,56.87019032504635,2.9884578614431967,49.038605817021875,18.73381259842026,8611.096,8.168,57.61,"Pass"
140.356,64.59764218606027,2.897154093875573,40.84004862154074,19.875284456907348,5030.482,8.75,58.627,"Pass"
201.747,58.44172266364423,2.7963609867804724,42.306541961937235,19.335646212308944,7273.546,7.825,43.018,"Pass"
135.501,64.4003447289031,3.0009591073128603,45.43466162179664,22.356299826776947,4105.006,10.087,61.149,"Pass"
197.283,60.29463596288923,2.878204406867293,47.662034936757564,18.031006422673826,7204.408,9.167,53.65,"Pass"
73.657,62.70478931624517,3.1333298939679866,46.56648362092975,23.7714595772555,5140.717,8.209,60.76,"Pass"
179.329,65.55796577488556,2.941653831784039,53.262809966297354,21.849107152124716,7779.073,8.202,58.887,"Pass"
196.724,67.07658106450329,2.830517476261158,52.61452191850006,22.053299336335513,7933.372,7.762,60.459,"Pass"
147.482,57.55962686218579,2.7571700953336684,39.57434227132151,22.626622631600352,10778.555,7.971,59.678,"Pass"
181.593,57.5625345323517,2.723417752886951,40.58359848920237,19.121335071552032,10290.78,7.302,57.011,"Pass"
144.146,65.68041353134251,4.34583380738973,53.274454302484855,21.817859075736305,6961.181,8.965,61.65,"Pass"
109.223,65.55884139177041,3.018616957966728,54.67447730127568,23.623990006888736,5577.166,7.781,59.061,"Pass"
170.25,57.92167074563546,2.8403143612334802,42.218568653999384,20.014909834454016,6807.445,8.651,65.156,"Pass"
153.799,60.909195335036806,3.19176483592221,39.755641581228765,21.205588087059954,8529.235,7.665,61.845,"Pass"
186.503,66.91241785208108,1.8070975801997822,50.726356711831606,22.21033977712094,7247.913,7.574,60.369,"Pass"
226.601,66.46640276668394,3.9123089483276767,51.5068296332504,18.8840562613686,10744.974,8.078,56.371,"Pass"
92.62,69.14093428345217,3.243311595767653,53.428080345889654,20.56850951846888,4945.741,8.864,61.536,"Pass"
69.595,60.79453345147725,2.6845514763991662,50.89389255731526,17.310263078000048,3996.395,8.624,61.444,"Pass"
118.838,63.19635881526865,3.3292623571584845,43.46206306439559,21.135720149106046,8042.458,7.471,60.352,"Pass"
119.618,60.87874177242002,5.941345282482569,47.86426059438273,19.827581903884003,7803.13,7.586,61.45,"Fail"
219.945,58.50654582837633,1.63226843074405,48.52693650767955,20.459622531327316,8356.629,8.002,58.113,"Pass"
127.636,60.795317238953885,3.013670124416308,50.780517826076014,19.096600658176065,5037.64,9.209,61.863,"Pass"
237.877,65.86717785522217,3.1262462533157898,58.70358738743133,23.197967013394383,6547.529,9.702,59.759,"Pass"
176.134,62.62883183636706,2.8494232800027253,51.237859583498945,22.515821189862205,7542.703,8.986,63.626,"Pass"
179.076,62.29799389954861,3.150379950412115,43.205197447352965,18.411092185455626,7002.799,9.123,41.225,"Pass"
170.041,63.55428004618499,3.253141065978206,45.49049009341014,23.625001685107698,8027.514,8.136,60.881,"Pass"
146.38,59.31903265473429,3.42861265200164,41.55940641408139,19.69998740692594,6128.15,9.341,41.668,"Pass"
148.898,60.34582958356284,2.927774986903786,43.840030303067735,20.024090566215413,6496.873,7.951,60.834,"Pass"
214.364,59.655787974348975,2.58050493553022,43.01751194214486,19.966937987283046,9331.476,8.894,57.095,"Pass"
69.595,60.79453345147725,2.6845514763991662,50.89389255731526,17.310263078000048,3996.395,8.624,61.444,"Pass"
201.413,67.93236892465846,4.710769612686371,46.45721203988626,20.596055393335266,7763.433,8.142,57.878,"Pass"
170.838,68.7711945429784,4.117146770624802,52.70826367948858,23.10276931305231,7990.905,8.693,60.657,"Pass"
183.992,60.285229792599736,3.106027218574721,42.65986246013126,21.554206973429228,6237.373,8.043,61.3,"Pass"
253.268,55.26872719806692,2.299833536017183,47.725995848000665,18.82720913288318,8658.982,9.488,51.275,"Pass"
126.275,66.16163136012669,2.988129716887745,53.131034073845136,24.03633700721131,5537.452,9.34,58.762,"Pass"
60.053,76.4911735374494,6.344219939053836,67.27820045051745,21.511703923608867,5559.074,8.089,62.478,"Pass"
145.088,65.93216990148514,2.9541596823996468,49.10439858984904,21.99902976769432,8256.118,8.468,61.31,"Pass"
200.278,63.35833191863305,2.9266199982024985,44.661936474528474,19.120791834035533,6510.834,8.633,40.38,"Pass"
158.036,62.27475596277647,3.268456301095952,49.488019926503675,21.469064857285723,7913.792,8.189,62.022,"Pass"
112.456,70.06805624718416,3.7136572526143556,55.16618829035365,24.283911310971273,5212.552,8.144,57.127,"Pass"
137.52,67.61870596600095,4.848251308900522,54.54010874535499,21.373531602692353,4984.153,8.429,64.028,"Pass"
96.094,74.7319175899525,3.354795096468041,53.89437239104116,27.872787130110318,6347.767,8.423,61.05,"Pass"
174.695,70.96207676235731,3.0406548556054838,57.911479758421116,23.28320031522427,5878.901,9.243,58.345,"Pass"
128.167,71.60407905311037,4.287406274626074,59.6332566813017,23.079241505990804,7785.966,8.441,60.528,"Pass"
170.779,59.927794921441745,2.788614525205089,44.36100412667703,22.359212770830293,7968.976,7.888,60.178,"Pass"
156.189,52.39360290701939,2.8145592839444515,39.380871175128256,19.834030131898196,8519.234,8.374,57.303,"Pass"
212.85,67.45778195390604,2.753758985200846,56.77168751544475,24.31515645774252,8370.648,8.393,57.914,"Pass"
204.89,52.74322807360052,2.2885942700961492,48.88455747801877,20.32444188465553,8239.697,7.955,57.531,"Pass"
160.58,63.61132561132565,3.079795740440901,47.77513555784135,21.168862482596147,7304.721,7.462,61.549,"Pass"
139.436,59.03544756495219,2.837451447258957,45.436992866102756,17.85302443128709,5316.345,8.843,52.904,"Pass"
179.944,69.27157584828856,3.074108389276664,42.713255134583434,19.42888985536754,7214.941,8.094,43.003,"Pass"
152.618,74.96573143403789,0.7921141673983411,60.34518188736464,23.69284707525629,7170.401,8.198,58.31,"Pass"
119.026,62.74214597370878,5.66311763816309,52.40885726656618,20.12075584347102,5457.961,8.641,62.207,"Pass"
186.246,61.84472865636493,3.0684372281820815,45.23516700082441,21.737314806847635,7952.354,9.039,59.94,"Pass"
183.309,54.493232738163485,2.9177539564342174,39.82364256047682,20.9814559208,8292.802,8.159,59.411,"Pass"
171.645,64.35717129346428,3.0093143406449356,47.386676219922926,23.574206122339895,6825.758,8.034,56.126,"Pass"
140.179,61.08913127739062,3.0053460218720347,44.440771902429724,18.931587852868443,7526.136,7.296,61.69,"Pass"
195.847,66.77151041374138,1.5899431699234605,55.53121991204991,22.741260906158175,8547.691,8.81,59.296,"Pass"
155.759,68.2148704087725,2.046188791658909,60.6550713909161,21.251215127197188,9451.533,8.119,58.865,"Pass"
201.715,62.320644914304346,2.9057710135587342,49.99682334104404,22.67771608384718,6621.362,8.226,60.455,"Pass"
147.167,62.51892219194677,3.1364596682680226,39.75932720266824,22.85463296797844,7605.719,7.756,60.195,"Pass"
76.181,69.50158175923136,4.808758089287355,58.77330468757551,19.789521325593597,5591.519,7.916,60.183,"Fail"
172.087,62.82150565960506,2.980297175266,46.49936750412983,19.937342493145156,6970.821,7.849,53.893,"Pass"
226.601,66.46640276668394,3.9123089483276767,51.5068296332504,18.8840562613686,10744.974,8.078,56.371,"Pass"
150.451,62.579858041636356,3.019299572618327,41.306202021666,20.521774842064378,7975.156,7.877,58.22,"Pass"
167.44,70.77122153209115,0.6126020066889634,56.50339222104387,23.954484833946843,7682.825,7.848,57.838,"Pass"
120.929,80.07569179711517,4.51372822069148,44.23459089208432,25.525197019703793,7843.113,7.947,61.807,"Pass"
149.015,61.06791635443111,2.8763085595409863,47.4064022772232,18.476287131262648,5258.446,9.09,53.409,"Pass"
141.048,57.24724128586647,2.805022970903522,42.97174971388053,21.83235435901867,9409.085,8.285,61.411,"Pass"
129.671,66.339376833165,2.994626092187151,49.39009136975151,24.654923152077302,6923.964,7.967,62.628,"Pass"
120.821,60.736700481612445,3.2139790268248065,48.023857844941524,21.311849088127744,6136.273,8.638,61.308,"Pass"
129.131,57.88153115828118,2.836933036993441,41.52107712739988,18.29698704378207,4680.889,9.117,41.639,"Pass"
162.208,60.25802262116137,2.9585480370881827,44.13790536021346,19.222267535352806,6641.296,8.238,64.105,"Pass"
252.185,63.08931053701763,2.469501358129944,52.32097971228227,22.17699951006469,10117.485,8.103,54.548,"Pass"
171.443,63.74408857624859,3.098331223788664,48.65549014376672,19.303289451055942,7306.053,8.933,52.471,"Pass"
204.794,60.92718645186008,2.862083850112796,41.57895240161245,20.096316898696735,8885.063,7.786,57.369,"Pass"
206.476,72.07853051524962,2.8742532788314383,60.91092779248411,22.66425644201095,8497.386,8.246,58.308,"Pass"
183.652,66.70717806866617,2.9123045760459996,53.63831483405291,21.63329258321249,8383.402,7.931,61.255,"Pass"
195.25,68.3421596244132,3.2083716261203588,50.635374526347285,23.797149809079322,7843.271,8.09,57.169,"Pass"
132.698,65.15747537013867,3.174775806719016,40.46164485130793,18.795040564341214,7152.934,7.828,58.801,"Pass"
214.363,64.3429862222285,2.8881282684045293,51.828964165309976,22.17887648883898,8413.009,8.217,57.67,"Pass"
229.409,63.33787156466307,2.714676407638759,49.833661507391916,22.248675433713462,7828.26,8.294,58.428,"Pass"
241.245,51.67598637622891,2.885193060996082,35.87425993019596,20.24112377489451,7464.878,8.509,40.806,"Pass"
166.975,61.075676664836784,3.5322710585416983,42.76536385588713,20.746752331281847,6835.499,8.998,55.254,"Pass"
206.339,46.80220413978935,3.5508168596339034,37.5924615243331,18.382867264881504,7008.548,8.382,42.221,"Pass"
182.347,67.43024136521157,3.174227599028226,55.482409417390805,24.033151382971127,7976.503,7.984,58.235,"Pass"
105.885,64.74401473296507,3.1483756906077347,45.52098586915857,22.31143758317734,6237.445,6.893,60.342,"Pass"
135.316,65.26606034927305,3.0592071890981107,45.56424081379985,19.276449917456077,5286.136,8.93,59.12,"Pass"
141.291,67.55985873127088,3.189115230269443,47.94760991709886,19.675236238442587,4865.78,9.408,52.517,"Pass"
96.094,74.7319175899525,3.354795096468041,53.89437239104116,27.872787130110318,6347.767,8.423,61.05,"Pass"
92.62,69.14093428345217,3.243311595767653,53.428080345889654,20.56850951846888,4945.741,8.864,61.536,"Pass"
110.688,51.86253252385078,3.077953165654813,35.61760163115452,17.79376162255394,4559.689,9.201,41.486,"Pass"
79.926,58.26998306767097,4.491770888071466,51.954369018388626,25.666956611997833,4927.118,9.061,61.357,"Pass"
166.006,65.07502406204858,3.1998072358830405,48.857177735127536,19.43347472776108,7417.079,9.179,41.066,"Pass"
183.309,54.493232738163485,2.9177539564342174,39.82364256047682,20.9814559208,8292.802,8.159,59.411,"Pass"
188.026,64.86691556841434,3.1368053354323338,39.5245492833599,19.24158055721353,8165.793,8.479,56.495,"Pass"
165.264,61.274808790783275,2.9481731048504205,42.611758161676946,20.464384362998647,8150.204,8.124,43.863,"Pass"
170.779,59.927794921441745,2.788614525205089,44.36100412667703,22.359212770830293,7968.976,7.888,60.178,"Pass"
171.443,63.74408857624859,3.098331223788664,48.65549014376672,19.303289451055942,7306.053,8.933,52.471,"Pass"
169.599,60.212291608113574,3.024017830293811,46.212295972390784,22.335037188772024,6892.165,8.544,63.587,"Pass"
163.878,68.26810188066739,3.2637117855966022,44.143441900590794,22.00344655707132,4819.401,8.373,57.999,"Pass"
79.482,64.75769496377931,3.5489635389144714,45.43652564948254,17.581645745901394,4499.64,8.539,53.743,"Pass"
206.339,46.80220413978935,3.5508168596339034,37.5924615243331,18.382867264881504,7008.548,8.382,42.221,"Pass"
152.886,62.04500957140185,2.8993273419410537,48.135813708626706,22.04420988090211,8224.234,7.884,60.218,"Pass"
142.408,64.0490234631014,2.8811325206449077,50.94340159200183,21.707458119444272,7192.293,7.78,60.209,"Pass"
197.785,66.94539806130683,3.093162373284122,54.44510856801033,22.53166003108047,6981.795,7.834,56.859,"Pass"
172.052,69.38863444385038,2.917026945342106,56.4688364503611,22.902495177236805,7516.394,8.274,60.639,"Pass"
124.709,63.71141350397054,3.2900297492562687,40.84902527190097,20.276035674925723,6028.704,8.321,58.168,"Pass"
178.255,57.601775234604666,3.04158245210513,39.5801265436183,19.389123301512825,6469.607,8.442,64.749,"Pass"
169.565,63.07791505715612,3.0678331023501313,48.29619471357758,19.675254696346634,6156.502,9.112,54.941,"Pass"
152.618,74.96573143403789,0.7921141673983411,60.34518188736464,23.69284707525629,7170.401,8.198,58.31,"Pass"
152.618,74.96573143403789,0.7921141673983411,60.34518188736464,23.69284707525629,7170.401,8.198,58.31,"Pass"
176.564,56.280354117738916,2.655751342289481,43.20886488981355,21.189442288928337,8751.547,8.363,60.759,"Pass"
123.226,61.48031530142453,3.1809806372031875,40.0660555183962,20.129337064424043,4934.329,9.324,40.482,"Pass"
210.09,60.98684690688123,2.807372840211338,40.772173753823076,20.086675424110854,7299.872,7.941,57.649,"Pass"
99.689,70.79891796821455,3.123570303644334,53.3419801104147,23.572175732649107,4741.665,8.633,59.998,"Pass"
169.335,49.111432630256225,3.0287323943661972,41.92337465506666,18.00374539559982,5912.702,9.052,41.955,"Pass"
258.982,60.31182776323371,2.2632368272698486,43.897553585505754,22.16430140256532,9439.243,8.943,58.931,"Pass"
126,58.828571428571486,2.7911314285714286,44.145656319584454,22.022470849015505,6113.623,8.123,61.098,"Pass"
132.555,60.56848519901598,2.7083797668892156,58.98494687900083,18.706745824246916,7773.465,7.771,63.095,"Pass"
147.167,62.51892219194677,3.1364596682680226,39.75932720266824,22.85463296797844,7605.719,7.756,60.195,"Pass"
110.51,68.97720668818312,3.248658763912768,49.86754356422029,20.732447124829914,6794.318,8.792,61.534,"Pass"
241.245,51.67598637622891,2.885193060996082,35.87425993019596,20.24112377489451,7464.878,8.509,40.806,"Pass"
245.632,47.25113629784027,2.565211047420531,35.00408966290487,17.757057240975918,7136.054,9.121,40.524,"Pass"
137.349,60.78874497326767,2.693862787497543,51.27327596618149,20.15324483704168,5853.298,8.697,58.28,"Pass"
107.822,70.46519057129143,3.1937437628684306,53.670309833757656,22.801263107770524,6433.659,8.225,61.107,"Pass"
151.453,49.86501863064234,2.926759852891656,36.23013276086974,19.135149232433292,7931.592,8.447,42.621,"Pass"
113.448,77.48897194211344,3.1322360905436857,59.47891875768295,21.93346425478977,7089.774,7.584,61.445,"Pass"
173.427,64.25912151318235,5.428702105208531,54.922166546622385,19.90098060381152,8339.562,8.808,60.611,"Pass"
133.698,48.90138803705204,2.822226809675537,34.90821286177569,17.633814698505475,4949.169,8.786,41.082,"Pass"
184.248,61.17441950221688,2.922766705744431,44.889367869526566,20.940564603603672,7826.015,8.739,60.407,"Pass"
224.3,67.32697280427993,5.422360766830138,57.85595202667595,24.007776413150776,9303.923,9.312,59.597,"Pass"
169.349,66.74966423710148,3.201538125409657,48.633212376299866,21.82412492371129,5784.699,9.148,52.96,"Pass"
139.436,59.03544756495219,2.837451447258957,45.436992866102756,17.85302443128709,5316.345,8.843,52.904,"Pass"
169.701,56.97444328554346,2.741567344918415,49.23132128924205,21.22761993874656,7647.226,8.533,61.977,"Pass"
226.225,60.45146793384173,2.590949718200907,43.267246518211756,22.710444882990476,8478.97,8.327,58.211,"Pass"
137.049,42.61907946954905,1.6305479062233212,41.15128410449592,18.51814501870407,6589.275,8.509,57.889,"Pass"
170.838,68.7711945429784,4.117146770624802,52.70826367948858,23.10276931305231,7990.905,8.693,60.657,"Pass"
93.532,62.50096223752294,2.9766856263097123,48.14289801895237,19.439148315500653,4490.122,9.389,40.524,"Pass"
179.432,58.32754965050214,2.7562173971198,40.76882640154628,19.03152744260049,8111.339,8.085,57.566,"Pass"
109.29,59.18768617643166,2.882687894592368,47.028941899198756,15.78396484535536,4391.022,8.025,53.648,"Pass"
204.89,52.74322807360052,2.2885942700961492,48.88455747801877,20.32444188465553,8239.697,7.955,57.531,"Pass"
151.453,49.86501863064234,2.926759852891656,36.23013276086974,19.135149232433292,7931.592,8.447,42.621,"Pass"
187.709,66.73449032515465,4.87904149508015,52.07338192439668,20.09025965869351,7584.759,7.804,57.552,"Pass"
133.644,62.82910817794544,3.070069138906348,48.12505555527238,21.927825216470385,8190.562,8.144,61.367,"Pass"
157.368,61.38706725636729,3.794466981851457,42.59844795040142,22.646811989791658,6488.86,8.736,42.05,"Pass"
174.607,63.01625937104465,2.979245505621195,45.81274530114383,19.105608006151684,7824.52,8.567,53.352,"Pass"
165.404,59.782230175811996,2.9235297816255956,43.74548862864301,19.335723649999498,6450.382,8.056,64.573,"Pass"
173.313,61.45913270595211,3.06490107493379,50.434347673106856,20.964126682638284,7301.787,8.982,60.966,"Pass"
109.264,57.13403621808957,3.017484258310148,44.121068461688694,20.59049265754939,4806.681,8.737,64.047,"Pass"
200.736,55.61032068654025,2.846944045911048,46.57148485919577,20.40676665841628,7694.521,9.206,41.842,"Pass"
184.402,58.10615454881791,2.9799242958319327,40.26258297019378,20.879087634365177,8072.033,7.785,59.804,"Pass"
257.006,60.430236388774375,2.879305230228088,40.09873172118978,23.051984854489948,8846.151,8.424,57.297,"Pass"
173.313,61.45913270595211,3.06490107493379,50.434347673106856,20.964126682638284,7301.787,8.982,60.966,"Pass"
153.237,71.97195629428062,4.064104622251806,60.523946662066514,22.736516279771582,8118.711,7.789,60.867,"Pass"
100.72,78.2871105815904,2.473277204130262,48.66061380309918,22.86325302374919,6325.654,7.732,64.168,"Pass"
200.762,60.92648121767184,2.97430629302358,45.789835113806326,18.54422702697774,7074.619,8.727,63.732,"Pass"
207.984,60.79371490114629,2.8710270020770827,40.89012172968004,19.46349447713435,7601.609,8.276,59.104,"Pass"
133.856,56.41908717826127,2.8462634472866366,43.83283000047191,15.74809431510417,5223.379,8.04,64.998,"Pass"
169.787,57.362800319092656,3.0206694269879324,41.64214089779202,19.24266806193227,6524.679,8.376,65.712,"Pass"
195.632,57.279631598556975,2.846317166925656,42.37990032240739,17.32781948271899,6679.674,8.12,42.565,"Pass"
180.276,65.87735842079177,3.088767889236504,48.88443700971816,19.37932023288352,7735.742,8.254,57.276,"Pass"
192.191,69.71373963054121,4.002818029980592,54.57776416009877,21.57139243308422,7909.575,8.888,57.781,"Pass"
207.748,66.63791388284521,3.1387935383252783,51.93469377326455,22.300031271138607,8603.119,8.483,56.935,"Pass"
146.54,74.17506027933221,4.099843319230244,60.98318284874918,22.14264013752406,8161.722,7.837,60.275,"Pass"
162.609,53.720574438615834,3.4243536335627174,34.682634652556,16.493988173245445,7136.455,8.864,40.947,"Pass"
120.58,68.27664436704083,6.319280809421129,46.30583492490105,21.81449656099827,5463.869,8.367,59.361,"Fail"
186.357,62.02855570520864,2.8307165279544098,44.30799412181233,22.863801472282496,7823.694,7.385,62.371,"Pass"
166.41,68.31495169227283,5.613585722011898,45.498608310186995,17.761205197976814,9668.967,8.116,58.855,"Pass"
164.754,56.150718984398345,2.6904752540150776,43.92108758075253,21.739543563191138,6794.318,7.756,60.836,"Pass"
95.885,72.81138864264489,3.8205767325441933,43.57210395751242,22.39104203545977,6127.773,6.956,60.243,"Pass"
110.162,56.85814225110902,2.8931239447359336,43.49646329109503,19.49510020887223,4927.366,8.809,61.972,"Pass"
171.312,55.37252368647714,2.8440907817315777,41.512038838833405,18.931613039468584,8120.846,8.104,41.517,"Pass"
180.988,62.4503036419849,3.0361349923751852,48.916233405380765,17.623830901983123,6778.988,8.987,45.596,"Pass"
161.038,66.63002935125049,4.458690247022442,51.108426729398566,18.20989309448165,7399.585,9.211,52.952,"Pass"
201.715,62.320644914304346,2.9057710135587342,49.99682334104404,22.67771608384718,6621.362,8.226,60.455,"Pass"
162.143,68.62792582953179,3.773096094188463,43.908275820937995,22.818245089482247,9393.657,8.128,61.71,"Pass"
145.324,57.34799482535581,2.7224882331892877,43.15672483431118,21.325003625158597,9364.093,8.229,57.276,"Pass"
219.069,51.39709913822177,2.792641222628487,40.68242380024209,19.15170069578908,6151.506,8.706,41.043,"Pass"
152.974,60.20331704879402,2.921607070482566,45.610595073714585,17.98357740851417,5170.542,8.748,63.108,"Pass"
149.904,56.845714590671406,2.639308357348703,44.27010331826253,20.468360655856944,4886.753,8.45,59.509,"Pass"
168.801,57.76854929111141,2.8863980663621662,40.123922701154456,21.98333340851809,7590.725,7.721,61.866,"Pass"
121.521,64.66626252984172,3.316049077937147,45.665938586733866,22.395984288333064,5440.88,8.346,60.054,"Pass"
173.313,61.45913270595211,3.06490107493379,50.434347673106856,20.964126682638284,7301.787,8.982,60.966,"Pass"
119.476,58.640061602330235,3.1888365864273993,43.55123130164838,24.445996004504057,4857.519,8.49,60.963,"Pass"
140.179,61.08913127739062,3.0053460218720347,44.440771902429724,18.931587852868443,7526.136,7.296,61.69,"Pass"
166.272,60.01161416901895,3.040461893764434,44.637851013189305,19.437793966598164,6755.611,8.441,62.063,"Pass"
120.416,69.61514896506931,4.259154929577465,51.56292239342806,22.008269144007425,6979.281,9.205,61.186,"Pass"
159.024,68.9113732658104,5.828240265620284,57.6605507862309,22.420851581804428,8078.232,7.436,59.815,"Pass"
158.523,60.98673378626452,2.9579939819458385,44.15077164938049,21.83805492838758,7913.075,7.788,61.965,"Pass"
244.342,60.92078589299701,2.8786091625672214,41.92010420557548,23.163532306689877,8738.117,7.536,59.962,"Pass"
200.736,55.61032068654025,2.846944045911048,46.57148485919577,20.40676665841628,7694.521,9.206,41.842,"Pass"
113.448,77.48897194211344,3.1322360905436857,59.47891875768295,21.93346425478977,7089.774,7.584,61.445,"Pass"
148.597,62.40987368520232,2.983011500905132,44.37263981661142,23.15856472960753,8134.585,8.328,60.817,"Pass"
109.29,59.18768617643166,2.882687894592368,47.028941899198756,15.78396484535536,4391.022,8.025,53.648,"Pass"
138.808,59.763510268380365,3.1405959310702554,41.00245306288639,23.271425659550832,8226.632,8.361,59.592,"Pass"
150.796,69.13065775396338,3.7169028356189813,46.46420532181712,19.07709768193293,9731.258,7.192,59.754,"Pass"
172.704,61.70485660758029,3.118132295719844,47.75428902575795,21.884240346848657,6087.592,8.817,60.272,"Pass"
170.268,60.299097109654646,2.4312241877510745,52.97519835011074,21.448151943502094,8577.596,8.222,59.982,"Pass"
172.052,69.38863444385038,2.917026945342106,56.4688364503611,22.902495177236805,7516.394,8.274,60.639,"Pass"
197.283,60.29463596288923,2.878204406867293,47.662034936757564,18.031006422673826,7204.408,9.167,53.65,"Pass"
143.36,56.587239583333286,2.9642142857142857,40.86829091935969,18.245032764142277,4892.694,8.957,65.627,"Pass"
202.812,60.80031424833513,2.763613987338027,51.278434118455124,21.172617812891076,8526.825,8.198,58.456,"Pass"
186.99,59.80189077253096,3.0562284614150483,44.6126454881419,21.11137440649712,8106.402,7.57,60.101,"Pass"
152.173,63.950459893235504,3.0814275857083713,46.46953283517818,21.98758113761254,6412.333,8.682,57.066,"Pass"
195.629,54.96263051206341,0.4681514499384038,42.848611470755436,19.66279556864118,6454.662,9.285,41.508,"Pass"
123.483,72.56637215919066,2.9370248536235755,59.860437021558745,22.344220658897243,8052.17,7.816,59.551,"Pass"
98.819,59.2562383976991,3.0769273115493987,42.23024897558262,21.712997887962988,4192.355,8.369,60.873,"Pass"
203.979,70.5159735942317,2.999235803685674,51.79944769532394,20.142617565389756,8957.835,8.326,57.235,"Pass"
154.203,61.78807589130351,3.1358891850353108,41.6847826203902,19.123944980773068,7273.629,8.864,41.3,"Pass"
58.033,62.19943825065054,2.9037713025347642,58.72423716528367,23.527481757436632,3444.58,7.802,62.846,"Pass"
214.363,64.3429862222285,2.8881282684045293,51.828964165309976,22.17887648883898,8413.009,8.217,57.67,"Pass"
203.979,70.5159735942317,2.999235803685674,51.79944769532394,20.142617565389756,8957.835,8.326,57.235,"Pass"
159.306,63.46427629844456,3.1964084215283792,46.56514535204486,24.624042295716624,7951.135,*,*,"Pass"
119.481,69.00247273160127,2.7594546413237255,59.547366146294564,22.29437601753443,7168.142,8.228,61.319,"Pass"
176.03,53.256692356732174,3.1632717150485714,35.70984632590155,19.663186107487398,8610.526,8.6,42.379,"Pass"
138.928,62.193974176871855,3.0324081538638716,43.63701792850671,22.379282411567704,7880.403,8.409,60.996,"Pass"
68.563,62.29116125153352,5.1827650482038425,49.830439253869166,20.6048713788085,4901.606,7.559,62.134,"Fail"
171.443,63.74408857624859,3.098331223788664,48.65549014376672,19.303289451055942,7306.053,8.933,52.471,"Pass"
179.474,61.594486604683034,2.918865573843565,47.7163775207352,18.848473950178168,6810.503,8.875,53.664,"Pass"
142.145,60.21156799981244,2.9895512328959866,42.117956818787945,20.45995785626926,6447.079,7.909,42.108,"Pass"
133.115,72.90938912469174,2.31170221237276,59.29339922270103,22.456268400083164,7197.662,8.599,60.044,"Pass"
134.503,84.23470108473425,2.968753410704594,70.46427633386251,28.572452292091643,9940.666,7.219,58.111,"Pass"
118.548,74.78544087158326,3.5537200121469783,50.674680446699384,22.42017468193075,6338.079,8.444,60.841,"Pass"
201.428,62.40251272580447,2.8735373433683495,45.264657817006096,22.756144247757497,10534.119,8.224,57.719,"Pass"
214.364,59.655787974348975,2.58050493553022,43.01751194214486,19.966937987283046,9331.476,8.894,57.095,"Pass"
133.631,67.68602428411909,2.905883814384387,56.88663888405886,22.894332230211173,6285.375,8.444,57.833,"Pass"
181.103,69.80397281596052,4.045609404592966,54.34211185167338,23.086428645157582,9205.825,8.874,57.472,"Pass"
124.709,63.71141350397054,3.2900297492562687,40.84902527190097,20.276035674925723,6028.704,8.321,58.168,"Pass"
176.072,65.41539824617207,3.0376809487028034,52.23037869172848,22.795711003923927,8356.294,8.566,59.286,"Pass"
182.106,59.82779260430744,3.017495304932292,49.94045051364826,20.619305745052745,7658.663,9.106,60.009,"Pass"
168.492,53.675057437610015,3.2830482159390355,37.27719030608726,19.16227512413407,7027.905,8.361,42.2,"Pass"
167.869,53.901210004361914,2.335032197725608,43.887315332855685,21.680624927541615,7731.222,8.124,59.524,"Pass"
199.633,59.41271121396648,2.844323333316636,47.735599006151375,18.071068612619218,6997.088,9.055,42.417,"Pass"
171.645,64.35717129346428,3.0093143406449356,47.386676219922926,23.574206122339895,6825.758,8.034,56.126,"Pass"
130.744,66.45459829896598,1.9053148136816984,50.240255186627614,21.50158191079161,6576.441,7.896,60.027,"Pass"
122.526,82.9298634122101,3.4383428823270163,62.39980274380902,27.59397479345651,4416.416,9.946,59.142,"Pass"
161.367,62.910425716947564,3.06477532581011,40.79347144852211,21.33723066870372,8139.19,8.238,58.519,"Pass"
162.969,60.03363966289427,2.989690554645362,42.10112585144281,18.657245227198633,5184.969,9.427,41.64,"Pass"
110.51,68.97720668818312,3.248658763912768,49.86754356422029,20.732447124829914,6794.318,8.792,61.534,"Pass"
111.655,73.81816010627983,3.6090600510501094,56.15987992009916,24.235487099342805,5064.52,7.529,62.394,"Pass"
68.619,65.23946234522028,2.9896699164954312,53.592727204954954,21.91318063898788,7852.683,8.142,61.89,"Fail"
159.306,63.46427629844456,3.1964084215283792,46.56514535204486,24.624042295716624,7951.135,*,*,"Pass"
125.55,61.78832691712029,3.20963440860215,40.9876158087504,19.971399689823134,5166.795,7.318,56.124,"Pass"
95.42,62.083560399636745,3.1481400125759795,44.2729799354051,2.3871282681980817,4405.451,7.262,57.552,"Pass"
218.041,64.77181406758878,2.789006471259993,57.125369849718055,20.267459109906188,8768.843,8.659,79.553,"Pass"
140.179,61.08913127739062,3.0053460218720347,44.440771902429724,18.931587852868443,7526.136,7.296,61.69,"Pass"
118.843,67.14788044357314,0.5548537145645935,52.59355287260364,27.14127104452873,5002.575,8.948,60.256,"Pass"
156.319,54.35497639797826,2.976264689513111,40.045571858985305,20.92064859487307,5503.624,8.269,58.754,"Pass"
147.286,58.655269339923734,2.91007373409557,42.90032876224188,22.59899400918816,8831.593,8.167,62.123,"Pass"
254.291,59.51418737675434,3.687980148727246,45.77567304004178,19.66573476931752,11481.38,8.13,58.335,"Pass"
175.221,58.502234321228656,3.156969541322101,43.94279313407482,24.257154295059298,6583.321,8.045,61.749,"Pass"
129.899,65.16426864974588,3.2149827173419343,45.10220965249344,23.053528587000645,6204.223,8.252,59.021,"Pass"
180.826,68.83541821050814,2.7349695287182154,57.41139539513213,22.510412395401264,9505.129,8.498,57.911,"Pass"
184.203,67.25309697573991,2.9433683490496896,53.389370381571794,22.966380884605645,8644.469,9.236,56.793,"Pass"
133.698,48.90138803705204,2.822226809675537,34.90821286177569,17.633814698505475,4949.169,8.786,41.082,"Pass"
152.165,68.30737101903267,3.081589590247429,58.61143287651064,20.858089226871034,7853.539,7.817,61.002,"Pass"
165.967,61.181640526932114,1.7878985581471014,48.72560727418489,21.02805387770377,6994.668,8.409,60.359,"Pass"
100.265,76.95522421139542,3.4344570887149053,58.58366348138523,21.05015276718172,7146.202,8.851,61.906,"Pass"
135.316,65.26606034927305,3.0592071890981107,45.56424081379985,19.276449917456077,5286.136,8.93,59.12,"Pass"
181.7,57.18023604231644,3.0443993395707207,43.86025311379919,18.346823929703497,6934.59,8.564,62.196,"Pass"
160.918,61.47119789098931,2.913969102275693,48.70652388681916,18.468197561866575,7934.153,9.171,55.231,"Pass"
118.838,63.19635881526865,3.3292623571584845,43.46206306439559,21.135720149106046,8042.458,7.471,60.352,"Fail"
148.397,65.68798560617807,1.555231439988679,54.354477852377826,21.147016533204642,5468.673,8.457,58.62,"Pass"
170.914,60.4045179316954,2.979317317481307,47.329906638468096,17.70269063064264,6049.325,8.969,52.755,"Pass"
128.853,68.45613045701525,6.3115792414611995,45.94125712647545,20.401713600690993,6287.127,8.295,57.785,"Fail"
245.632,47.25113629784027,2.565211047420531,35.00408966290487,17.757057240975918,7136.054,9.121,40.524,"Pass"
130.744,66.45459829896598,1.9053148136816984,50.240255186627614,21.50158191079161,6576.441,7.896,60.027,"Pass"
193.07,55.009294268630235,3.6430575438959965,54.75418415862817,20.727774808970246,8743.657,9.144,42.131,"Pass"
187.709,66.73449032515465,4.87904149508015,52.07338192439668,20.09025965869351,7584.759,7.804,57.552,"Pass"
128.452,65.76260219987064,3.051564164045713,53.77619143397051,22.12052117133038,7335.118,8.793,58.196,"Pass"
166.914,53.097430080427365,3.094610158524749,35.926113660851826,19.713403955362786,7225.319,8.761,41.81,"Pass"
159.831,63.78174446759397,3.0254676502055293,45.91651726575362,23.170418737281402,8205.097,7.698,60.288,"Pass"
168.201,68.67925874400278,5.3577954946760125,52.44216824250673,19.69713122835079,8656.396,8.095,58.171,"Pass"
214.297,64.87802753499432,2.8548282057144996,54.78784860925205,22.509893649073696,9716.761,8.168,57.751,"Pass"
140.028,63.04205825501571,3.0609101036935478,47.94701406716031,22.596834385543847,8338.103,7.74,61.043,"Pass"
191.94,61.9446238986721,2.9774104407627378,51.78188277831978,22.12105095334204,7399.439,8.378,61.612,"Pass"
118.486,79.20487558773945,2.9990540654592106,42.09565511810304,20.35158591517981,7670.91,8.439,62.202,"Pass"
119.23,67.95176456335567,2.703813469764321,59.43206892449195,21.107928832855468,5932.421,7.751,59.811,"Pass"
249.467,59.41971394123377,3.7739802057987624,45.663935957071324,19.54254447040191,9736.151,8.083,58.953,"Pass"
148.918,63.69433737582656,3.468578412280583,42.96788122178158,21.72228473676111,8928.197,8.515,61.449,"Pass"
230.641,59.21783204200472,2.4936915812886697,43.67280411833304,19.82563309065609,9786.326,7.224,57.706,"Pass"
190.221,66.15293673031783,4.987936347721861,46.02043984085729,20.851829256995348,8984.01,8.134,57.853,"Pass"
171.424,64.79612604484272,2.9063431024827326,53.1043506395332,22.76353919914445,7956.367,8.608,61.304,"Pass"
152.173,63.950459893235504,3.0814275857083713,46.46953283517818,21.98758113761254,6412.333,8.682,57.066,"Pass"
114.321,75.28246487230406,3.9094297635605004,41.84946333511576,20.876747256973566,9195.2,8.394,57.787,"Pass"
162.762,65.71394633473003,3.1510450842334206,40.494496321014864,20.893109354362412,6866.828,8.601,58.525,"Pass"
130.7,54.68331208025168,2.662732976281561,44.227745406244665,18.982257230394,4865.992,8.651,62.211,"Pass"
162.609,53.720574438615834,3.4243536335627174,34.682634652556,16.493988173245445,7136.455,8.864,40.947,"Pass"
175.939,71.90460582613552,5.122153473647116,56.54707092458589,23.16616539628255,8564.371,8.413,61.803,"Pass"
105.885,64.74401473296507,3.1483756906077347,45.52098586915857,22.31143758317734,6237.445,6.893,60.342,"Pass"
155.252,64.74835178362353,3.232681833406333,49.454071752401155,22.290575882186914,8257.895,7.078,67.695,"Pass"
160.148,57.333882825053536,2.8593550965357046,41.467931137286214,18.92462061864958,7927.271,8.454,61.894,"Pass"
83.93,69.98053933833755,10.999246038365305,58.219004185814,22.71373381246316,3937.268,8.533,60.278,"Pass"
132.698,65.15747537013867,3.174775806719016,40.46164485130793,18.795040564341214,7152.934,7.828,58.801,"Pass"
199.481,59.399697771272066,2.8648550989818578,43.54642585927547,19.870104550348536,7898.157,8.608,66.286,"Pass"
89.484,59.552421537804456,4.298565106611237,54.11866034387141,21.906338147525684,4976.099,7.715,60.115,"Fail"
121.521,64.66626252984172,3.316049077937147,45.665938586733866,22.395984288333064,5440.88,8.346,60.054,"Pass"
168.492,53.675057437610015,3.2830482159390355,37.27719030608726,19.16227512413407,7027.905,8.361,42.2,"Pass"
162.982,64.05104040118955,3.281654170399185,41.383081104622434,19.663200052777263,7521.506,7.836,56.272,"Pass"
143.748,57.00870041090432,3.109120961682945,41.74227771232276,22.2050119908672,8047.089,8.283,60.843,"Pass"
176.743,72.74998789831065,5.057398822018411,60.42546755475046,22.47229001963664,8702.5,8.801,55.981,"Pass"
191.738,61.56641991792036,2.885016845904307,48.20729188855105,18.53471606649596,6935.642,8.993,54.846,"Pass"
72.63,59.4678966450962,3.0767583643122673,44.18893362819786,21.969378356212694,3849.303,7.337,59.674,"Pass"
111.827,67.02756142175967,3.046603056506926,52.77914822420858,22.044320780591487,6451.12,7.343,62.163,"Pass"
89.484,59.552421537804456,4.298565106611237,54.11866034387141,21.906338147525684,4976.099,7.715,60.115,"Fail"
247.299,60.73784725732373,3.718184707580702,56.81905938342326,22.7357833368393,5752.33,9.863,59.836,"Pass"
188.496,49.528218694885325,2.8957677616501143,35.5545155181629,18.026147915329233,7783.704,8.648,41.949,"Pass"
197.707,67.60246222946083,4.558192476745892,51.35142897719401,19.976927428922927,8079.985,8.048,58.022,"Pass"
135.95,59.69403784070946,2.883262375873483,40.7246126051808,20.399127136746003,5536.021,7.359,57.844,"Pass"
166.539,62.70467177858235,3.1455723884495526,50.39154355260681,22.851478575295044,7709.052,8.987,61.436,"Pass"
68.563,62.29116125153352,5.1827650482038425,49.830439253869166,20.6048713788085,4901.606,7.559,62.134,"Fail"
68.619,65.23946234522028,2.9896699164954312,53.592727204954954,21.91318063898788,7852.683,8.142,61.89,"Fail"
98.14,60.90120689264774,3.2101993071122883,44.48127152420074,22.09118743396304,5601.457,7.404,60.117,"Pass"
206.822,65.38395335119093,3.0997089284505512,49.30133457024132,22.144309959418756,8633.131,8.689,57.194,"Pass"
72.993,67.2085755559514,3.0112695737947472,55.79615106009402,23.38366375905354,4434.056,7.836,58.62,"Pass"
176.629,56.71602939243026,0,49.79415883130636,18.68319413542157,7254.221,8.781,41.102,"Pass"
195.629,54.96263051206341,0.4681514499384038,42.848611470755436,19.66279556864118,6454.662,9.285,41.508,"Pass"
79.734,67.26916999021752,3.1701888780194145,50.05585503924497,23.475855202331154,3799.735,9.383,58.479,"Pass"
181.593,57.5625345323517,2.723417752886951,40.58359848920237,19.121335071552032,10290.78,7.302,57.011,"Pass"
153.072,62.03565787487084,3.0154656632173094,41.483193208330164,20.39945070197402,6318.666,8.205,56.724,"Pass"
155.186,65.37390973126162,3.0452066552395194,55.563908859547006,20.79601832773708,7880.574,7.977,60.594,"Pass"
95.841,59.49367528858566,2.866748051460231,44.49578279374627,21.991791062141413,6564.581,7.197,57.815,"Pass"
131.024,66.89619204624096,3.047580901208939,46.597722148173496,19.8469845266964,5087.943,8.751,58.741,"Pass"
159.409,62.04601580421019,2.412992992867404,43.1775332824744,21.90380620532179,9078.478,7.862,60.528,"Pass"
146.38,59.31903265473429,3.42861265200164,41.55940641408139,19.69998740692594,6128.15,9.341,41.668,"Pass"
169.335,49.111432630256225,3.0287323943661972,41.92337465506666,18.00374539559982,5912.702,9.052,41.955,"Pass"
134.062,54.0690128448032,2.5139795020214524,42.758722953295276,20.772289047602897,6600.839,7.949,61.156,"Pass"
120.929,80.07569179711517,4.51372822069148,44.23459089208432,25.525197019703793,7843.113,7.947,61.807,"Pass"
141.307,57.10686660958062,2.877656167068864,40.11984488489783,17.90828921358092,4533.108,8.669,64.86,"Pass"
78.593,61.52413913028731,3.262824933518252,48.135734911765475,18.642827226992374,4514.094,9.597,53.08,"Pass"
159.362,62.48939869953668,3.103334546504185,44.95138455791113,21.107349527832056,6976.711,8.546,56.4,"Pass"
186.99,59.80189077253096,3.0562284614150483,44.6126454881419,21.11137440649712,8106.402,7.57,60.101,"Pass"
236.765,55.88314714308848,2.6303347200810934,51.68187781624152,21.895065484116707,8915.998,9.395,59.32,"Pass"
116.32,64.98349381017889,3.1178872077028883,50.878971333531936,23.22415892880899,6343.028,8.339,61.973,"Pass"
176.044,64.1494929297978,3.017354752221035,47.12167681081635,22.95317535711195,9064.098,8.519,56.596,"Pass"
124.709,63.71141350397054,3.2900297492562687,40.84902527190097,20.276035674925723,6028.704,8.321,58.168,"Pass"
195.25,68.3421596244132,3.2083716261203588,50.635374526347285,23.797149809079322,7843.271,8.09,57.169,"Pass"
122.607,73.77849551820039,4.87025765249945,33.64235157502359,24.181330983968614,7266.766,8.332,41.633,"Pass"
130.808,65.38021799550152,3.3886808146290743,44.40126052655704,22.662283268359783,8998.677,7.748,62.394,"Pass"
173.633,64.63471805474762,3.0381542679099014,54.79610864829811,22.774583184786376,8543.145,8.542,58.715,"Pass"
175.221,58.502234321228656,3.156969541322101,43.94279313407482,24.257154295059298,6583.321,8.045,61.749,"Pass"
114.41,74.09165865454658,6.339876584214667,56.26307246406605,21.257316491226586,4784.791,8.478,57.433,"Pass"
155.835,60.58446433727987,2.9620005775339298,40.65143935185026,19.40053696116183,4555.638,9.308,40.606,"Pass"
226.43,60.41697458621015,2.750391732544274,41.34348705383814,20.20011557188295,7398.938,8.037,58.788,"Pass"
118.548,74.78544087158326,3.5537200121469783,50.674680446699384,22.42017468193075,6338.079,8.444,60.841,"Pass"
110.688,51.86253252385078,3.077953165654813,35.61760163115452,17.79376162255394,4559.689,9.201,41.486,"Pass"
115.268,72.42572864011603,3.559498906895235,47.64485917643428,27.868410740383524,7815.958,8.212,58.891,"Pass"
117.365,71.14704838182874,3.0276992289012914,59.554812672882704,21.725378391439776,6396.81,8.506,61.53,"Pass"
55.926,70.92149546821786,3.4716961699388476,57.435684100192745,22.907307371044418,4787.485,7.189,61.51,"Pass"
186.64,61.37076725246459,2.9638199742820404,48.163636398754036,20.056718880997938,7414.196,8.942,53.16,"Pass"
124.823,69.69972592301808,3.8152968603542616,40.27716963911691,22.165143425838117,8133.822,7.76,61.745,"Pass"
170.838,68.7711945429784,4.117146770624802,52.70826367948858,23.10276931305231,7990.905,8.693,60.657,"Pass"
120.215,63.979203926298766,2.894973173064925,45.62551351880962,21.8665821225462,4571.234,8.574,60.948,"Pass"
187.037,65.84365660270434,5.014088977047321,46.30176906801615,19.308349628433973,8376.879,8.342,57.908,"Pass"
171.707,58.911142560032864,2.8375481488815257,43.87448240204477,19.182938137245323,7392.532,9.376,41.212,"Pass"
122.607,73.77849551820039,4.87025765249945,33.64235157502359,24.181330983968614,7266.766,8.332,41.633,"Pass"
175.432,63.05912768986786,3.1740544484472624,45.638224507880544,19.57061680150071,6751.023,8.411,64.761,"Pass"
151.805,64.85319982872768,3.2819535588419355,41.238585572507965,20.93513253516719,5986.293,8.229,54.924,"Pass"
111.095,62.1909176830641,2.7699017957603846,47.663133763862305,19.936696083291604,4776.865,8.395,61.893,"Pass"
143.36,56.587239583333286,2.9642142857142857,40.86829091935969,18.245032764142277,4892.694,8.957,65.627,"Pass"
115.347,57.14201496354484,3.144187885250592,45.76163419264904,23.68774818932417,4728.143,8.766,61.394,"Pass"
154.053,58.17622650790454,2.9249237600046727,47.33917949837854,19.904361777027454,7782.583,7.556,64.366,"Pass"
171.862,64.3901114460051,3.1547246046246404,45.81137394524255,22.387315773081408,5518.94,8.635,57.363,"Pass"
161.909,71.77332122776792,2.7603772489484832,65.11625240235826,19.805632558541607,8269.94,7.556,61.059,"Pass"
129.988,82.98520003555892,3.5791513062744253,56.5153840964963,25.901232582431007,7238.538,8.465,59.202,"Pass"
110.688,51.86253252385078,3.077953165654813,35.61760163115452,17.79376162255394,4559.689,9.201,41.486,"Pass"
144.146,65.68041353134251,4.34583380738973,53.274454302484855,21.817859075736305,6961.181,8.965,61.65,"Pass"
95.42,62.083560399636745,3.1481400125759795,44.2729799354051,2.3871282681980817,4405.451,7.262,57.552,"Pass"
145.258,62.27800037022253,1.76537746630134,49.90175059035478,21.12122891888701,6940.245,8.44,60.832,"Pass"
138.118,67.08452193052322,3.2093323100537225,50.46619655910319,22.60335766672587,4139.487,8.73,58.259,"Pass"
161.038,66.63002935125049,4.458690247022442,51.108426729398566,18.20989309448165,7399.585,9.211,52.952,"Pass"
184.299,59.9106042053644,3.100853287321146,42.423288490295,19.35028675311605,8680.238,8.768,41.596,"Pass"
141.324,66.18937099619792,3.006918570094251,56.03784283957997,22.22482593023693,8053.648,8.221,57.521,"Pass"
170.041,63.55428004618499,3.253141065978206,45.49049009341014,23.625001685107698,8027.514,8.136,60.881,"Pass"
209.368,62.250837440933324,2.8870429100913224,50.92142827812227,20.878320819587277,8698.341,8.206,57.504,"Pass"
176.072,65.41539824617207,3.0376809487028034,52.23037869172848,22.795711003923927,8356.294,8.566,59.286,"Pass"
207.692,54.49242147025407,2.8045097548292666,41.65419367508662,18.47729125854405,6728.752,9.215,40.992,"Pass"
175.836,69.89626697604582,0.08333583566505152,59.44355113698952,22.013791766006086,9675.813,8.016,58.053,"Pass"
130.942,57.020920203856214,3.0774663591513796,39.68136300539673,17.930024766422868,4799.916,9.047,65.232,"Pass"
173.157,57.765611554831786,3.173443753356779,41.48140485806082,22.29015464054101,7485.449,8.289,61.641,"Pass"
108.709,73.93953889129088,6.773453531906282,47.47146773828658,26.03319631464326,5038.411,8.128,57.938,"Pass"
179.329,65.55796577488556,2.941653831784039,53.262809966297354,21.849107152124716,7779.073,8.202,58.887,"Pass"
58.033,62.19943825065054,2.9037713025347642,58.72423716528367,23.527481757436632,3444.58,7.802,62.846,"Pass"
244.342,60.92078589299701,2.8786091625672214,41.92010420557548,23.163532306689877,8738.117,7.536,59.962,"Pass"
102.257,70.68805938849071,5.122979160350879,64.23148067499278,26.23384466369096,4181.774,9.846,57.242,"Pass"
219.068,59.76875774746761,2.7424865338616318,48.26204143717553,18.690133753102607,7134.358,9.163,53.495,"Pass"
160.103,63.776443914230256,3.134734014977858,45.70967033404484,21.088925317233237,7945.632,8.255,58.581,"Pass"
118.548,74.78544087158326,3.5537200121469783,50.674680446699384,22.42017468193075,6338.079,8.444,60.841,"Pass"
179.239,65.43367607868085,2.922692494379013,55.11199194015443,22.790744562359052,9324.818,8.096,56.533,"Pass"
96.234,69.40125111706887,2.9311752603030117,55.290000024230594,21.125691122995583,5818.079,7.678,60.636,"Fail"
102.654,83.89554555432159,5.638463966333509,44.19241335485416,30.728243134637644,6997.575,8.221,47.93,"Pass"
171.862,64.3901114460051,3.1547246046246404,45.81137394524255,22.387315773081408,5518.94,8.635,57.363,"Pass"
186.127,64.41171888011952,2.8145324429018888,50.498477717071275,23.036153595119362,6385.552,9.127,56.292,"Pass"
205.942,54.64321669855272,2.5793048528226388,43.52669422020254,17.87957917895041,7159.104,8.312,65.157,"Pass"
128.563,56.89198637589697,2.792477462411425,42.47282573255332,19.8055937653666,7041.337,8.08,61.148,"Pass"
183.711,58.71290595917868,4.845635155216616,46.20567274751864,26.370082631583216,7725.003,7.478,57.84,"Fail"
79.482,64.75769496377931,3.5489635389144714,45.43652564948254,17.581645745901394,4499.64,8.539,53.743,"Pass"
92.645,62.91588560874551,3.16335258243834,48.24868914680509,20.660400559433988,5225.285,8.646,60.651,"Pass"
82.282,61.135309734274315,3.02749665783525,45.091186328264264,23.472360053443552,5357.326,8.267,59.978,"Pass"
184.474,61.26309880464934,2.859610785259712,45.983827176933396,18.93405757958109,8646.392,7.9,53.483,"Pass"
111.369,55.069483728266746,3.157813754276324,40.11395668313557,21.49355377594735,5652.994,7.627,58.54,"Pass"
188.645,59.18235604206613,2.5439325717617747,51.81717528825713,21.445623332192028,6926.001,7.738,68.06,"Pass"
101.878,56.52119855775206,2.80474763933332,46.99770754237386,17.13906424495926,4546.932,8.873,54.322,"Pass"
171.424,64.79612604484272,2.9063431024827326,53.1043506395332,22.76353919914445,7956.367,8.608,61.304,"Pass"
170.101,71.21230589146717,3.984230545381861,59.55976844808257,21.586119480566172,7974.508,8.514,60.44,"Pass"
189.763,68.05148176058202,6.177575185889768,57.03226163798417,22.23349025234549,8377.102,8.122,60.177,"Pass"
121.254,60.3041182604743,2.9910158840120737,46.77240538661448,19.07882870268632,5276.761,9.02,53.628,"Pass"
183.309,54.493232738163485,2.9177539564342174,39.82364256047682,20.9814559208,8292.802,8.159,59.411,"Pass"
149.218,60.81125154695364,3.044248281038481,45.82825980136238,22.794765116154906,6285.006,8.014,59.132,"Pass"
156.912,66.99976207470861,2.941670235546039,53.574770002712306,21.23096864262815,8400.91,8.756,60.955,"Pass"
110.688,51.86253252385078,3.077953165654813,35.61760163115452,17.79376162255394,4559.689,9.201,41.486,"Pass"
192.998,58.61700351529257,2.8472004891242397,39.61509993755927,21.644567148579394,8777.313,8.031,53.833,"Pass"
189.266,63.53051613425908,3.0001204653767717,39.92394691838174,20.11784938325018,8067.492,8.645,57.664,"Pass"
158.036,62.27475596277647,3.268456301095952,49.488019926503675,21.469064857285723,7913.792,8.189,62.022,"Pass"
178.646,64.448885256628,5.065044389462961,51.04197404856325,18.10680544597162,7911.831,7.837,57.748,"Pass"
183.926,51.49716008974629,2.9677187564564007,36.02136661700932,18.422115352413186,7096.184,8.579,42.577,"Pass"
237.877,65.86717785522217,3.1262462533157898,58.70358738743133,23.197967013394383,6547.529,9.702,59.759,"Pass"
174.69,58.06514396931711,2.914918083462133,49.571979599970575,21.16061534916313,7852.181,7.924,62.233,"Pass"
118.838,63.19635881526865,3.3292623571584845,43.46206306439559,21.135720149106046,8042.458,7.471,60.352,"Fail"
224.517,61.211202517206125,2.692243349055974,51.87811801432031,22.007370504477887,8810.614,8.493,57.914,"Pass"
160.148,57.333882825053536,2.8593550965357046,41.467931137286214,18.92462061864958,7927.271,8.454,61.894,"Pass"
241.245,51.67598637622891,2.885193060996082,35.87425993019596,20.24112377489451,7464.878,8.509,40.806,"Pass"
148.898,60.34582958356284,2.927774986903786,43.840030303067735,20.024090566215413,6496.873,7.951,60.834,"Pass"
148.671,62.54689138358454,3.4497003450572072,48.34556091838078,18.86400411794746,4965.693,8.72,52.924,"Pass"
184.299,59.9106042053644,3.100853287321146,42.423288490295,19.35028675311605,8680.238,8.768,41.596,"Pass"
116.159,80.82364115852702,2.7752966192890773,65.87981049401489,21.683999331850913,9267.949,7.719,63.009,"Pass"
168.693,63.877866235640475,3.018542796677989,51.47855852063218,20.524605717632394,8121.712,8.649,60.826,"Pass"
205.754,65.92998327020514,2.8665345995703615,50.413468532701664,22.259889514443703,7588.876,8.662,59.213,"Pass"
285.849,58.1500489186016,2.345276282232927,50.56230689352067,21.624434804628297,10478.502,8.768,58.562,"Pass"
127.462,61.17990721417629,2.672894509736235,51.36984690760969,20.88302278351087,9267.949,7.856,62.161,"Pass"
128.853,68.45613045701525,6.3115792414611995,45.94125712647545,20.401713600690993,6287.127,8.295,57.785,"Fail"
147.701,63.03545676738812,3.125120073662332,48.52119046469036,20.11993542719752,5031.445,9.244,40.147,"Pass"
99.689,70.79891796821455,3.123570303644334,53.3419801104147,23.572175732649107,4741.665,8.633,59.998,"Pass"
200.736,55.61032068654025,2.846944045911048,46.57148485919577,20.40676665841628,7694.521,9.206,41.842,"Pass"
120.215,63.979203926298766,2.894973173064925,45.62551351880962,21.8665821225462,4571.234,8.574,60.948,"Pass"
199.587,72.21036996954273,2.9918165010747204,59.90085593550387,21.752685516150528,8265.285,8.648,57.61,"Pass"
166.272,60.01161416901895,3.040461893764434,44.637851013189305,19.437793966598164,6755.611,8.441,62.063,"Pass"
125.55,61.78832691712029,3.20963440860215,40.9876158087504,19.971399689823134,5166.795,7.318,56.124,"Pass"
82.282,61.135309734274315,3.02749665783525,45.091186328264264,23.472360053443552,5357.326,8.267,59.978,"Pass"
171.704,65.2372687881471,7.040656012672971,56.30641187707616,20.31707972972949,7951.206,8.831,59.997,"Pass"
117.848,60.84014059541863,2.8598628742108474,47.487708436103944,18.19255237956805,4549.43,9.31,51.728,"Pass"
142.319,66.35804854665308,2.831453284522797,53.02805407013986,23.566971476657898,7315.075,8.902,62.13,"Pass"
191.962,75.42430272658137,5.038117127348122,63.22150445680743,21.558277250779064,7453.556,8.655,57.609,"Pass"
141.619,61.74877664720126,2.7419778419562344,54.9013230953869,22.142500818216245,7149.188,8.673,58.426,"Pass"
186.246,61.84472865636493,3.0684372281820815,45.23516700082441,21.737314806847635,7952.354,9.039,59.94,"Pass"
96.234,69.40125111706887,2.9311752603030117,55.290000024230594,21.125691122995583,5818.079,7.678,60.636,"Fail"
113.562,68.43392449352194,2.7742463147883973,59.14839847590527,20.462127128996904,10163.607,7.997,59.352,"Pass"
168.357,61.43690689031845,3.2204023592722604,44.829537983751685,19.425540372125354,6705.483,7.653,64.053,"Pass"
199.633,59.41271121396648,2.844323333316636,47.735599006151375,18.071068612619218,6997.088,9.055,42.417,"Pass"
116.32,64.98349381017889,3.1178872077028883,50.878971333531936,23.22415892880899,6343.028,8.339,61.973,"Pass"
186.127,64.41171888011952,2.8145324429018888,50.498477717071275,23.036153595119362,6385.552,9.127,56.292,"Pass"
172.813,62.147909397248334,2.925379919334772,43.37225871679836,19.948218875958055,6908.571,8.751,59.141,"Pass"
119.481,69.00247273160127,2.7594546413237255,59.547366146294564,22.29437601753443,7168.142,8.228,61.319,"Pass"
78.257,65.08887383876208,2.668279131579284,58.08181576165992,17.970545672284448,5515.619,8.529,59.51,"Pass"
138.928,62.193974176871855,3.0324081538638716,43.63701792850671,22.379282411567704,7880.403,8.409,60.996,"Pass"
162.982,64.05104040118955,3.281654170399185,41.383081104622434,19.663200052777263,7521.506,7.836,56.272,"Pass"
163.203,62.502772620601384,2.9405106523777134,39.378132855685095,19.939599407883335,7022.346,8.659,57.763,"Pass"
175.371,58.03654348020297,3.0707124895222124,42.277778058860044,21.63200175331247,7953.05,8.659,62.269,"Pass"
207.748,66.63791388284521,3.1387935383252783,51.93469377326455,22.300031271138607,8603.119,8.483,56.935,"Pass"
162.368,74.3005326720099,3.8581158849034294,61.11740411367315,25.320799929355097,6129.183,8.247,60.024,"Pass"
138.808,59.763510268380365,3.1405959310702554,41.00245306288639,23.271425659550832,8226.632,8.361,59.592,"Pass"
157.761,67.96691760884437,3.018723258600034,54.16925844741611,6.447053625680169,6048.463,9.123,58.169,"Pass"
181.359,62.109774903184714,3.0299240732469848,41.410525379840124,18.799012221654397,7969.463,7.938,58.043,"Pass"
206.262,62.931826727387765,2.6996282398115015,55.2933147592059,22.340806890920202,9713.53,8.227,56.451,"Pass"
193.55,58.49048480151559,2.801225936450529,49.15629297322652,20.57227198276633,8658.698,8.791,57.916,"Pass"
156.189,52.39360290701939,2.8145592839444515,39.380871175128256,19.834030131898196,8519.234,8.374,57.303,"Pass"
150.451,62.579858041636356,3.019299572618327,41.306202021666,20.521774842064378,7975.156,7.877,58.22,"Pass"
154.671,61.49698392070908,3.0790309754252574,41.216273009934355,20.888946322133137,8693.972,8.783,56.387,"Pass"
152.404,63.11242924507674,3.028682711739849,44.404181099395146,23.396467070423064,8441.513,7.154,61.214,"Pass"
176.841,64.26205838389671,3.2316270548119497,51.15379320910119,23.556268386598475,8134.25,9,59.718,"Pass"
193.575,64.56316960121693,2.9522622239442082,51.61492878020119,22.50194504175587,8179.551,8.222,58.412,"Pass"
180.328,64.36546490592457,3.372286943791313,42.75300190051487,19.601547241015805,7284.595,8.754,40.686,"Pass"
212.401,65.53217734379788,2.9320539922128432,52.58415781842119,23.267665714273562,8419.168,8.288,57.934,"Pass"
166.272,60.01161416901895,3.040461893764434,44.637851013189305,19.437793966598164,6755.611,8.441,62.063,"Pass"
212.85,67.45778195390604,2.753758985200846,56.77168751544475,24.31515645774252,8370.648,8.393,57.914,"Pass"
183.309,54.493232738163485,2.9177539564342174,39.82364256047682,20.9814559208,8292.802,8.159,59.411,"Pass"
244.342,60.92078589299701,2.8786091625672214,41.92010420557548,23.163532306689877,8738.117,7.536,59.962,"Pass"
188.026,64.86691556841434,3.1368053354323338,39.5245492833599,19.24158055721353,8165.793,8.479,56.495,"Pass"
203.245,67.1603237472016,2.8298237103003765,47.38796053089889,21.278141268946783,8507.345,8.665,57.071,"Pass"
82.282,61.135309734274315,3.02749665783525,45.091186328264264,23.472360053443552,5357.326,8.267,59.978,"Pass"
171.045,65.17713012495093,2.9984530386740333,55.07079345261957,21.869324006329443,9402.26,7.933,57.533,"Pass"
115.689,76.22332287425778,3.5782112387521714,56.483881515446804,21.20551203388612,7239.853,7.413,64.127,"Pass"
149.218,60.81125154695364,3.044248281038481,45.82825980136238,22.794765116154906,6285.006,8.014,59.132,"Pass"
154.053,58.17622650790454,2.9249237600046727,47.33917949837854,19.904361777027454,7782.583,7.556,64.366,"Pass"
176.781,63.55185229181874,2.963330222139257,51.83517099598953,21.54309500307101,8206.065,8.891,61.591,"Pass"
164.188,58.820295433689886,2.900557897044851,39.33016588513832,22.03760277264152,7686.967,8.081,59.784,"Pass"
141.375,58.29925925925931,3.135395649867374,47.331523544696104,19.68112909069311,6290.95,9.22,41.573,"Pass"
188.645,59.18235604206613,2.5439325717617747,51.81717528825713,21.445623332192028,6926.001,7.738,68.06,"Pass"
143.025,67.21065858727111,3.0223840587309905,53.20400488985488,22.29347605479196,8190.309,7.891,62.318,"Pass"
115.347,57.14201496354484,3.144187885250592,45.76163419264904,23.68774818932417,4728.143,8.766,61.394,"Pass"
160.58,63.61132561132565,3.079795740440901,47.77513555784135,21.168862482596147,7304.721,7.462,61.549,"Pass"
154.053,58.17622650790454,2.9249237600046727,47.33917949837854,19.904361777027454,7782.583,7.556,64.366,"Pass"
148.918,63.69433737582656,3.468578412280583,42.96788122178158,21.72228473676111,8928.197,8.515,61.449,"Pass"
111.369,55.069483728266746,3.157813754276324,40.11395668313557,21.49355377594735,5652.994,7.627,58.54,"Pass"
137.397,60.989492735164006,2.8795598157165,44.77563702530592,20.334744610550874,4886.774,8.729,55.809,"Pass"
194.149,62.68467345526722,1.7925366599879475,49.95369064023109,19.540438592050986,7466.141,7.645,61.899,"Pass"
245.92,57.3163268994434,2.6664827586206896,42.93015128445907,21.347568483665416,7453.556,8.183,62.4,"Pass"
180.276,65.87735842079177,3.088767889236504,48.88443700971816,19.37932023288352,7735.742,8.254,57.276,"Pass"
173.49,61.046425986768426,3.082889849559052,42.61738000938258,18.51220131179206,7024.688,9.268,41.199,"Pass"
122.526,82.9298634122101,3.4383428823270163,62.39980274380902,27.59397479345651,4416.416,9.946,59.142,"Pass"
187.321,70.57574964899821,3.168167583986846,57.51415590312176,22.030934799381434,8711.527,8.357,59.524,"Pass"
168.182,52.63200316059723,3.093060612907445,36.8375510153405,19.581890022833623,6996.811,8.773,41.829,"Pass"
110.913,68.07189218376372,2.906563522761083,57.42976266673696,22.15874419083755,7514.116,7.924,61.459,"Pass"
123.984,66.24822557749391,2.895609756097561,50.151321378340704,22.646479984659152,4792.32,8.646,57.287,"Pass"
197.283,60.29463596288923,2.878204406867293,47.662034936757564,18.031006422673826,7204.408,9.167,53.65,"Pass"
127.182,59.23194931497998,2.9380157569467378,45.119130545319656,22.12743924523331,7509.275,6.867,61.848,"Pass"
179.076,62.29799389954861,3.150379950412115,43.205197447352965,18.411092185455626,7002.799,9.123,41.225,"Pass"
145.182,66.24091753033365,3.0279456130925326,55.01961121284534,23.323915255753707,7393.386,8.083,56.974,"Pass"
168.492,53.675057437610015,3.2830482159390355,37.27719030608726,19.16227512413407,7027.905,8.361,42.2,"Pass"
70.183,54.34263124814972,4.071385948164085,49.75492645818737,17.68347402194261,6232.441,8.024,60.964,"Pass"
160.918,61.47119789098931,2.913969102275693,48.70652388681916,18.468197561866575,7934.153,9.171,55.231,"Pass"
89.484,59.552421537804456,4.298565106611237,54.11866034387141,21.906338147525684,4976.099,7.715,60.115,"Pass"
139.887,61.91934283465309,4.792403011001737,50.17608183171604,22.034129244644934,8520.309,7.909,61.13,"Pass"
147.482,57.55962686218579,2.7571700953336684,39.57434227132151,22.626622631600352,10778.555,7.971,59.678,"Pass"
142.216,55.21261867706717,3.03957698149294,40.04597029883713,20.80576710914338,6108.31,8.464,57.009,"Pass"
126,58.828571428571486,2.7911314285714286,44.145656319584454,22.022470849015505,6113.623,8.123,61.098,"Pass"
201.428,62.40251272580447,2.8735373433683495,45.264657817006096,22.756144247757497,10534.119,8.224,57.719,"Pass"
162.982,64.05104040118955,3.281654170399185,41.383081104622434,19.663200052777263,7521.506,7.836,56.272,"Pass"
245.632,47.25113629784027,2.565211047420531,35.00408966290487,17.757057240975918,7136.054,9.121,40.524,"Pass"
119.481,69.00247273160127,2.7594546413237255,59.547366146294564,22.29437601753443,7168.142,8.228,61.319,"Pass"
168.357,61.43690689031845,3.2204023592722604,44.829537983751685,19.425540372125354,6705.483,7.653,64.053,"Pass"
65.022,53.884838977576855,2.3099529390052593,50.933492439129104,19.34864371927639,5191.081,8.315,61.549,"Pass"
101.745,68.54823332841916,3.0964564352056607,48.973525027056866,23.165281772284263,5565.665,8.185,60.285,"Pass"
130.762,73.11247406229127,2.9976561998134015,61.72391734223676,23.14451188275893,6691.826,7.393,57.006,"Pass"
70.183,54.34263124814972,4.071385948164085,49.75492645818737,17.68347402194261,6232.441,8.024,60.964,"Pass"
150.796,69.13065775396338,3.7169028356189813,46.46420532181712,19.07709768193293,9731.258,7.192,59.754,"Pass"
175.475,63.94244194329682,2.317327026641972,51.56068619206736,21.73251092251166,7885.859,7.494,59.679,"Pass"
195.962,50.60760079335114,2.916300915483614,35.66507559209211,17.675857933333774,7350.471,8.602,41.056,"Pass"
214.297,64.87802753499432,2.8548282057144996,54.78784860925205,22.509893649073696,9716.761,8.168,57.751,"Pass"
141.317,69.87293342862743,7.362130812287267,58.74835337486283,20.71963352886787,7502.855,7.299,59.842,"Pass"
182.347,67.43024136521157,3.174227599028226,55.482409417390805,24.033151382971127,7976.503,7.984,58.235,"Pass"
208.5,58.05378097521988,2.7585012949640286,40.1199324973968,19.805000284824345,7571.601,8.023,57.646,"Pass"
171.312,55.37252368647714,2.8440907817315777,41.512038838833405,18.931613039468584,8120.846,8.104,41.517,"Pass"
89.484,59.552421537804456,4.298565106611237,54.11866034387141,21.906338147525684,4976.099,7.715,60.115,"Fail"
166.091,54.85635384618477,2.9996625946017543,40.59400245993437,21.690579240784384,8312.521,8.349,62.23,"Pass"
135.511,62.100329698532114,3.379209067898547,45.13413659914217,20.801197862648216,6870.215,8.249,57.815,"Fail"
153.237,71.97195629428062,4.064104622251806,60.523946662066514,22.736516279771582,8118.711,7.789,60.867,"Pass"
139.887,61.91934283465309,4.792403011001737,50.17608183171604,22.034129244644934,8520.309,7.909,61.13,"Pass"
93.688,65.22618810425152,2.7762206472547177,56.34169201372396,19.25177170441851,4842.109,7.693,61.265,"Pass"
100.154,81.13871304857194,3.877190726281526,53.16694055502606,30.40710713865929,9269.293,8.143,59.667,"Pass"
138.687,66.05797387081869,2.9584338834930453,56.08775669385052,19.443735574820373,8792.277,7.965,62.224,"Pass"
155.759,68.2148704087725,2.046188791658909,60.6550713909161,21.251215127197188,9451.533,8.119,58.865,"Pass"
235.413,70.11648087026258,3.283459112283518,61.57643453902003,22.524883772742363,8139.81,8.643,57.836,"Pass"
186.639,61.56121949026964,2.924579750212978,45.88676217767391,19.36354376101616,6969.26,8.659,51.883,"Pass"
102.061,66.61865616314432,3.481701335475843,49.45852741164187,19.469606137719797,4754.616,8.863,53.426,"Pass"
127.543,67.48399450468561,2.8722548473848035,55.221798002769724,22.44948175177367,5192.23,9.61,59.571,"Pass"
107.822,70.46519057129143,3.1937437628684306,53.670309833757656,22.801263107770524,6433.659,8.225,61.107,"Pass"
165.967,61.181640526932114,1.7878985581471014,48.72560727418489,21.02805387770377,6994.668,8.409,60.359,"Pass"
167.94,61.33690603787062,3.0538906752411576,47.754606909143654,18.334032508318636,6005.397,8.8,51.873,"Pass"
170.356,60.25166905382459,2.946067763976614,47.61789909244316,17.680036100938494,8013.303,9.262,52.9,"Pass"
149.724,72.26698606918218,3.180764606876653,55.650612417214624,23.254258208839968,7432.825,7.828,59.131,"Pass"
98.584,73.86030638282533,4.124735859774406,46.82246017903811,21.111813642598147,5299.411,8.547,64.527,"Pass"
161.162,58.04643774587066,3.0004810066889216,42.486365020224646,20.909758960969494,6518.139,8.223,60.557,"Pass"
150.796,69.13065775396338,3.7169028356189813,46.46420532181712,19.07709768193293,9731.258,7.192,59.754,"Pass"
141.338,60.01231091426232,2.9547824364289856,42.745650457624926,20.88039907346366,6417.491,8.483,65.144,"Pass"
178.629,59.336576554385594,2.2969188653578088,51.579607831237176,20.9979537333932,8632.829,7.673,60.129,"Pass"
241.245,51.67598637622891,2.885193060996082,35.87425993019596,20.24112377489451,7464.878,8.509,40.806,"Pass"
70.043,74.05784065978524,3.8180157903002434,54.72360484719579,23.54664089871926,5597.076,8.382,61.844,"Pass"
107.996,70.30760398533286,5.936219859994814,56.37693327161398,22.190294804995705,6492.727,7.988,58.156,"Pass"
130.744,66.45459829896598,1.9053148136816984,50.240255186627614,21.50158191079161,6576.441,7.896,60.027,"Pass"
118.788,60.82965731667626,2.991429437316901,49.39449252998366,21.67218563966818,4746.849,9.307,60.485,"Pass"
191.962,75.42430272658137,5.038117127348122,63.22150445680743,21.558277250779064,7453.556,8.655,57.609,"Pass"
83.387,69.63283645332412,6.018687805053546,54.70394446381074,22.13677142204002,5019.708,8.357,60.121,"Pass"
193.818,56.316636111082495,2.5705401975048754,47.81632342540958,18.020568291942432,10815.26,8.873,41.916,"Pass"
215.508,59.526276931199305,2.7197950888134086,45.691587385466796,21.924444275801672,8871.931,8.985,54.559,"Pass"
74.518,58.49536726398697,2.802162162162162,41.70449685873978,19.434062449585607,3322.891,8.464,64.625,"Pass"
123.669,66.6991368536623,3.0510967178516846,39.81101887301032,21.78059338170753,6230.132,8.244,60.538,"Pass"
131.135,78.75136309909641,3.74339604224654,48.94330787745477,24.162176423998964,7860.272,7.424,61.197,"Pass"
243.259,61.98098871299045,3.7648761196913587,57.2328070815132,22.659981722196367,6924.708,9.661,57.781,"Pass"
165.346,53.42663263701567,3.190423959454719,36.27436077971928,18.77516824518449,7863.642,8.632,41.717,"Pass"
166.683,64.1421940649816,3.164832886377135,46.751778897061094,20.137893295329253,6737.403,8.661,53.432,"Pass"
170.584,57.91985180321723,2.770326877081086,43.12805507558934,21.053313218577877,8066.3,7.799,61.766,"Pass"
114.41,74.09165865454658,6.339876584214667,56.26307246406605,21.257316491226586,4784.791,8.478,57.433,"Pass"
129.566,64.74203623378565,3.2232456045567504,43.283922528808915,20.093546558268326,5499.031,9.634,41.653,"Pass"
115.01,70.12201837521381,2.1022672811059904,50.86800450251764,23.641124703448668,6590.199,7.747,60.595,"Pass"
209.501,61.79959894118782,2.7977794855394484,43.49609856051724,21.680659357477673,7343.761,8.174,58.353,"Pass"
193.346,52.977735941438354,2.3683965533292644,48.998752633174846,20.569617494328405,9634.4,7.402,56.562,"Pass"
184.203,67.25309697573991,2.9433683490496896,53.389370381571794,22.966380884605645,8644.469,9.236,56.793,"Pass"
160.487,65.88820278277997,3.3554987008293504,53.05992989911229,20.72134365334615,8884.089,8.328,60.218,"Pass"
122.326,67.77245502455196,3.324174419174992,54.909640475164586,21.577998841466982,6449.573,8.537,57.95,"Fail"
171.443,63.74408857624859,3.098331223788664,48.65549014376672,19.303289451055942,7306.053,8.933,52.471,"Pass"
186.539,60.017797886769046,2.8475932646792357,41.27945303366087,20.456137018161005,6306.787,8.499,57.254,"Pass"
152.886,62.04500957140185,2.8993273419410537,48.135813708626706,22.04420988090211,8224.234,7.884,60.218,"Pass"
119.481,69.00247273160127,2.7594546413237255,59.547366146294564,22.29437601753443,7168.142,8.228,61.319,"Pass"
128.64,57.99231274184638,2.9901492537313437,44.28583465025623,20.930795562024503,6932.659,7.2,60.396,"Fail"
195.105,65.16173342559141,4.769193203659568,46.39478183837113,19.727674961690923,7945.459,8.147,58.123,"Pass"
131.156,64.5813297820069,3.3517582115953517,42.243289852785274,20.22801897938011,5126.812,7.216,57.407,"Pass"
193.55,58.49048480151559,2.801225936450529,49.15629297322652,20.57227198276633,8658.698,8.791,57.916,"Pass"
138.118,67.08452193052322,3.2093323100537225,50.46619655910319,22.60335766672587,4139.487,8.73,58.259,"Pass"
69.595,60.79453345147725,2.6845514763991662,50.89389255731526,17.310263078000048,3996.395,8.624,61.444,"Pass"
110.688,51.86253252385078,3.077953165654813,35.61760163115452,17.79376162255394,4559.689,9.201,41.486,"Pass"
68.563,62.29116125153352,5.1827650482038425,49.830439253869166,20.6048713788085,4901.606,7.559,62.134,"Fail"
157.368,61.38706725636729,3.794466981851457,42.59844795040142,22.646811989791658,6488.86,8.736,42.05,"Pass"
131.014,60.35258318449433,3.075775108003725,44.30819855861406,19.207387678305132,5231.46,8.326,64.758,"Pass"
172.025,69.67288346332097,5.4303548902775765,47.08888960443589,20.679975035839266,8785.995,8.315,57.466,"Pass"
163.524,57.55628123904346,3.0019461363469584,43.720519355493735,19.336399360117635,6819.353,8.696,62.648,"Pass"
184.299,59.9106042053644,3.100853287321146,42.423288490295,19.35028675311605,8680.238,8.768,41.596,"Pass"
107.819,59.02365177854661,3.057924855544941,42.1803329285269,20.901638290513436,6976.711,7.927,60.416,"Pass"
200.005,62.72293192670189,2.7291349716257094,45.320109179564525,19.426211953547618,8228.478,8.193,58.561,"Pass"
183.926,51.49716008974629,2.9677187564564007,36.02136661700932,18.422115352413186,7096.184,8.579,42.577,"Pass"
141.338,60.01231091426232,2.9547824364289856,42.745650457624926,20.88039907346366,6417.491,8.483,65.144,"Pass"
159.409,62.04601580421019,2.412992992867404,43.1775332824744,21.90380620532179,9078.478,7.862,60.528,"Pass"
91.263,65.16658205162852,2.9704112290851707,50.77006559928737,23.525032768702104,3817.756,9.484,58.04,"Pass"
60.181,60.54513329234592,2.6783842076402844,67.18344144006089,19.500665819155724,4618.059,8.984,61.01,"Pass"
174.901,69.15983581823109,3.5397615794077795,46.105513339072175,18.87825429892682,7953.603,8.791,40.223,"Pass"
192.297,54.85953730138512,2.0574573706298067,42.18421602811069,20.54983548800646,7838.999,7.853,59.93,"Pass"
142.216,55.21261867706717,3.03957698149294,40.04597029883713,20.80576710914338,6108.31,8.464,57.009,"Pass"
140.967,63.73028202818159,3.248419842941965,48.856747258440606,19.417894500527552,5524.363,9.282,53.043,"Pass"
154.671,61.49698392070908,3.0790309754252574,41.216273009934355,20.888946322133137,8693.972,8.783,56.387,"Pass"
116.32,64.98349381017889,3.1178872077028883,50.878971333531936,23.22415892880899,6343.028,8.339,61.973,"Pass"
94.001,61.36211316900889,2.961834023042308,43.87702789722668,21.102816151905426,5018.574,8.618,63.027,"Pass"
237.877,65.86717785522217,3.1262462533157898,58.70358738743133,23.197967013394383,6547.529,9.702,59.759,"Pass"
135.909,54.08643528635587,3.3423587841864784,36.54433843950375,21.2437486868443,6912.848,8.713,41.974,"Pass"
160.103,63.776443914230256,3.134734014977858,45.70967033404484,21.088925317233237,7945.632,8.255,58.581,"Pass"
115.859,51.58379294372187,2.0868621341458153,41.98462370156123,1.45220386967513,3920.527,8.854,61.16,"Pass"
184.402,58.10615454881791,2.9799242958319327,40.26258297019378,20.879087634365177,8072.033,7.785,59.804,"Pass"
114.054,67.27047421981406,3.17983271082119,52.222027763848835,19.543349518572715,7046.104,7.886,59.918,"Fail"
192.092,72.17474497173812,5.110990983487079,55.36875415073251,23.77699504687456,8959.604,8.447,60.946,"Pass"
186.632,58.22713503936449,2.8265455013073852,41.18117339656788,22.16554516309484,7324.031,7.649,59.136,"Pass"
192.191,69.71373963054121,4.002818029980592,54.57776416009877,21.57139243308422,7909.575,8.888,57.781,"Pass"
205.089,62.194483587342255,2.8401047350174804,41.212639365454706,22.394584373093707,7956.515,8.495,56.645,"Pass"
226.43,60.41697458621015,2.750391732544274,41.34348705383814,20.20011557188295,7398.938,8.037,58.788,"Pass"
154.357,70.5999439970689,3.892217651288895,44.860690822116425,22.947028276286748,9970.222,7.243,61.405,"Pass"
200.646,59.43901199126826,3.3411823809096615,40.94835931073146,23.242589374238577,8423.589,8.133,57.447,"Pass"
138.956,61.96992813072719,2.8736163965571837,48.36235716932562,19.06525740629542,4173.074,9.827,55.003,"Pass"
201.747,58.44172266364423,2.7963609867804724,42.306541961937235,19.335646212308944,7273.546,7.825,43.018,"Pass"
162.609,53.720574438615834,3.4243536335627174,34.682634652556,16.493988173245445,7136.455,8.864,40.947,"Pass"
192.998,58.61700351529257,2.8472004891242397,39.61509993755927,21.644567148579394,8777.313,8.031,53.833,"Pass"
172.813,62.147909397248334,2.925379919334772,43.37225871679836,19.948218875958055,6908.571,8.751,59.141,"Pass"
114.888,70.73845832462926,3.411840401086275,48.60101554981868,21.34310795850524,7553.583,7.751,61.502,"Pass"
141.338,60.01231091426232,2.9547824364289856,42.745650457624926,20.88039907346366,6417.491,8.483,65.144,"Pass"
161,64.2836438923395,3.140022857142858,49.763680825854685,19.2437877668005,7477.498,9.015,42.49,"Pass"
135.95,59.69403784070946,2.883262375873483,40.7246126051808,20.399127136746003,5536.021,7.359,57.844,"Pass"
202.267,63.72150562265614,2.843506454340055,52.612455980470855,21.643638901810853,9042.64,8.263,58.423,"Pass"
180.276,65.87735842079177,3.088767889236504,48.88443700971816,19.37932023288352,7735.742,8.254,57.276,"Pass"
236.765,55.88314714308848,2.6303347200810934,51.68187781624152,21.895065484116707,8915.998,9.395,59.32,"Pass"
121.14,64.85939133784593,3.02407132243685,46.124913850041246,22.416741796409713,3882.381,10.139,61.894,"Pass"
144.12,62.934961606069066,3.1519333888426315,40.86278243061328,22.19762603177996,6521.629,7.661,61.05,"Pass"
145.258,62.27800037022253,1.76537746630134,49.90175059035478,21.12122891888701,6940.245,8.44,60.832,"Pass"
171.645,64.35717129346428,3.0093143406449356,47.386676219922926,23.574206122339895,6825.758,8.034,56.126,"Pass"
163.963,61.88659094497613,4.8483445655422255,52.44658171954541,21.03610696804866,7858.81,9.124,61.882,"Pass"
170.654,60.696718376233605,3.1341226106625095,42.634717339817534,19.88012861304228,6889.22,9.19,41.134,"Pass"
59.373,73.44011587758742,3.0850386539336063,59.471746304478216,22.059967316000314,4843.338,7.061,62.419,"Pass"
171.124,67.10330910139233,2.997068792220846,46.735011023467365,20.03119066961502,5678.436,8.646,57.41,"Pass"
160.393,59.488838872851936,2.969186934591909,46.25083770632508,21.721301505897475,6832.853,7.156,57.903,"Pass"
187.709,66.73449032515465,4.87904149508015,52.07338192439668,20.09025965869351,7584.759,7.804,57.552,"Pass"
157.529,62.0197198258381,3.2557205339969153,44.75468782089456,21.034029721027018,7810.289,8.14,60.275,"Pass"
160.112,61.30022872877879,3.0887978415109427,43.964495649406096,23.423921875052844,6978.401,8.172,61.425,"Pass"
118.486,79.20487558773945,2.9990540654592106,42.09565511810304,20.35158591517981,7670.91,8.439,62.202,"Pass"
95.841,59.49367528858566,2.866748051460231,44.49578279374627,21.991791062141413,6564.581,7.197,57.815,"Pass"
87.068,65.65813183054885,2.987303716635273,52.91295533001471,21.188867284721077,4774.053,8.367,59.725,"Fail"
164.754,56.150718984398345,2.6904752540150776,43.92108758075253,21.739543563191138,6794.318,7.756,60.836,"Pass"
122.326,67.77245502455196,3.324174419174992,54.909640475164586,21.577998841466982,6449.573,8.537,57.95,"Fail"
168.687,72.1152588324333,5.320642373152642,52.578786361755675,20.157703908889516,8024.997,8.251,58.063,"Pass"
104.604,77.76052753453241,3.852334518756453,48.909677814944956,21.004979093541046,8174.577,8.1,59.201,"Pass"
237.877,65.86717785522217,3.1262462533157898,58.70358738743133,23.197967013394383,6547.529,9.702,59.759,"Pass"
186.632,58.22713503936449,2.8265455013073852,41.18117339656788,22.16554516309484,7324.031,7.649,59.136,"Pass"
164.578,64.61325329023317,2.7378706753028954,56.24324034990195,21.222219890919188,7127.299,8.674,59.814,"Pass"
127.215,65.41917226742136,3.08123664662186,48.40657715245698,20.67263030627986,8500.828,7.09,64.487,"Fail"
150.796,69.13065775396338,3.7169028356189813,46.46420532181712,19.07709768193293,9731.258,7.192,59.754,"Pass"
160.918,61.47119789098931,2.913969102275693,48.70652388681916,18.468197561866575,7934.153,9.171,55.231,"Pass"
177.391,73.58343997158825,3.118350761876307,58.55666984043835,23.20444265262286,9564.7,8.126,57.936,"Fail"
173.434,67.42891628323557,2.914905266556731,59.88853161342168,23.266913223437996,3559.423,9.189,58.338,"Pass"
160.112,61.30022872877879,3.0887978415109427,43.964495649406096,23.423921875052844,6978.401,8.172,61.425,"Pass"
133.856,56.41908717826127,2.8462634472866366,43.83283000047191,15.74809431510417,5223.379,8.04,64.998,"Pass"
165.046,57.489023262201705,3.040851156647238,44.15428336340637,21.170762485701488,7091.153,8.224,63.005,"Pass"
245.86,59.86604842864509,2.562832180915968,52.57922183200895,21.341603165281718,8325.352,8.519,59.585,"Pass"
140.179,61.08913127739062,3.0053460218720347,44.440771902429724,18.931587852868443,7526.136,7.296,61.69,"Pass"
130.936,60.75154613280106,2.741868393719068,46.42958325367581,17.778966276023187,5333.68,8.095,53.024,"Pass"
177.06,65.0847672477629,3.0207305997966785,43.77927437432802,20.029097049954615,8758.664,8.203,56.857,"Pass"
193.346,52.977735941438354,2.3683965533292644,48.998752633174846,20.569617494328405,9634.4,7.402,56.562,"Pass"
65.982,60.67149626665856,3.6088387742111485,57.78538549299536,17.788190754911263,4316.92,9.482,56.986,"Pass"
132.135,60.14461640662123,2.855610398456124,40.96987851639563,20.103891536581045,6617.087,8.135,57.928,"Pass"
148.596,73.54392670955707,3.500747799402406,57.32229360118683,27.086449450093713,7650.118,8.587,59.123,"Pass"
210.09,60.98684690688123,2.807372840211338,40.772173753823076,20.086675424110854,7299.872,7.941,57.649,"Pass"
134.957,84.27676963773654,4.234564787302622,48.33451007253198,25.663018399550367,7665.886,7.81,60.362,"Pass"
85.366,88.73129296857708,2.0598514631117775,0.048365568793550064,3.773284166992494,4546.403,8.771,59.336,"Pass"
183.129,60.64278914499256,3.0006388938944673,42.31949675990998,20.30336700061791,8489.794,7.817,56.135,"Pass"
89.484,59.552421537804456,4.298565106611237,54.11866034387141,21.906338147525684,4976.099,7.715,60.115,"Fail"
162.609,53.720574438615834,3.4243536335627174,34.682634652556,16.493988173245445,7136.455,8.864,40.947,"Pass"
154.225,53.403793159345156,2.541608169881666,44.71775382170729,21.438837416856277,7837.957,8.607,41.916,"Pass"
170.036,58.596349531210436,3.037790585523065,44.89373910376252,19.27989169415054,6902.615,8.428,61.788,"Pass"
229.409,63.33787156466307,2.714676407638759,49.833661507391916,22.248675433713462,7828.26,8.294,58.428,"Pass"
109.276,66.03908146955115,2.950105055089864,53.62937808852734,20.217078261207085,5643.647,8.573,56.928,"Pass"
84.083,59.45477154187599,3.006218141598183,43.1366906607195,20.702513531893885,7675.857,8.072,61.048,"Fail"
89.484,59.552421537804456,4.298565106611237,54.11866034387141,21.906338147525684,4976.099,7.715,60.115,"Fail"
141.967,60.71935340216002,2.9416909563490106,40.467363250468864,19.7280791107016,7447.272,8.016,56.852,"Pass"
166.272,60.01161416901895,3.040461893764434,44.637851013189305,19.437793966598164,6755.611,8.441,62.063,"Pass"
209.618,56.87019032504635,2.9884578614431967,49.038605817021875,18.73381259842026,8611.096,8.168,57.61,"Pass"
183.96,58.02982532434592,2.8476868884540107,41.64629758559942,18.657674412357665,7435.758,9.014,42.284,"Pass"
162.908,65.63936564059338,2.8109116802121448,52.783186637249585,20.566794325214065,9949.836,7.811,61.96,"Pass"
193.55,58.49048480151559,2.801225936450529,49.15629297322652,20.57227198276633,8658.698,8.791,57.916,"Pass"
180.826,68.83541821050814,2.7349695287182154,57.41139539513213,22.510412395401264,9505.129,8.498,57.911,"Pass"
192.433,60.99936659050746,2.9888195891557063,41.02284207326953,20.053272103664614,9040.587,7.882,57.215,"Pass"
188.783,62.739582836731486,3.0660116641858646,41.253624370086214,20.12773882019862,8302.146,8.055,56.273,"Pass"
243.259,61.98098871299045,3.7648761196913587,57.2328070815132,22.659981722196367,6924.708,9.661,57.781,"Pass"
187.224,63.591419903431245,2.4458402768875787,59.22998904556303,21.153471283646663,8235.351,8.311,62.82,"Pass"
121.14,64.85939133784593,3.02407132243685,46.124913850041246,22.416741796409713,3882.381,10.139,61.894,"Pass"
119.026,62.74214597370878,5.66311763816309,52.40885726656618,20.12075584347102,5457.961,8.641,62.207,"Pass"
113.852,65.4212876756179,5.116065066928994,51.57682576956434,22.931236044456732,7432.558,7.715,68.411,"Pass"
198.659,73.2822575367842,3.94625483869344,62.91187588622165,21.91423002408595,8637.597,8.987,57.602,"Pass"
187.168,49.68700727569769,2.8575961702855186,35.23711020748367,18.887311447799473,6903.767,8.614,41.795,"Pass"
156.233,59.609002792837146,2.977903003846818,41.97905401065722,18.604972808203517,7233.826,8.539,41.714,"Pass"
147.009,66.62916329385736,3.2145884945819647,43.12930925587065,21.66617528049345,7934.635,8.674,58.541,"Pass"
158.523,60.98673378626452,2.9579939819458385,44.15077164938049,21.83805492838758,7913.075,7.788,61.965,"Pass"
207.014,59.5645919814334,2.8313911136444876,48.962449063003625,20.952044773868966,7191.974,8.078,52.511,"Pass"
150.308,66.54660208815682,2.8271932299012694,52.084838486089005,21.792108050268418,9427.691,8.711,59.493,"Pass"
95.885,72.81138864264489,3.8205767325441933,43.57210395751242,22.39104203545977,6127.773,6.956,60.243,"Pass"
154.671,61.49698392070908,3.0790309754252574,41.216273009934355,20.888946322133137,8693.972,8.783,56.387,"Pass"
197.658,61.137430421345016,4.4851871414261,51.48855456188894,23.130607807537707,8974.665,8.113,62.973,"Pass"
207.331,51.72135377729328,2.067289117401643,42.51107307574441,17.32438329526056,7175.137,8.749,41.594,"Pass"
171.704,65.2372687881471,7.040656012672971,56.30641187707616,20.31707972972949,7951.206,8.831,59.997,"Pass"
169.019,74.95259901746752,3.6412739396162563,51.97492079824373,22.458899701117414,7742.172,9.109,54.119,"Pass"
168.801,57.76854929111141,2.8863980663621662,40.123922701154456,21.98333340851809,7590.725,7.721,61.866,"Pass"
143.487,74.7935353028498,2.144600137991595,59.32367921768469,23.397928953738592,7410.172,7.727,60.897,"Pass"
171.645,64.35717129346428,3.0093143406449356,47.386676219922926,23.574206122339895,6825.758,8.034,56.126,"Pass"
208.374,63.111947214570435,2.9711376659276114,52.977509210544376,22.46032779537001,8874.574,8.351,60.085,"Pass"
200.646,59.43901199126826,3.3411823809096615,40.94835931073146,23.242589374238577,8423.589,8.133,57.447,"Pass"
214.364,59.655787974348975,2.58050493553022,43.01751194214486,19.966937987283046,9331.476,8.894,57.095,"Pass"
189.577,63.16311226221189,2.859931742774703,43.767825956367794,19.76393583016934,7806.649,7.975,57.459,"Pass"
186.503,66.91241785208108,1.8070975801997822,50.726356711831606,22.21033977712094,7247.913,7.574,60.369,"Pass"
193.818,56.316636111082495,2.5705401975048754,47.81632342540958,18.020568291942432,10815.26,8.873,41.916,"Pass"
207.748,66.63791388284521,3.1387935383252783,51.93469377326455,22.300031271138607,8603.119,8.483,56.935,"Pass"
76.096,69.39164564059429,2.9366190075693863,57.69248785129704,24.610224818627575,4553.675,9.542,59.336,"Pass"
157.113,64.69545981413232,3.3576078363980058,47.729413302393894,18.115211113693544,7535.446,8.201,44.313,"Pass"
150.065,68.28165572696281,2.1482402958717883,50.9157795077825,21.976480680360268,8353.884,7.452,59.179,"Pass"
127.462,61.17990721417629,2.672894509736235,51.36984690760969,20.88302278351087,9267.949,7.856,62.161,"Pass"
110.806,61.707408543861405,3.0416143530133746,46.11799095505027,18.707594729107132,4696.567,8.861,53.598,"Pass"
129.131,57.88153115828118,2.836933036993441,41.52107712739988,18.29698704378207,4680.889,9.117,41.639,"Pass"
192.998,58.61700351529257,2.8472004891242397,39.61509993755927,21.644567148579394,8777.313,8.031,53.833,"Pass"
93.768,54.0600441752221,2.148758638341439,47.73954113479157,20.205067116340583,5899.202,8.534,61.556,"Pass"
153.172,61.2254342975363,3.5157464810800927,51.17728662843066,20.615900567137928,8762.208,9.253,58.94,"Pass"
165.264,61.274808790783275,2.9481731048504205,42.611758161676946,20.464384362998647,8150.204,8.124,43.863,"Pass"
200.736,55.61032068654025,2.846944045911048,46.57148485919577,20.40676665841628,7694.521,9.206,41.842,"Pass"
192.297,54.85953730138512,2.0574573706298067,42.18421602811069,20.54983548800646,7838.999,7.853,59.93,"Pass"
148.701,65.93934584613872,3.2519184134605688,42.3122918406186,21.3272629328376,6842.464,8.259,57.864,"Pass"
185.742,64.72720224827985,2.9584262040895437,51.73628982262801,21.613159243738963,8301.792,7.642,56.812,"Pass"
207.364,55.04674549745058,3.020941725661156,39.80993629061313,21.345715031635212,8544.354,8.234,57.707,"Pass"
176.743,72.74998789831065,5.057398822018411,60.42546755475046,22.47229001963664,8702.5,8.801,55.981,"Pass"
210.136,64.67286794160825,3.137990634636616,45.53972187956843,22.377217968625366,9199.102,8.172,57.946,"Pass"
146.54,74.17506027933221,4.099843319230244,60.98318284874918,22.14264013752406,8161.722,7.837,60.275,"Pass"
174.677,63.883688814847524,3.0829125757827303,48.4666849435524,19.437247736616776,6527.48,8.539,54.01,"Pass"
205.089,62.194483587342255,2.8401047350174804,41.212639365454706,22.394584373093707,7956.515,8.495,56.645,"Pass"
127.884,56.71937067967851,2.8359500797597827,42.88902758480451,20.144008736262418,8512.266,7.007,59.882,"Pass"
73.657,62.70478931624517,3.1333298939679866,46.56648362092975,23.7714595772555,5140.717,8.209,60.76,"Pass"
237.573,66.03065163128811,2.852687805432435,50.129144995798505,24.288309838518767,8398.471,8.726,58.229,"Pass"
184.299,59.9106042053644,3.100853287321146,42.423288490295,19.35028675311605,8680.238,8.768,41.596,"Pass"
142.159,70.9469443838707,3.3242597373363627,53.524630708236465,21.52828292319801,7542.964,7.802,57.976,"Pass"
184.203,67.25309697573991,2.9433683490496896,53.389370381571794,22.966380884605645,8644.469,9.236,56.793,"Pass"
179.751,60.623912461621245,2.975508119565398,41.6740261999142,20.242385282228586,7633.899,8.355,42.308,"Pass"
177.357,59.90414813060667,3.0363274074324664,44.825167339059014,21.434032731478517,7789.64,7.924,60.946,"Pass"
113.448,77.48897194211344,3.1322360905436857,59.47891875768295,21.93346425478977,7089.774,7.584,61.445,"Pass"
109.409,64.47417996285097,2.946518842142785,53.454420771595736,22.70370968343756,5248.386,8.334,62.484,"Pass"
176.933,58.02098346078275,2.9400796911825378,39.630825822177975,21.435114521635903,7729.351,7.8,60.212,"Pass"
224.302,55.36687145009857,2.580498078483473,41.72205642007056,18.11226769326246,9089.133,9.334,42.862,"Pass"
230.641,59.21783204200472,2.4936915812886697,43.67280411833304,19.82563309065609,9786.326,7.224,57.706,"Pass"
207.431,58.21104635062053,2.5784504726873028,44.47349813392811,22.071727377737997,9314.391,8.243,60.438,"Pass"
133.181,64.86961353346193,3.3007951584685498,46.18893138804334,20.07173919224993,5982.992,8.907,53.938,"Pass"
214.363,64.3429862222285,2.8881282684045293,51.828964165309976,22.17887648883898,8413.009,8.217,57.67,"Pass"
116.698,72.1122327146424,4.112325489725617,60.84834667950702,22.24530829899188,6347.138,8.249,59.066,"Pass"
162.991,73.36135124025249,-0.022475842224417297,60.73432192024461,22.87692416403154,10380.558,8.277,56.344,"Pass"
95.475,63.374705420267155,3.1079566378633157,44.65900963439775,7.1874067354717255,3322.204,9.027,62.257,"Pass"
244.342,60.92078589299701,2.8786091625672214,41.92010420557548,23.163532306689877,8738.117,7.536,59.962,"Pass"
202.71,64.01775936066308,2.8734361402989492,43.599116201997596,19.145040743027852,10044.372,8.126,57.276,"Pass"
228.249,46.46062462972946,2.6321738101809866,35.527458202966926,18.112602334817787,6565.858,8.151,48.067,"Pass"
138.928,62.193974176871855,3.0324081538638716,43.63701792850671,22.379282411567704,7880.403,8.409,60.996,"Pass"
130.7,54.68331208025168,2.662732976281561,44.227745406244665,18.982257230394,4865.992,8.651,62.211,"Pass"
170.268,60.299097109654646,2.4312241877510745,52.97519835011074,21.448151943502094,8577.596,8.222,59.982,"Pass"
105.885,64.74401473296507,3.1483756906077347,45.52098586915857,22.31143758317734,6237.445,6.893,60.342,"Pass"
210.09,60.98684690688123,2.807372840211338,40.772173753823076,20.086675424110854,7299.872,7.941,57.649,"Pass"
89.484,59.552421537804456,4.298565106611237,54.11866034387141,21.906338147525684,4976.099,7.715,60.115,"Fail"
83.387,69.63283645332412,6.018687805053546,54.70394446381074,22.13677142204002,5019.708,8.357,60.121,"Pass"
166.41,68.31495169227283,5.613585722011898,45.498608310186995,17.761205197976814,9668.967,8.116,58.855,"Pass"
94.882,63.0276202721978,2.1235302797158577,49.1303218816743,20.706931510121013,6563.501,7.796,60.608,"Pass"
68.563,62.29116125153352,5.1827650482038425,49.830439253869166,20.6048713788085,4901.606,7.559,62.134,"Fail"
148.052,56.616939393666534,0,51.677968041757495,17.958438233114975,6268.257,9.015,40.41,"Pass"
188.783,62.739582836731486,3.0660116641858646,41.253624370086214,20.12773882019862,8302.146,8.055,56.273,"Pass"
153.237,71.97195629428062,4.064104622251806,60.523946662066514,22.736516279771582,8118.711,7.789,60.867,"Pass"
201.715,62.320644914304346,2.9057710135587342,49.99682334104404,22.67771608384718,6621.362,8.226,60.455,"Pass"
84.083,59.45477154187599,3.006218141598183,43.1366906607195,20.702513531893885,7675.857,8.072,61.048,"Fail"
162.969,60.03363966289427,2.989690554645362,42.10112585144281,18.657245227198633,5184.969,9.427,41.64,"Pass"
195.019,61.598590678629094,2.8928332111230186,45.46089445072196,20.02417848357811,8373.318,8.203,58.139,"Pass"
177.965,58.03484455432878,3.2318013092462,39.714807362007896,23.099458571886014,7111.476,8.716,41.732,"Pass"
145.33,59.898101638416826,2.621547099704121,46.201314805622864,22.275683067913963,5591.478,8.826,59.903,"Pass"
202.812,60.80031424833513,2.763613987338027,51.278434118455124,21.172617812891076,8526.825,8.198,58.456,"Pass"
60.181,60.54513329234592,2.6783842076402844,67.18344144006089,19.500665819155724,4618.059,8.984,61.01,"Pass"
181.7,57.18023604231644,3.0443993395707207,43.86025311379919,18.346823929703497,6934.59,8.564,62.196,"Pass"
129.566,64.74203623378565,3.2232456045567504,43.283922528808915,20.093546558268326,5499.031,9.634,41.653,"Pass"
82.282,61.135309734274315,3.02749665783525,45.091186328264264,23.472360053443552,5357.326,8.267,59.978,"Pass"
128.167,71.60407905311037,4.287406274626074,59.6332566813017,23.079241505990804,7785.966,8.441,60.528,"Pass"
98.14,60.90120689264774,3.2101993071122883,44.48127152420074,22.09118743396304,5601.457,7.404,60.117,"Pass"
132.135,60.14461640662123,2.855610398456124,40.96987851639563,20.103891536581045,6617.087,8.135,57.928,"Pass"
174.69,58.06514396931711,2.914918083462133,49.571979599970575,21.16061534916313,7852.181,7.924,62.233,"Pass"
241.245,51.67598637622891,2.885193060996082,35.87425993019596,20.24112377489451,7464.878,8.509,40.806,"Pass"
151.805,64.85319982872768,3.2819535588419355,41.238585572507965,20.93513253516719,5986.293,8.229,54.924,"Pass"
195.629,54.96263051206341,0.4681514499384038,42.848611470755436,19.66279556864118,6454.662,9.285,41.508,"Pass"
94.691,53.74801547489558,2.90156403459674,40.07780418744757,21.713112330090482,4218.376,9.312,60.023,"Pass"
181.09,63.972426233732826,3.155801866475233,46.22719665871613,22.704452528496425,8241.882,8.332,57.081,"Pass"
195.019,61.598590678629094,2.8928332111230186,45.46089445072196,20.02417848357811,8373.318,8.203,58.139,"Pass"
188.391,54.55957733295827,2.527916938707263,43.18736400451926,18.831368010915643,6331.394,8.44,65.074,"Pass"
237.743,60.079067639332344,2.6811499812823087,50.85099697428526,20.05115303242414,10209.435,7.974,58.966,"Pass"
163.203,62.502772620601384,2.9405106523777134,39.378132855685095,19.939599407883335,7022.346,8.659,57.763,"Pass"
171.312,55.37252368647714,2.8440907817315777,41.512038838833405,18.931613039468584,8120.846,8.104,41.517,"Pass"
125.55,61.78832691712029,3.20963440860215,40.9876158087504,19.971399689823134,5166.795,7.318,56.124,"Pass"
136.506,53.5220429871214,2.817845369434311,46.24933587286271,19.68251139927382,4911.36,9.306,41.951,"Pass"
186.64,61.37076725246459,2.9638199742820404,48.163636398754036,20.056718880997938,7414.196,8.942,53.16,"Pass"
134.957,84.27676963773654,4.234564787302622,48.33451007253198,25.663018399550367,7665.886,7.81,60.362,"Pass"
193.425,65.80931454913625,3.295461496704149,41.59826241660239,20.9318836705288,10009.5,7.746,56.966,"Pass"
155.278,68.32083245676935,2.9018488130965103,54.82194735345627,20.765160423198566,6975.519,9.058,58.99,"Pass"
219.069,51.39709913822177,2.792641222628487,40.68242380024209,19.15170069578908,6151.506,8.706,41.043,"Pass"
166.347,61.91155970484727,2.973023859763025,46.02073629109932,21.47472935368828,6244.926,8.298,58.225,"Pass"
221.235,54.09886420422732,2.848093294460641,40.32261621850201,21.077768388363683,9227.462,8.544,58.701,"Pass"
118.366,73.60948245273141,3.2806393727928627,55.91991784689751,21.491911208909855,5518.75,8.436,59.269,"Pass"
124.709,63.71141350397054,3.2900297492562687,40.84902527190097,20.276035674925723,6028.704,8.321,58.168,"Pass"
152.618,74.96573143403789,0.7921141673983411,60.34518188736464,23.69284707525629,7170.401,8.198,58.31,"Pass"
150.285,67.88198718730715,3.0226345942708854,47.67235759279158,19.75832314222643,5266.61,8.714,57.007,"Pass"
197.879,68.981414568162,3.0546667407860366,57.058199551375075,22.377481578557013,8240.555,8.181,60.6,"Pass"
87.968,70.79847217169886,3.7896253182975617,42.91777861021597,21.586329271862425,7536.85,8.046,61.606,"Pass"
128.167,71.60407905311037,4.287406274626074,59.6332566813017,23.079241505990804,7785.966,8.441,60.528,"Pass"
173.434,67.42891628323557,2.914905266556731,59.88853161342168,23.266913223437996,3559.423,9.189,58.338,"Pass"
193.346,52.977735941438354,2.3683965533292644,48.998752633174846,20.569617494328405,9634.4,7.402,56.562,"Pass"
95.068,81.98363276812394,3.6222055791643872,58.49697045807345,22.433461293222788,7090.905,8.495,59.121,"Pass"
236.765,55.88314714308848,2.6303347200810934,51.68187781624152,21.895065484116707,8915.998,9.395,59.32,"Pass"
119.58,65.7409265763506,3.553685900652283,45.3591121180495,19.144598374090403,5320.396,8.447,52.936,"Pass"
212.401,65.53217734379788,2.9320539922128432,52.58415781842119,23.267665714273562,8419.168,8.288,57.934,"Pass"
197.669,57.59181032714064,2.7428543676550188,43.00948068653541,21.455431600557098,8052.316,7.941,60.153,"Pass"
84.083,59.45477154187599,3.006218141598183,43.1366906607195,20.702513531893885,7675.857,8.072,61.048,"Fail"
127.633,55.080704485168816,2.5832065374942217,39.518936947405756,21.030331078250775,7725.357,8.096,60.614,"Pass"
189.413,62.245768652509526,2.4369148896855024,56.73331573816825,20.966336122804986,7290.831,7.676,63.753,"Pass"
109.276,66.03908146955115,2.950105055089864,53.62937808852734,20.217078261207085,5643.647,8.573,56.928,"Pass"
98.584,73.86030638282533,4.124735859774406,46.82246017903811,21.111813642598147,5299.411,8.547,64.527,"Pass"
150.065,68.28165572696281,2.1482402958717883,50.9157795077825,21.976480680360268,8353.884,7.452,59.179,"Pass"
118.843,67.14788044357314,0.5548537145645935,52.59355287260364,27.14127104452873,5002.575,8.948,60.256,"Pass"
160.148,57.333882825053536,2.8593550965357046,41.467931137286214,18.92462061864958,7927.271,8.454,61.894,"Pass"
184.474,61.26309880464934,2.859610785259712,45.983827176933396,18.93405757958109,8646.392,7.9,53.483,"Pass"
159.306,63.46427629844456,3.1964084215283792,46.56514535204486,24.624042295716624,7951.135,*,*,"Pass"
144.877,62.25431074482334,3.059606148664039,47.36732927466253,20.573529325101504,5864.931,9.055,54.037,"Pass"
197.879,68.981414568162,3.0546667407860366,57.058199551375075,22.377481578557013,8240.555,8.181,60.6,"Pass"
194.842,65.60921726892109,3.102279795937221,55.260984477100415,23.019044901341122,8805.657,8.206,56.429,"Pass"
163.878,68.26810188066739,3.2637117855966022,44.143441900590794,22.00344655707132,4819.401,8.373,57.999,"Pass"
130.7,54.68331208025168,2.662732976281561,44.227745406244665,18.982257230394,4865.992,8.651,62.211,"Pass"
93.759,70.75836275273134,13.675231177806932,60.20533182251897,22.425716686364595,4773.234,8.287,60.086,"Pass"
174.4,66.05456167176358,2.96177614678899,46.7407535421262,19.295576808840377,8852.078,8.247,59.33,"Pass"
162.368,74.3005326720099,3.8581158849034294,61.11740411367315,25.320799929355097,6129.183,8.247,60.024,"Pass"
208.374,63.111947214570435,2.9711376659276114,52.977509210544376,22.46032779537001,8874.574,8.351,60.085,"Pass"
140.028,63.04205825501571,3.0609101036935478,47.94701406716031,22.596834385543847,8338.103,7.74,61.043,"Pass"
96.785,57.91129249826368,2.9523384822028205,44.71274158371923,22.074685615896012,4501.246,8.02,60.841,"Pass"
169.565,63.07791505715612,3.0678331023501313,48.29619471357758,19.675254696346634,6156.502,9.112,54.941,"Pass"
172.599,60.30038798988798,3.1412538890723583,42.798330121121644,23.528803037090725,7954.117,8.152,62.413,"Pass"
158.036,62.27475596277647,3.268456301095952,49.488019926503675,21.469064857285723,7913.792,8.189,62.022,"Pass"
168.062,58.333842404721054,2.9426854375171065,42.42564704934115,21.572429960796704,8573.362,7.903,58.897,"Pass"
