Analyst,Tank,Filter Changed,Zone Test,Calculated Value,Volume,Filter Weight,Flow,Nozzle Offset,Filter Accumulation,Water Content Loss
JM,11,Yes,No,2.02,519.5408851,3726.5,454,-3.5,0.3,0.018806487
JM,,No,No,2.45,381.7035074,3726.5,455,-3.5,7.5,0.001066914
CL,21,No,No,2.6,606.1310326,3417.4,453,-4,5.4,-0.010923089
JD,11,No,No,2.4,606.1310326,3417.4,455,-3,4.2,0.004081979
PD,3,No,No,2.36,1194.590607,3417.4,454,-4,3.7,0.015541734
CL,11,No,No,2.69,432.9507376,3724,452,-3.5,0.7,0.008448305
PD,11,No,No,2.36,1194.590607,3417.4,455,-4,3.9,0.026236228
JM,11,No,No,2.41,606.1310326,3724,455,-3.5,2,-0.035679195
PD,24,No,No,2.69,432.9507376,3417.4,453,-3.5,4,0.011716851
LJ,14,No,No,2.69,432.9507376,3724,454,-3.5,0.6,-0.018619434
JM,21,No,No,3.07,190.8517537,3726.5,451,-3.5,7.2,0.023680557
JM,6,No,No,2.39,606.1310326,3724,454,-4,24.6,0.011518906
PD,11,No,No,2.41,606.1310326,3417.4,455,-3,0.9,-0.012307562
JM,25,No,Yes,2.36,1194.590607,3417.4,454,-4,4.1,0.023049537
CL,11,No,No,1.36,170.5295762,3417.4,454,-5,4.4,0.047203275
LJ,25,No,Yes,2.14,141.8284774,3500,454,-2.5,0.3,-0.004864994
PD,21,No,No,2.03,519.5408851,3500,454,-3,0.3,0.002039884
KR,3,No,Yes,2.36,1194.590607,3417.4,454,-4,4.1,0.014170836
JM,3,No,No,2.03,519.5408851,3417.4,455,-3,6,0.013538489
JM,22,No,No,2.36,779.3113276,3417.4,455,-4,0.8,0.045901151
LJ,3,No,No,2.6,606.1310326,3417.4,453,-4,4.7,0.009142588
PD,22,No,No,2.71,432.9507376,3724,455,-3.5,6.7,0.023678002
JM,11,No,No,2.03,519.5408851,3500,455,-3.5,0.3,0.039083827
KR,,No,No,2.69,432.9507376,3724,454,-3.5,0.6,-0.007731945
JM,11,No,No,2.03,796.3937377,3726.5,450,-4,7.3,-0.005886216
LJ,11,No,No,2.6,606.1310326,3417.4,453,-4,4.7,-0.011662334
PD,14,No,No,3.67,1061.858317,3726.5,454,-4.5,1.7,0.027329618
JM,25,No,Yes,2.6,606.1310326,3417.4,453,-4,5.4,0.019293356
LJ,3,No,No,2.37,1194.590607,3726.5,455,-4.5,6.3,0.002353286
JM,6,No,No,2.37,779.3113276,3726.5,453,-3.5,7.6,0.017751666
JM,3,No,No,2.04,265.0718801,3724,455,-3,25.9,-0.003681181
LJ,11,No,No,2.69,432.9507376,3724,451,-3.5,0.8,0.001532208
LJ,22,No,Yes,2.34,779.3113276,3726.5,455,-4.5,2.3,0.012892081
JM,,No,No,2.03,796.3937377,3417.4,455,-4,5.7,0.01820819
LJ,,No,No,2.37,1194.590607,3726.5,455,-4.5,6.6,0.016869076
PD,22,No,No,2.03,519.5408851,3500,454,-3,0.3,0.008116354
JM,21,No,No,2.03,519.5408851,3500,455,-3.5,0.3,0.020173363
JM,3,No,No,2.41,606.1310326,3417.4,455,-3.5,5.1,-0.023946675
PD,21,No,No,2.37,260.1552876,3724,455,-2,23.1,0.009676955
CL,11,No,No,2.06,519.5408851,3726.5,453,-2.5,6.8,0.003400735
JM,11,No,No,2.06,519.5408851,3726.5,453,-2.5,6.8,-0.029162155
JD,11,No,No,3.67,1061.858317,3726.5,455,-4.5,1.2,-0.004714595
PD,14,No,No,2.69,432.9507376,3724,451,-3.5,0.8,0.037115958
JM,21,No,No,2.37,1194.590607,3726.5,455,-4.5,6.3,0.000783287
JM,,No,No,2.37,779.3113276,3417.4,455,-4,0.8,0.002437336
JM,3,No,No,2.41,606.1310326,3724,455,-3.5,2,-0.009503404
JM,11,No,No,2.39,606.1310326,3724,453,-4,24.4,0.035459785
JM,,No,No,2.42,606.1310326,3500,453,-4,0.3,0.014037003
LJ,22,No,No,2.36,779.3113276,3417.4,455,-4,0.8,0.034976521
JD,3,No,No,2.03,519.5408851,3500,454,-3,0.3,0.008317473
LJ,11,No,No,2.69,432.9507376,3417.4,453,-3.5,4,0.001458373
JM,11,No,No,2.4,606.1310326,3417.4,455,-3,4.2,0.005580551
JM,22,No,Yes,2.71,432.9507376,3724,455,-3.5,10.6,0.000769856
LJ,24,No,No,2.4,606.1310326,3417.4,455,-3,4.2,0.010171983
JM,6,No,No,2.03,519.5408851,3500,454,-3,0.3,0.007978313
JD,11,Yes,No,2.02,519.5408851,3726.5,454,-3.5,0.3,0.028616415
JM,25,No,Yes,2.69,432.9507376,3724,454,-3.5,0.8,-0.000215649
JD,11,No,No,2.41,567.057474,3724,455,-4.5,24.9,0.022384551
LJ,11,No,No,2.4,606.1310326,3417.4,455,-3,4.2,0.003835636
JM,11,No,No,2.71,432.9507376,3724,451,-3.5,25.3,0.004954702
PD,20,No,No,2.4,606.1310326,3417.4,454,-3,4.5,0.019111663
TD,11,No,Yes,2.36,1194.590607,3417.4,454,-4,4.1,0.012902163
TD,6,No,No,2.42,606.1310326,3500,454,-3.5,0.3,0.002479368
LJ,11,No,No,2.36,1194.590607,3417.4,455,-4,4.1,0.011536154
PD,14,No,Yes,2.37,1194.590607,3726.5,455,-4.5,5.4,0.006610814
TD,11,No,No,2.03,796.3937377,3417.4,455,-3.5,2.3,0.018492733
LJ,11,No,No,2.03,796.3937377,3726.5,450,-4,7.3,0.002100658
JM,21,No,No,2.03,796.3937377,3726.5,454,-4,7.3,0.005170689
JM,20,No,No,2.3,1194.590607,3500,455,-4,0.3,0.033080486
LJ,,No,No,2.41,567.057474,3724,455,-4.5,24.9,-0.012393876
JD,22,Yes,No,2.02,519.5408851,3726.5,454,-3.5,0.3,0.030183949
JM,19,No,No,2.03,519.5408851,3500,455,-3.5,0.3,0.021221359
CL,21,No,No,3.67,1061.858317,3726.5,454,-4.5,1.7,0.021514377
JM,21,No,No,2.06,519.5408851,3726.5,453,-2.5,6.8,0.01716789
JM,11,No,No,2.03,519.5408851,3500,454,-3,0.3,0.003217941
JM,6,No,No,2.44,531.6163818,3724,455,-3.5,25.8,-0.017766833
CL,11,No,No,2.37,260.1552876,3724,455,-2,23.1,0.013489693
LJ,21,No,Yes,2.7,796.3937377,3417.4,455,-4.5,1.7,0.012197879
JM,11,No,No,2.03,519.5408851,3500,454,-3,0.3,0.016047183
LJ,3,No,No,1.36,170.5295762,3417.4,454,-5,4.4,0.028529052
LJ,24,No,Yes,2.71,432.9507376,3724,452,-3.5,25.3,-0.00203671
JM,21,No,Yes,2.69,432.9507376,3724,454,-3.5,0.8,-0.014458327
LJ,11,No,Yes,2.7,796.3937377,3417.4,455,-4.5,1.7,0.025542335
LJ,21,No,No,2.39,381.7035074,3724,454,-4,24.8,-0.028347252
PD,22,No,No,2.41,606.1310326,3417.4,455,-3,0.5,0.006677069
PD,22,No,No,2.69,692.7211801,3726.5,455,-3.5,4.3,0.02307322
LJ,11,No,No,2.03,519.5408851,3417.4,455,-3.5,0.2,0.021648337
LJ,6,No,No,2.4,354.4109212,3726.5,455,-1.5,4.6,0.01826549
JM,20,No,No,2.36,260.1552876,3500,454,-2,0.3,-0.015471487
KR,22,No,No,2.41,606.1310326,3726.5,455,-3.5,2.5,0.025430837
LJ,20,No,No,3.04,283.528737,3500,455,-3.5,0.3,-0.010978003
JD,22,Yes,No,2.6,636.1725124,3724,453,-3.5,0,0.003527491
JM,20,No,No,2.98,398.7122864,3417.4,454,-4,5.1,0.019385634
PD,21,Yes,No,2.03,519.5408851,3417.4,455,-3.5,0.1,0.007793511
KR,11,No,No,2.36,779.3113276,3417.4,455,-4,0.8,0.028146338
PD,14,No,No,2.06,519.5408851,3726.5,453,-2.5,6.8,0.012897759
PD,11,No,No,2.03,519.5408851,3500,454,-3,0.3,-0.004518474
JM,11,No,Yes,2.34,779.3113276,3726.5,455,-4.5,2.3,0.008208096
CL,11,No,No,2.03,519.5408851,3417.4,455,-3,6,0.000619013
LJ,3,No,No,2.37,260.1552876,3724,455,-2,23.1,-0.000806802
LJ,3,No,No,2.69,432.9507376,3417.4,453,-3.5,4,0.012297225
LJ,21,No,No,2.69,432.9507376,3724,451,-3.5,0.8,0.015454506
JM,11,No,Yes,2.37,1194.590607,3726.5,455,-4.5,5.4,0.005802238
PD,21,No,Yes,2.03,796.3937377,3417.4,451,-4.5,4.5,0.0034086
JM,21,No,No,2.39,606.1310326,3724,454,-4,24.6,0.017169352
JM,11,No,No,2.71,432.9507376,3724,453,-3.5,25.1,0.002872108
JD,22,No,No,2.41,606.1310326,3724,455,-3.5,1.4,0.017460054
JM,25,No,No,2.03,796.3937377,3417.4,455,-4,5.7,0.005193969
JM,19,No,No,2.45,381.7035074,3726.5,455,-3.5,7.5,0.017889146
LJ,11,No,No,2.41,606.1310326,3417.4,455,-3.5,5.4,-0.000916055
LJ,3,No,No,2.71,432.9507376,3724,453,-3.5,25.1,-0.020514714
JM,11,No,No,2.03,796.3937377,3417.4,455,-3.5,2.3,0.011390153
PD,20,No,No,2.71,432.9507376,3724,454,-3.5,25.1,0.015773238
TD,20,No,No,2.41,606.1310326,3726.5,455,-3.5,2.5,0.021125682
PD,24,No,No,2.39,606.1310326,3724,454,-4,24.6,0.016437263
LJ,11,No,No,2.4,354.4109212,3726.5,455,-1.5,4.6,0.033452814
JM,24,No,No,2.69,432.9507376,3724,454,-3.5,0.6,-0.002614004
LJ,21,No,No,2.06,519.5408851,3726.5,451,-3,7.4,0.037928835
LJ,11,No,No,2.03,796.3937377,3417.4,455,-3.5,2.6,0.023947347
JM,25,No,Yes,3.04,283.528737,3500,455,-3.5,0.3,0.027153193
LJ,14,No,No,2.41,606.1310326,3724,455,-3.5,2,0.008267424
JM,,No,No,2.69,692.7211801,3726.5,455,-3.5,4.3,-0.00070331
LJ,6,No,Yes,2.37,1194.590607,3726.5,455,-4.5,5.4,0.01098664
CL,6,No,No,2.44,531.6163818,3726.5,452,-3,8,0.005284015
JM,22,No,No,2.4,606.1310326,3417.4,455,-2.5,2.7,0.015131141
JM,,No,No,2.36,1194.590607,3417.4,455,-4,4.1,-0.001777372
JM,3,No,Yes,2.36,779.3113276,3417.4,455,-4,0.2,-0.014787102
PD,6,No,Yes,2.71,432.9507376,3724,452,-3.5,25.3,-0.006036592
JM,22,No,Yes,2.7,796.3937377,3417.4,455,-4.5,1.7,0.019864425
JM,11,No,No,2.4,606.1310326,3417.4,455,-2.5,2.9,0.024765732
LJ,11,No,No,2.61,606.1310326,3726.5,454,-3.5,5.2,0.020865023
JM,11,No,No,2.69,432.9507376,3417.4,453,-3.5,4.1,-0.012661972
LJ,,No,No,2.41,606.1310326,3724,455,-3.5,2,0.035771956
CL,11,No,No,2.41,606.1310326,3417.4,455,-3.5,5.4,0.016059991
JM,21,No,No,3.07,190.8517537,3726.5,453,-3,7.3,0.019722247
JD,21,No,Yes,3.67,1061.858317,3726.5,455,-4,2.9,-0.006442529
JM,22,No,No,2.5,528.2961111,3724,455,-4,3.2,0.088710417
PD,11,No,No,2.03,796.3937377,3417.4,455,-3.5,2.3,0.026193404
KR,11,No,No,2.03,796.3937377,3726.5,450,-4,7.3,0.004793019
PD,22,No,No,2.41,606.1310326,3417.4,455,-3,0.5,0.009447666
PD,11,No,No,2.03,519.5408851,3500,454,-3,0.3,0.01340997
JM,11,Yes,No,2.6,636.1725124,3724,453,-3.5,0,-0.001862198
PD,14,No,No,2.03,519.5408851,3417.4,455,-3.5,0.2,-0.01552103
PD,14,No,No,2.41,606.1310326,3726.5,455,-3.5,2.5,0.017328848
JD,3,No,Yes,2.37,1194.590607,3726.5,455,-4.5,5.4,0.002580401
JM,25,No,No,2.71,432.9507376,3724,451,-3.5,25.3,0.022955003
JM,11,No,Yes,2.38,779.3113276,3726.5,450,-3.5,7.7,-0.016843444
JD,21,No,No,2.38,779.3113276,3726.5,453,-3.5,7.7,0.020020009
CL,6,No,No,2.4,606.1310326,3417.4,454,-3,4.5,0.001070526
LJ,11,No,No,2.36,1194.590607,3417.4,455,-4,3.9,0.011767983
PD,3,No,No,3.04,283.528737,3500,455,-3.5,0.3,0.001568122
TD,21,No,No,2.61,606.1310326,3726.5,454,-3.5,5.2,0.02126417
CL,19,No,No,4.8,796.3937377,3724,454,-3.5,23.2,0.023924385
JM,11,No,Yes,2.69,432.9507376,3724,454,-3.5,0.8,0.006651765
JM,6,No,No,2.5,528.2961111,3724,455,-4,3.2,0.100261461
JM,21,No,No,2.69,432.9507376,3724,451,-3.5,0.8,0.022204966
LJ,11,No,No,2.37,1194.590607,3726.5,455,-4.5,6.3,0.018119757
JD,6,No,No,2.3,1194.590607,3500,455,-4,0.3,0.000101381
LJ,6,No,Yes,2.37,1194.590607,3726.5,455,-4.5,5.4,-0.006875002
JM,11,No,No,2.41,606.1310326,3724,455,-3.5,2,-0.003237025
LJ,25,No,No,2.37,1194.590607,3726.5,455,-4.5,6.6,-0.001032154
JM,6,No,No,2.4,606.1310326,3417.4,455,-2.5,2.9,0.019465982
JM,,No,No,2.03,796.3937377,3417.4,455,-3.5,2.4,0.001666538
LJ,11,No,No,2.03,796.3937377,3417.4,455,-3.5,2.6,0.02096015
KR,6,No,No,2.7,796.3937377,3417.4,454,-4.5,1,0.029238579
LJ,6,No,Yes,2.7,796.3937377,3417.4,455,-4.5,1.7,0.016205109
JM,21,No,No,2.41,567.057474,3724,455,-4.5,24.9,0.015525739
TD,21,No,No,2.42,606.1310326,3724,454,-3.5,1.9,-0.015378711
JM,11,No,No,2.374,390.2329315,3724,455,-2,22.5,0.018819823
PD,11,No,No,3.07,190.8517537,3726.5,451,-3.5,7.6,-0.0073545
JM,11,No,Yes,2.6,606.1310326,3417.4,453,-4,5.4,0.012449679
JM,20,No,No,2.03,796.3937377,3417.4,455,-3.5,2.3,0.020761874
JM,,No,No,3.04,283.528737,3500,455,-3.5,0.3,0.001326562
KR,3,No,No,2.3,1194.590607,3500,455,-4,0.3,0.015452564
JM,19,No,No,2.4,606.1310326,3417.4,455,-2.5,2.9,0.011565227
KR,20,No,No,2.36,1194.590607,3417.4,454,-4,3.7,0.004676703
JM,11,No,No,2.41,606.1310326,3726.5,455,-3.5,2.5,0.01159014
JD,14,No,No,2.36,779.3113276,3417.4,455,-4,0.8,0.039124689
CL,22,No,No,2.34,779.3113276,3726.5,455,-4,0.7,0.0233932
LJ,6,No,No,2.4,606.1310326,3724,454,-4,24.1,0.010861531
TD,25,No,No,2.7,796.3937377,3417.4,454,-4.5,1,0.015793176
PD,3,No,Yes,3.67,1061.858317,3726.5,455,-4,2.9,-0.006264419
CL,11,No,Yes,2.14,141.8284774,3500,454,-2.5,0.3,-0.005161051
JD,11,No,No,2.4,606.1310326,3417.4,454,-3.5,4.7,-0.00910336
JM,11,No,No,2.61,606.1310326,3726.5,455,-2,4.8,0.004037113
JM,11,No,No,2.3,1194.590607,3500,455,-4,0.3,0.030457358
PD,,No,No,2.37,1194.590607,3726.5,455,-4.5,6.3,0.001634185
LJ,11,No,No,3.07,190.8517537,3726.5,451,-3.5,7.2,0.020371765
PD,21,No,No,3.07,190.8517537,3726.5,451,-3.5,7.6,0.013304434
JD,,No,No,2.41,606.1310326,3724,455,-3.5,2,-0.004496411
TD,11,No,No,2.41,606.1310326,3724,454,-3.5,1.5,-0.000365383
PD,14,No,No,2.03,519.5408851,3500,454,-3,0.3,0.008494705
JM,11,No,No,2.04,265.0718801,3724,455,-3,25.9,-0.010134221
JM,11,No,No,2.41,606.1310326,3417.4,454,-4,1.9,0.010921892
JD,25,No,No,2.37,779.3113276,3417.4,455,-4,0.8,-0.003469693
LJ,21,No,No,2.39,606.1310326,3724,454,-4,24.6,0.003868629
JD,11,No,No,2.34,779.3113276,3726.5,455,-4,0.7,0.021593313
JM,22,No,No,2.36,260.1552876,3500,454,-2,0.3,0.014952133
JD,11,No,Yes,3.04,283.528737,3500,455,-3.5,0.3,-0.001965225
PD,11,No,No,3.07,190.8517537,3726.5,451,-3.5,7.6,0.01005026
PD,6,No,No,2.34,779.3113276,3726.5,455,-4,0.7,0.010092652
JM,21,No,No,2.36,1194.590607,3417.4,455,-4,3.9,0.015779626
CL,21,No,Yes,2.7,432.9507376,3726.5,455,-4,7.1,0.00958231
LJ,21,No,No,2.34,779.3113276,3726.5,455,-3.5,1.9,0.022970072
JM,25,No,No,2.4,354.4109212,3726.5,455,-1.5,4.6,0.039566348
JM,6,No,No,3.67,1061.858317,3726.5,454,-4.5,1.7,0.022024579
CL,,No,No,2.03,519.5408851,3500,454,-3,0.3,0.012958483
KR,11,No,No,2.71,432.9507376,3724,455,-3.5,6.7,0.007433582
JM,,No,Yes,2.36,1194.590607,3417.4,454,-4,4.1,0.008081741
PD,20,No,No,2.6,606.1310326,3417.4,453,-4,5.4,0.002276883
JM,21,No,No,2.4,354.4109212,3726.5,455,-1.5,4.6,0.042037699
JD,,No,No,2.03,519.5408851,3500,454,-3,0.3,0.005652688
JM,11,No,Yes,2.71,432.9507376,3724,455,-3.5,10.6,0.001963518
LJ,21,No,No,2.03,796.3937377,3417.4,455,-3.5,2.4,0.001476449
KR,25,No,Yes,2.71,432.9507376,3724,452,-3.5,25.3,-0.016784287
PD,11,No,Yes,2.3,1194.590607,3500,453,-4,0.3,0.017959125
PD,22,No,No,2.42,531.6163818,3726.5,454,-3.5,4.1,0.049274129
PD,22,No,No,2.71,432.9507376,3724,454,-3.5,25.1,0.009182948
LJ,11,No,No,2.7,796.3937377,3417.4,455,-4.5,1.3,0.003032341
LJ,22,No,No,2.37,779.3113276,3726.5,453,-3.5,7.6,0.020463991
LJ,11,No,No,2.6,636.1725124,3724,455,-3.5,0.7,0.040265805
JM,11,No,Yes,2.36,1194.590607,3417.4,454,-4,4.1,0.006813302
JD,25,No,No,2.7,796.3937377,3417.4,454,-4.5,1,0.035716948
LJ,20,No,No,2.6,606.1310326,3417.4,453,-4,4.7,0.014674547
CL,21,No,Yes,3.67,1061.858317,3726.5,455,-4,2.9,-0.013504057
JM,22,No,No,2.69,432.9507376,3724,451,-3.5,0.8,0.008334708
JM,24,No,No,2.41,606.1310326,3417.4,455,-3.5,5.4,-0.010778398
LJ,14,No,Yes,2.7,432.9507376,3726.5,455,-4,7.1,-0.007738837
JM,11,No,No,4.8,796.3937377,3724,454,-3.5,23.2,0.009325722
JM,3,No,No,2.42,606.1310326,3500,453,-4,0.3,0.029964331
PD,,No,Yes,3.04,283.528737,3500,455,-3.5,0.3,-0.006972598
JM,11,No,No,2.4,606.1310326,3417.4,454,-3.5,4.7,0.004051162
JM,,No,No,2.4,606.1310326,3417.4,455,-2.5,2.7,0.009780158
PD,21,No,No,2.03,519.5408851,3417.4,455,-3.5,0.2,0.020257726
PD,11,No,No,2.36,260.1552876,3500,454,-2,0.3,-0.011662022
JM,24,No,No,2.41,606.1310326,3417.4,455,-4,1.9,0.00125646
JM,11,No,No,3.07,190.8517537,3726.5,451,-3.5,7.2,0.006596354
JM,11,No,Yes,2.37,779.3113276,3726.5,453,-3.5,7.4,-0.006471581
KR,3,No,No,2.37,779.3113276,3417.4,455,-4,0.8,-0.007170705
JM,20,No,No,3.67,1061.858317,3726.5,455,-4.5,1.2,0.021119093
LJ,11,No,No,1.36,170.5295762,3417.4,454,-5,4.4,0.024379281
JM,11,No,Yes,2.71,432.9507376,3724,452,-3.5,25.3,0.005732823
JM,6,No,No,2.43,531.6163818,3726.5,455,-3.5,4.2,-0.005736582
LJ,,No,No,2.4,606.1310326,3417.4,455,-2.5,2.7,0.017585417
LJ,11,No,No,2.4,606.1310326,3417.4,454,-3.5,4.7,0.00926892
JM,21,No,No,2.42,606.1310326,3724,454,-3.5,2,0.009361723
JM,11,No,No,2.41,606.1310326,3724,455,-3.5,2,0.015125018
LJ,25,No,No,2.61,606.1310326,3726.5,454,-3.5,5.2,0.037608857
PD,11,No,No,2.41,606.1310326,3417.4,454,-3.5,5.2,0.006354519
JM,,No,No,2.34,779.3113276,3726.5,455,-3.5,1.9,0.018716873
JD,6,No,No,2.6,606.1310326,3417.4,453,-4,5,0.020157499
PD,3,No,No,2.37,779.3113276,3417.4,455,-4,0.8,0.002794112
JM,6,No,No,2.4,606.1310326,3417.4,454,-3,4.5,0.03235754
PD,11,No,No,2.42,606.1310326,3500,454,-3.5,0.3,0.017474398
JM,3,No,No,2.4,606.1310326,3724,455,-4,24.2,0.013746554
KR,11,No,No,2.41,606.1310326,3417.4,455,-3,0.5,-0.00586396
JM,11,No,Yes,2.14,141.8284774,3500,454,-2.5,0.3,0.014415501
JM,21,No,No,2.38,779.3113276,3726.5,453,-3.5,7.7,0.007941461
PD,21,No,No,2.71,432.9507376,3724,455,-3.5,6.7,0.008311243
TD,25,No,No,2.4,606.1310326,3417.4,454,-3,4.5,0.021919309
JM,3,No,No,2.69,432.9507376,3417.4,453,-3.5,4,0.011282185
JM,21,No,No,2.36,1194.590607,3417.4,455,-4,4.1,-0.007997516
LJ,11,No,Yes,3.04,283.528737,3500,455,-3.5,0.3,-0.023081254
JM,11,No,Yes,3.67,1061.858317,3726.5,455,-4,2.9,0.006523289
JM,3,No,No,2.03,796.3937377,3726.5,454,-4,7.3,0.017575051
PD,14,No,No,2.5,528.2961111,3724,455,-4,3.2,0.088943903
PD,25,No,No,2.42,606.1310326,3500,454,-3.5,0.3,0.01073522
TD,,No,No,2.03,796.3937377,3417.4,455,-3.5,2.4,0.001259977
CL,11,No,No,2.03,796.3937377,3726.5,450,-4,7.3,-0.01110557
CL,11,No,Yes,3.04,283.528737,3500,455,-3.5,0.3,-0.004444575
JM,6,No,No,2.3,1194.590607,3500,455,-4,0.3,0.011738875
LJ,11,No,No,2.03,519.5408851,3500,454,-3,0.3,0.015599972
TD,,No,No,2.41,606.1310326,3417.4,455,-4,1.9,0.015094112
PD,11,No,Yes,2.6,606.1310326,3417.4,453,-4,5.4,0.028757857
JM,,No,Yes,2.36,779.3113276,3417.4,455,-4,0.2,-0.009530768
JM,11,No,No,2.03,519.5408851,3500,454,-3,0.3,0.003447175
PD,11,No,No,2.03,519.5408851,3417.4,455,-3,6,0.013826181
TD,19,No,No,2.71,432.9507376,3724,455,-3.5,6.7,-0.001114768
JM,11,No,No,2.36,779.3113276,3417.4,455,-4,0.8,0.033997832
TD,6,No,No,2.03,796.3937377,3726.5,450,-4,7.3,0.005121824
JM,,No,No,2.03,796.3937377,3417.4,455,-3.5,2.3,0.017677323
LJ,25,No,No,2.03,519.5408851,3500,454,-3,0.3,-0.019349359
TD,11,No,No,2.43,531.6163818,3726.5,455,-3.5,4.2,0.014642095
LJ,11,No,Yes,2.69,432.9507376,3417.4,453,-3.5,4.1,0.005296828
JD,6,No,No,2.41,606.1310326,3417.4,455,-3.5,5.4,0.003748497
LJ,22,No,No,2.38,779.3113276,3726.5,451,-3.5,7.4,0.016350465
JM,11,No,No,2.39,381.7035074,3724,454,-4,24.8,0.00315691
TD,21,No,Yes,2.6,606.1310326,3417.4,453,-4,5.4,0.023689162
JM,21,No,No,2.4,606.1310326,3417.4,454,-3.5,4.7,-0.002277581
KR,11,No,No,2.38,779.3113276,3726.5,451,-3.5,7.4,0.000550304
JM,6,No,Yes,2.3,1194.590607,3500,453,-4,0.3,0.019425777
JD,22,No,No,2.3,1194.590607,3500,455,-4,0.3,0.04542488
PD,22,No,No,2.36,1194.590607,3417.4,455,-4,4.1,0.003436167
PD,25,No,No,2.06,519.5408851,3726.5,453,-2.5,6.8,-0.007392889
CL,,Yes,No,2.02,519.5408851,3726.5,454,-3.5,0.3,0.023872445
KR,3,No,Yes,2.03,796.3937377,3417.4,451,-4.5,4.5,-0.006331876
KR,11,No,Yes,2.03,796.3937377,3417.4,451,-4.5,4.5,-0.013280317
JM,11,No,No,2.37,779.3113276,3726.5,453,-3.5,7.6,0.015169138
JM,3,No,Yes,3.04,283.528737,3500,455,-3.5,0.3,-0.004276861
PD,21,No,No,2.69,432.9507376,3417.4,454,-3.5,4.3,0.009046468
JM,11,No,No,2.14,141.8284774,3500,454,-2.5,0.3,0.008883458
PD,14,No,No,2.03,796.3937377,3417.4,455,-4,5.7,0.008163854
JM,11,No,No,2.03,519.5408851,3500,454,-3,0.3,0.026802171
LJ,21,No,No,2.39,606.1310326,3724,453,-4,24.4,0.014662504
PD,20,No,No,2.41,606.1310326,3724,455,-3.5,2,0.016707908
JM,11,No,No,2.36,1194.590607,3417.4,455,-4,4.1,0.013174434
LJ,3,No,No,2.6,636.1725124,3724,455,-3.5,0.7,0.029221313
PD,25,No,No,2.36,260.1552876,3500,454,-2,0.3,0.008448191
JM,3,No,No,2.34,779.3113276,3726.5,455,-3.5,1.9,0.000971407
JM,,Yes,No,2.6,636.1725124,3724,453,-3.5,0,-0.006374572
KR,11,No,No,2.03,796.3937377,3417.4,455,-4,5.7,0.006500658
JD,,No,No,2.36,260.1552876,3500,454,-2,0.3,0.012667863
KR,22,No,No,2.4,606.1310326,3417.4,455,-2.5,2.7,-0.003240215
JM,22,No,No,2.69,432.9507376,3417.4,453,-3.5,4.1,0.008772696
JD,22,No,No,3.07,190.8517537,3726.5,451,-3.5,7.2,0.000108019
CL,3,No,No,2.61,606.1310326,3726.5,454,-3.5,5.2,0.011872967
JD,22,No,No,3.67,1061.858317,3726.5,455,-4.5,1.2,0.025088398
JM,11,No,No,2.45,381.7035074,3726.5,455,-3.5,7.5,0.018290155
PD,11,No,No,2.03,796.3937377,3417.4,455,-4,5.7,-0.006045745
JM,11,No,No,2.42,531.6163818,3726.5,454,-3.5,4.1,0.050313222
PD,,No,No,2.03,796.3937377,3417.4,454,-4,5.6,0.011698416
PD,11,No,No,2.41,606.1310326,3417.4,455,-3.5,5.4,0.0240765
LJ,11,No,No,2.03,519.5408851,3500,454,-3,0.3,0.020536656
JM,3,No,No,2.39,606.1310326,3724,453,-4,24.4,-0.006751117
JD,11,No,No,2.41,606.1310326,3417.4,454,-4,1.9,-0.006745365
PD,11,No,No,2.41,606.1310326,3724,455,-3.5,2,0.009873974
JM,11,No,No,2.61,606.1310326,3726.5,455,-3.5,4.8,0.003174947
KR,21,No,No,2.69,432.9507376,3417.4,453,-3.5,4,0.00858456
PD,11,No,No,2.37,1194.590607,3726.5,455,-4.5,6.6,0.013730344
JM,3,No,Yes,3.04,283.528737,3500,455,-3.5,0.3,-0.002177398
CL,21,No,Yes,2.69,432.9507376,3417.4,453,-3.5,4.1,0.010944172
CL,11,No,No,2.43,531.6163818,3726.5,455,-3.5,4.2,0.002206901
JM,,No,No,2.36,779.3113276,3417.4,455,-4,0.8,0.037910943
JD,11,No,No,2.03,519.5408851,3500,454,-3,0.3,-0.004051934
KR,11,No,Yes,2.38,779.3113276,3726.5,450,-3.5,7.7,0.001543781
JM,21,No,No,2.03,796.3937377,3417.4,455,-3.5,2.3,0.019677483
LJ,11,No,No,2.61,606.1310326,3726.5,455,-2,4.8,0.011723179
LJ,21,No,No,2.41,606.1310326,3724,455,-3.5,1.4,-0.004982687
PD,11,No,No,2.03,796.3937377,3417.4,455,-3.5,2.6,0.000896926
PD,21,No,Yes,3.67,1061.858317,3726.5,455,-4,2.9,0.012461132
JM,11,No,No,2.36,260.1552876,3500,454,-2,0.3,0.000948003
PD,11,No,No,2.03,519.5408851,3500,454,-3,0.3,0.001090578
LJ,22,No,Yes,2.36,779.3113276,3417.4,455,-4,0.2,0.003687525
JD,6,No,Yes,2.38,779.3113276,3726.5,450,-3.5,7.7,0.018901757
PD,11,No,Yes,2.7,432.9507376,3726.5,455,-4,7.1,-0.013886892
KR,24,No,No,2.43,531.6163818,3726.5,455,-3.5,4.2,0.012465469
PD,,No,Yes,2.71,432.9507376,3724,452,-3.5,25.3,0.004311582
JM,3,No,No,2.44,531.6163818,3724,455,-3.5,25.8,-0.003224654
LJ,,Yes,No,2.03,519.5408851,3417.4,455,-3.5,0.1,0.015483743
JD,6,No,No,2.03,519.5408851,3417.4,455,-3.5,0.2,0.013276203
PD,22,No,No,2.43,531.6163818,3726.5,455,-3.5,4.2,0.006553469
LJ,3,No,No,2.6,606.1310326,3417.4,453,-4,4.7,-0.019931257
CL,3,No,No,2.03,519.5408851,3417.4,455,-3,5.9,0.001441428
JM,21,No,No,2.03,796.3937377,3417.4,455,-3.5,2.4,0.024363969
JM,3,No,No,2.4,606.1310326,3417.4,455,-2.5,2.9,0.01226505
TD,11,No,No,2.6,606.1310326,3417.4,453,-4,5,0.01510302
CL,21,No,No,2.34,779.3113276,3726.5,455,-3.5,1.9,0.008326846
CL,3,No,No,2.37,1194.590607,3726.5,455,-4,5,-0.001450974
JD,6,No,No,2.71,432.9507376,3724,453,-3.5,25.1,0.021171162
PD,21,No,Yes,2.37,1194.590607,3726.5,455,-4.5,5.4,-0.006551886
KR,21,No,No,2.41,606.1310326,3417.4,455,-3.5,5.1,0.005485225
JM,11,No,No,2.41,606.1310326,3417.4,455,-3.5,5.4,0.01516938
LJ,20,No,No,2.36,260.1552876,3500,454,-2,0.3,-0.024096877
PD,11,No,No,2.44,531.6163818,3726.5,452,-3,8,-0.000489751
TD,11,No,No,2.14,141.8284774,3500,454,-2.5,0.3,-0.017485367
PD,19,No,No,2.34,779.3113276,3726.5,455,-4,0.7,0.007037594
PD,6,No,No,2.04,265.0718801,3724,455,-3,25.9,-0.005842737
PD,11,No,No,2.374,390.2329315,3724,455,-2,22.5,0.027170477
JM,20,No,No,2.4,606.1310326,3417.4,454,-3.5,4.7,-0.010035573
JM,3,No,No,2.41,606.1310326,3417.4,455,-3,0.5,-0.002437604
JM,11,No,No,2.03,519.5408851,3417.4,455,-3,5.9,0.002437082
PD,3,No,No,2.5,528.2961111,3724,455,-4,3.2,0.10291745
JM,6,No,No,2.03,519.5408851,3417.4,455,-3.5,0.2,-0.000734676
JM,6,No,No,1.36,170.5295762,3417.4,454,-5,4.4,0.045252342
PD,22,No,No,2.69,432.9507376,3417.4,453,-3.5,4.1,-0.004675151
LJ,24,No,No,2.7,432.9507376,3726.5,455,-4,7.1,0.034075124
JM,11,No,No,3.04,283.528737,3500,455,-3.5,0.3,-0.003080252
JM,21,Yes,No,2.03,519.5408851,3417.4,455,-3.5,0.1,0.006416502
PD,11,No,No,2.37,260.1552876,3724,455,-2,23.1,0.009580019
PD,25,No,No,2.39,381.7035074,3724,454,-4,24.8,0.002307686
PD,25,No,No,2.42,606.1310326,3724,454,-3.5,1.9,-0.003406357
LJ,11,No,Yes,2.37,1194.590607,3726.5,455,-4.5,5.4,-0.001609336
JD,11,No,No,2.06,519.5408851,3726.5,451,-3,7.4,0.042144443
PD,6,No,No,2.42,606.1310326,3500,453,-4,0.3,0.008255553
LJ,20,No,No,2.38,779.3113276,3726.5,453,-3.5,7.7,0.016221245
JM,21,No,No,2.41,567.057474,3724,455,-4.5,24.9,0.006540956
CL,21,No,No,2.42,606.1310326,3500,453,-4,0.3,0.022126778
LJ,,No,No,2.03,519.5408851,3417.4,455,-3,5.9,0.020711923
KR,20,No,No,2.61,606.1310326,3726.5,455,-2,4.8,0.029844502
JM,11,No,Yes,3.04,283.528737,3500,455,-3.5,0.3,-0.001042192
CL,11,No,No,2.42,606.1310326,3500,455,-3.5,0.3,0.000977213
PD,21,No,No,2.37,779.3113276,3417.4,455,-4,0.8,0.000691193
CL,3,No,No,2.45,381.7035074,3726.5,455,-3.5,7.5,0.014655929
JM,11,No,Yes,2.71,432.9507376,3724,455,-3.5,10.6,-0.00675912
LJ,22,No,Yes,2.14,141.8284774,3500,454,-2.5,0.3,0.007309153
PD,3,No,No,2.37,779.3113276,3417.4,455,-4,0.8,-0.010744394
TD,11,No,No,2.4,606.1310326,3417.4,455,-3,4.2,-0.002652727
TD,3,No,No,2.41,567.057474,3724,455,-4.5,24.9,0.018389142
JM,,No,Yes,2.36,1194.590607,3417.4,454,-4,4.1,-0.011576774
TD,3,No,No,2.42,606.1310326,3724,454,-3.5,1.9,0.009047485
KR,25,No,No,2.03,796.3937377,3417.4,455,-4,5.7,0.000929714
LJ,11,No,No,2.03,519.5408851,3500,455,-3.5,0.3,0.024708843
KR,3,No,No,2.4,606.1310326,3417.4,455,-3,4.2,-0.000806001
LJ,11,No,No,2.69,692.7211801,3726.5,455,-3.5,4.3,0.006913436
JM,21,No,No,2.03,796.3937377,3417.4,455,-3.5,2.6,-0.002213877
JM,11,No,No,2.69,432.9507376,3417.4,453,-3.5,4,-3.71904E-05
LJ,6,No,No,2.03,519.5408851,3500,455,-3.5,0.3,0.01041077
CL,11,No,No,2.3,1194.590607,3500,455,-4,0.3,0.018955168
JM,11,No,No,2.3,1194.590607,3500,455,-4,0.3,0.006590682
PD,21,No,No,2.03,519.5408851,3417.4,455,-3,6,0.002780511
KR,11,No,No,2.42,606.1310326,3724,454,-3.5,2,0.008232154
JD,24,Yes,No,2.03,519.5408851,3417.4,455,-3.5,0.1,0.011341965
JM,25,No,No,2.42,606.1310326,3724,454,-3.5,1.9,-0.012556535
JM,6,No,No,2.03,519.5408851,3500,455,-3.5,0.3,0.032301768
JM,11,No,No,2.71,432.9507376,3724,453,-3.5,25.1,-0.016736421
TD,11,No,No,2.4,354.4109212,3726.5,455,-1.5,4.6,0.02955772
JM,,No,Yes,2.7,432.9507376,3726.5,455,-4,7.1,0.006723663
CL,11,No,No,2.69,432.9507376,3724,452,-3.5,0.7,0.013560371
JM,20,No,No,2.41,606.1310326,3417.4,455,-3.5,5.1,0.00814529
JM,11,No,No,2.4,606.1310326,3417.4,454,-3.5,4.7,0.010695476
CL,22,No,No,2.69,432.9507376,3724,451,-3.5,0.8,0.025031992
TD,22,No,No,2.3,1194.590607,3500,455,-4,0.3,0.016547591
LJ,11,No,No,2.36,1194.590607,3417.4,454,-4,3.7,-0.005812111
JM,6,No,No,2.37,779.3113276,3417.4,455,-4,0.8,0.006916099
PD,25,No,No,2.03,796.3937377,3417.4,455,-3.5,2.6,0.011157039
PD,11,No,No,2.69,432.9507376,3724,454,-3.5,0.6,-0.014783303
JM,11,No,No,2.42,606.1310326,3500,453,-4,0.3,0.004468132
JM,19,No,No,4.8,796.3937377,3724,454,-3.5,23.2,0.028545515
JM,3,No,No,2.4,606.1310326,3724,455,-4,24.2,0.012659847
LJ,21,No,No,2.3,1194.590607,3500,455,-4,0.3,0.033294233
KR,20,No,No,2.42,606.1310326,3500,453,-4,0.3,0.018460931
JM,25,No,No,2.61,636.1725124,3724,455,-3.5,1,0.012710488
JD,21,No,No,2.69,432.9507376,3417.4,454,-3.5,4.3,0.019243991
JM,14,No,Yes,2.36,1194.590607,3417.4,454,-4,4.1,0.016866453
TD,,No,Yes,2.69,432.9507376,3417.4,453,-3.5,4.1,0.005618987
JM,3,No,No,2.45,381.7035074,3726.5,455,-3.5,7.5,0.027834686
JD,,No,No,2.45,381.7035074,3726.5,455,-3.5,7.5,-0.013672974
LJ,21,No,No,2.4,606.1310326,3417.4,455,-2.5,2.9,0.013584931
PD,25,No,No,2.41,606.1310326,3417.4,455,-3,0.5,-0.005589216
TD,21,No,No,2.4,606.1310326,3417.4,455,-3,4.2,-0.000545787
PD,21,No,No,2.4,606.1310326,3417.4,454,-3.5,4.7,-0.004865284
LJ,3,No,Yes,2.7,796.3937377,3417.4,455,-4.5,1.7,0.024549355
KR,21,No,No,2.41,606.1310326,3417.4,455,-3.5,5.1,-0.017126453
PD,11,No,No,2.41,606.1310326,3724,455,-3.5,2,0.013871156
LJ,19,No,No,2.39,606.1310326,3724,454,-4,24.6,0.021291715
JM,11,No,No,2.7,796.3937377,3417.4,454,-4.5,1,0.034060049
TD,21,No,Yes,3.04,283.528737,3500,455,-3.5,0.3,-0.003282969
KR,3,No,No,2.03,519.5408851,3500,455,-3.5,0.3,0.030326594
JD,11,No,No,2.45,381.7035074,3726.5,455,-3.5,7.5,-0.000903515
PD,11,No,Yes,2.7,432.9507376,3726.5,455,-4,7.1,-0.003736393
JM,21,No,No,2.69,692.7211801,3726.5,455,-3.5,4.3,-0.003026411
PD,6,No,No,2.38,779.3113276,3726.5,451,-3.5,7.4,-0.001789767
PD,3,Yes,No,2.02,519.5408851,3726.5,454,-3.5,0.3,0.023827798
PD,11,No,No,2.34,779.3113276,3726.5,455,-4,0.7,0.029070796
PD,21,Yes,No,2.02,519.5408851,3726.5,454,-3.5,0.3,0.030705694
KR,11,No,No,2.4,354.4109212,3726.5,455,-1.5,4.6,0.051754761
JM,21,No,Yes,3.04,283.528737,3500,455,-3.5,0.3,0.011151201
JM,3,No,No,2.98,398.7122864,3417.4,454,-4,5.1,-0.001896954
KR,11,No,No,2.4,606.1310326,3724,455,-4,24.2,0.015145187
JM,,No,No,3.04,283.528737,3500,455,-3.5,0.3,-0.000991294
JM,,No,No,2.61,606.1310326,3726.5,455,-3.5,4.8,0.00567221
PD,11,No,No,2.5,528.2961111,3724,455,-4,3.2,0.093377319
KR,11,No,No,2.41,606.1310326,3417.4,455,-3.5,5.1,-0.008159608
LJ,20,No,Yes,2.3,1194.590607,3500,453,-4,0.3,0.001666803
JD,22,No,No,2.41,606.1310326,3724,455,-3.5,2,0.002725527
LJ,11,No,No,2.36,1194.590607,3417.4,454,-4,3.7,0.026640305
KR,24,No,Yes,2.7,432.9507376,3726.5,455,-4,7.1,0.004688387
JM,19,No,No,2.3,1194.590607,3500,455,-4,0.3,0.043611083
TD,25,No,No,2.4,606.1310326,3724,454,-4,24.1,0.012980836
PD,11,No,No,2.42,606.1310326,3500,454,-3.5,0.3,0.011426443
LJ,6,No,No,2.03,796.3937377,3417.4,455,-3.5,2.4,0.004290221
PD,21,No,No,2.03,519.5408851,3417.4,455,-3,5.9,-0.011622888
LJ,22,No,No,2.42,606.1310326,3724,454,-3.5,1.9,0.00577249
PD,3,No,Yes,2.38,779.3113276,3726.5,450,-3.5,7.7,-0.020232314
LJ,21,No,No,2.71,432.9507376,3724,454,-3.5,25.1,0.01901779
JD,11,No,No,2.4,606.1310326,3417.4,455,-2.5,2.9,0.01103603
JM,25,No,No,2.45,381.7035074,3726.5,455,-3.5,7.5,-0.006586543
CL,25,No,No,3.07,190.8517537,3726.5,451,-3.5,7.6,-0.002711739
KR,25,No,No,2.41,606.1310326,3417.4,455,-4,1.9,0.038348983
LJ,,No,No,3.04,283.528737,3500,455,-3.5,0.3,-0.021363914
KR,,No,No,2.42,606.1310326,3724,454,-3.5,1.9,0.009074377
JD,,No,No,2.61,606.1310326,3726.5,455,-3.5,4.8,0.005995621
LJ,11,No,No,2.4,606.1310326,3417.4,454,-3.5,4.7,0.00576757
LJ,,No,No,2.37,1194.590607,3726.5,455,-4.5,6.3,0.020384004
KR,21,No,No,2.42,606.1310326,3724,454,-3.5,2,-0.00888484
LJ,6,No,No,2.43,531.6163818,3726.5,455,-3.5,4.2,0.024122488
LJ,21,No,No,2.4,606.1310326,3417.4,454,-3,4.5,0.024027062
JM,11,No,No,4.8,796.3937377,3724,454,-3.5,23.2,0.024220887
LJ,22,No,No,2.37,779.3113276,3417.4,455,-4,0.8,-0.005252914
TD,14,No,No,1.36,170.5295762,3417.4,454,-5,4.4,0.036938465
JM,19,No,No,2.03,519.5408851,3417.4,455,-3,5.9,0.006276078
CL,22,No,No,2.7,796.3937377,3417.4,454,-4.5,1,0.009893089
LJ,3,No,No,2.4,606.1310326,3417.4,455,-2.5,2.9,0.01584691
LJ,11,No,Yes,2.6,606.1310326,3417.4,453,-4,5.4,0.021880463
JM,21,No,Yes,2.71,432.9507376,3724,455,-3.5,10.6,0.00325407
LJ,20,No,Yes,2.36,1194.590607,3417.4,454,-4,4.1,0.022686496
KR,11,No,No,2.37,779.3113276,3726.5,453,-3.5,7.4,0.016035616
PD,,No,No,2.69,432.9507376,3724,454,-3.5,0.6,-0.01523599
JD,11,No,No,2.41,606.1310326,3724,455,-3.5,2,-0.010273063
PD,,No,No,4.8,796.3937377,3724,454,-3.5,23.2,0.017355581
JM,20,No,No,2.41,606.1310326,3417.4,455,-3,0.5,0.007828337
JM,11,No,No,2.03,519.5408851,3500,454,-3,0.3,-0.005618084
JD,,No,No,2.03,796.3937377,3417.4,455,-4,5.7,0.002295649
LJ,11,No,No,2.38,779.3113276,3726.5,451,-3.5,7.4,0.016137141
LJ,11,No,No,2.38,779.3113276,3726.5,451,-3.5,7.4,0.01098847
JM,,No,Yes,2.7,796.3937377,3417.4,455,-4.5,1.7,0.002644159
JM,11,No,No,2.6,636.1725124,3724,455,-3.5,0.7,0.023991867
CL,,No,No,2.37,260.1552876,3724,455,-2,23.1,0.018104556
CL,,No,No,2.4,606.1310326,3724,455,-4,24.2,0.009594249
JM,11,No,No,2.42,606.1310326,3726.5,455,-3.5,4.9,0.004224393
JM,21,No,No,2.14,141.8284774,3500,454,-2.5,0.3,0.008393937
JM,11,No,Yes,2.7,796.3937377,3417.4,455,-4.5,1.7,0.011214672
JM,,No,No,2.41,606.1310326,3417.4,454,-4,1.9,0.009989162
LJ,21,No,No,1.36,170.5295762,3417.4,454,-5,4.4,0.024384066
PD,6,No,No,2.03,519.5408851,3417.4,455,-3,6,0.008020211
PD,3,No,No,2.69,432.9507376,3417.4,453,-3.5,4,-0.005158864
JM,,Yes,No,2.02,519.5408851,3726.5,454,-3.5,0.3,0.032165299
JM,11,No,No,2.374,390.2329315,3724,455,-2,22.5,0.011786681
JM,3,No,No,2.5,528.2961111,3724,455,-4,3.2,0.087935087
LJ,11,No,No,2.41,606.1310326,3417.4,455,-3.5,5.4,0.017295769
LJ,24,No,No,2.7,432.9507376,3726.5,455,-4,7.1,0.020340332
JM,6,No,No,2.41,606.1310326,3726.5,455,-3.5,2,0.012726327
LJ,11,No,No,2.4,606.1310326,3724,455,-4,24.2,0.010799713
PD,11,No,No,2.4,606.1310326,3724,455,-4,24.2,-0.000109723
TD,11,No,No,2.03,796.3937377,3417.4,454,-4,5.6,0.00336608
PD,11,No,No,2.69,432.9507376,3724,451,-3.5,0.8,0.035802155
JD,19,No,No,2.6,606.1310326,3417.4,453,-4,5,0.010213245
JM,24,No,No,3.07,190.8517537,3726.5,453,-3,7.3,0.018550993
JM,3,No,No,2.69,432.9507376,3417.4,453,-3.5,4.1,0.003038532
TD,21,No,No,2.37,779.3113276,3726.5,453,-3.5,7.4,-0.004669345
PD,6,No,No,2.43,531.6163818,3726.5,455,-3.5,4.2,0.017855889
JM,11,No,No,2.36,779.3113276,3417.4,455,-4,0.8,0.033557287
TD,3,No,No,2.7,796.3937377,3417.4,454,-4.5,1,0.01414301
CL,24,No,No,2.36,1194.590607,3417.4,455,-4,3.9,0.006995696
CL,6,No,No,2.34,779.3113276,3726.5,455,-4,0.7,0.008700846
LJ,11,No,No,2.03,796.3937377,3417.4,455,-4,5.7,-0.008950511
TD,,No,No,2.41,567.057474,3724,455,-4.5,24.9,-0.007901556
PD,6,No,No,2.03,796.3937377,3417.4,455,-4,5.7,-0.005144522
PD,,No,No,2.44,531.6163818,3724,455,-3.5,25.8,0.014849936
JM,22,No,Yes,2.71,432.9507376,3724,452,-3.5,25.3,0.005892977
PD,11,No,No,3.04,283.528737,3500,455,-3.5,0.3,-0.003824894
LJ,21,No,No,2.03,519.5408851,3500,454,-3,0.3,0.009600402
JM,,No,Yes,2.6,606.1310326,3417.4,453,-4,5.4,0.020272535
JM,6,No,No,2.4,606.1310326,3724,455,-4,24.2,-0.000246157
JM,25,No,No,2.41,606.1310326,3726.5,455,-3.5,2,0.020699134
PD,,No,No,2.45,381.7035074,3726.5,455,-3.5,7.5,0.006121385
TD,21,No,Yes,2.69,432.9507376,3724,454,-3.5,0.8,0.024415818
LJ,24,No,No,2.41,606.1310326,3724,455,-3.5,2,0.010052802
JM,6,No,No,2.69,692.7211801,3726.5,455,-3.5,4.3,-0.011960873
JM,19,No,No,2.4,606.1310326,3724,454,-4,24.1,0.012454817
JM,6,No,No,2.41,606.1310326,3724,455,-3.5,2,-0.008438559
JM,11,No,No,2.41,606.1310326,3726.5,455,-3.5,2.5,0.004416582
PD,3,No,No,2.14,141.8284774,3500,454,-2.5,0.3,0.001622258
JM,,No,Yes,2.69,432.9507376,3724,454,-3.5,0.8,0.000130373
LJ,24,No,No,3.07,190.8517537,3726.5,451,-3.5,7.6,-0.011665109
JD,24,No,No,2.41,606.1310326,3724,454,-3.5,1.5,0.027422581
PD,21,No,No,2.3,1194.590607,3500,455,-4,0.3,0.043602343
JM,,No,No,2.4,606.1310326,3417.4,454,-3,4.5,0.035874488
JM,21,No,No,2.7,796.3937377,3417.4,454,-4.5,1,0.010039353
JM,6,No,No,2.7,432.9507376,3726.5,455,-4,7.1,0.016655395
JM,11,No,Yes,2.6,606.1310326,3417.4,453,-4,5.4,0.034780547
LJ,,No,No,2.61,606.1310326,3726.5,455,-2,4.8,0.006336141
TD,11,No,No,2.37,260.1552876,3724,455,-2,23.1,0.006577078
TD,11,No,No,2.98,398.7122864,3417.4,454,-4,5.1,-0.004619613
JM,6,No,No,2.71,432.9507376,3724,451,-3.5,25.3,0.02064287
KR,3,No,No,2.36,1194.590607,3417.4,455,-4,4.1,0.004979787
JM,21,No,No,2.4,606.1310326,3417.4,455,-2.5,2.9,0.024030553
JM,6,No,Yes,2.36,779.3113276,3417.4,455,-4,0.2,0.00333895
JM,21,No,No,2.41,606.1310326,3417.4,455,-4,1.9,0.003018612
JD,6,Yes,No,2.03,519.5408851,3417.4,455,-3.5,0.1,0.019681354
JM,,No,Yes,2.36,1194.590607,3417.4,454,-4,4.1,0.009021622
JM,11,No,No,2.4,606.1310326,3724,455,-4,24.2,0.011065883
JM,6,No,No,2.34,779.3113276,3726.5,455,-4,0.7,0.015849373
JM,20,No,No,2.41,606.1310326,3724,455,-3.5,2,0.001978911
TD,19,No,No,2.44,531.6163818,3724,455,-3.5,25.8,0.004641511
LJ,3,No,No,2.04,265.0718801,3724,455,-3,25.9,-0.005640401
JM,3,No,No,2.03,796.3937377,3726.5,454,-4,7.3,0.023228554
JM,22,No,No,2.37,779.3113276,3417.4,455,-4,0.8,0.010056236
CL,3,No,Yes,2.03,796.3937377,3417.4,451,-4.5,4.5,-0.004856528
JM,11,No,No,2.34,779.3113276,3726.5,455,-4,0.7,0.017578823
JM,11,Yes,No,2.6,636.1725124,3724,453,-3.5,0,-0.006956669
JM,3,No,No,2.39,606.1310326,3724,454,-4,24.6,0.00512579
JM,11,No,No,2.37,1194.590607,3726.5,455,-4,5,-0.000399114
CL,11,No,No,2.44,531.6163818,3726.5,452,-3,8,0.00705521
PD,3,No,Yes,2.14,141.8284774,3500,454,-2.5,0.3,0.003613718
JM,25,No,No,2.03,796.3937377,3417.4,455,-3.5,2.3,0.018974137
JM,,No,Yes,2.7,796.3937377,3417.4,455,-4.5,1.7,0.024633718
CL,3,No,No,2.69,432.9507376,3417.4,454,-3.5,4.3,0.012442928
JM,11,No,Yes,2.7,432.9507376,3726.5,455,-4,7.1,0.009915846
PD,24,No,No,3.67,1061.858317,3726.5,455,-4.5,1.2,0.017943434
JM,21,No,No,2.69,432.9507376,3724,451,-3.5,0.8,0.012963516
JD,,No,No,2.37,779.3113276,3417.4,455,-4,0.8,-0.001364326
JM,11,Yes,No,2.6,636.1725124,3724,453,-3.5,0,-0.025817532
JD,22,No,No,2.41,606.1310326,3726.5,455,-3.5,2.5,0.024625387
JM,6,No,Yes,2.38,779.3113276,3726.5,450,-3.5,7.7,-0.009088734
PD,24,No,No,2.41,606.1310326,3726.5,455,-3.5,2.5,0.020417158
JM,22,No,No,2.42,606.1310326,3500,454,-3.5,0.3,0.014685279
JM,11,No,No,2.4,606.1310326,3417.4,454,-3.5,4.7,-0.020636866
TD,11,No,Yes,2.34,779.3113276,3726.5,455,-4.5,2.3,0.02173967
LJ,19,No,No,2.37,1194.590607,3726.5,455,-4.5,6.3,0.003410324
KR,3,No,Yes,2.71,432.9507376,3724,452,-3.5,25.3,0.012196368
LJ,11,No,No,2.7,796.3937377,3417.4,455,-4.5,1.3,0.010356149
KR,11,No,No,2.374,390.2329315,3724,455,-2,22.5,0.006771319
CL,11,No,No,2.61,606.1310326,3726.5,454,-3.5,5.2,0.008965066
TD,11,No,No,1.36,170.5295762,3417.4,454,-5,4.4,0.041420112
JD,6,No,No,2.36,1194.590607,3417.4,454,-4,3.7,-0.006985339
PD,19,No,No,2.44,531.6163818,3724,455,-3.5,25.8,0.027169633
JM,11,No,No,2.37,1194.590607,3726.5,455,-4,5,-0.012117716
LJ,21,No,No,2.4,606.1310326,3724,455,-4,24.2,0.012556445
JD,11,No,No,2.38,779.3113276,3726.5,453,-3.5,7.7,0.002888588
JD,24,No,No,2.37,779.3113276,3417.4,455,-4,0.8,-0.007469359
KR,21,No,No,2.7,796.3937377,3417.4,455,-4.5,1.3,0.014590026
JM,3,No,No,2.42,606.1310326,3500,455,-3.5,0.3,0.020072903
JM,6,No,No,2.42,606.1310326,3500,454,-3.5,0.3,0.006950808
JM,11,No,No,2.06,519.5408851,3726.5,453,-2.5,6.8,-0.016304287
TD,25,No,No,2.41,567.057474,3724,455,-4.5,24.9,0.009087213
JM,11,No,No,2.44,531.6163818,3724,455,-3.5,25.8,0.006376316
JD,21,No,No,2.37,260.1552876,3724,455,-2,23.1,-0.007642789
KR,11,No,No,2.69,432.9507376,3724,452,-3.5,0.7,0.008711893
JD,,No,No,2.03,519.5408851,3500,455,-3.5,0.3,0.012339347
CL,22,No,No,2.71,432.9507376,3724,451,-3.5,25.3,0.020019743
LJ,21,No,No,2.39,606.1310326,3724,454,-4,24.6,0.025850316
TD,22,No,No,2.14,141.8284774,3500,454,-2.5,0.3,-0.002542017
JM,11,No,No,2.37,779.3113276,3726.5,453,-3.5,7.4,-0.016875109
JM,3,No,No,3.07,190.8517537,3726.5,453,-3,7.3,0.014166094
JD,25,No,No,2.41,606.1310326,3724,455,-3.5,2,0.001699528
PD,11,Yes,No,2.02,519.5408851,3726.5,454,-3.5,0.3,0.024579514
PD,11,No,No,2.69,432.9507376,3724,452,-3.5,0.7,-0.014069732
KR,13,No,No,2.14,141.8284774,3500,454,-2.5,0.3,0.004061264
JM,,No,No,2.61,606.1310326,3726.5,454,-3.5,5.2,0.006050052
PD,11,No,No,2.06,519.5408851,3726.5,453,-2.5,6.8,-0.016644915
TD,11,No,No,2.4,606.1310326,3724,454,-4,24.1,0.013545138
JM,6,No,No,2.69,432.9507376,3417.4,454,-3.5,4.3,0.017556773
PD,6,No,No,2.42,606.1310326,3726.5,455,-3.5,4.9,-0.012252609
JM,21,No,No,2.37,1194.590607,3726.5,455,-4.5,6.3,0.015487928
JM,21,No,No,2.6,636.1725124,3724,455,-3.5,0.7,0.033027717
PD,21,No,No,2.45,381.7035074,3726.5,455,-3.5,7.5,0.016967131
TD,21,No,No,2.39,606.1310326,3724,454,-4,24.6,0.019083097
LJ,11,No,No,2.03,519.5408851,3417.4,455,-3,6,0.016695212
JD,3,No,No,2.44,531.6163818,3724,455,-3.5,25.8,0.005800265
TD,11,No,No,2.98,398.7122864,3417.4,454,-4,5.1,0.02141241
PD,25,No,No,2.71,432.9507376,3724,454,-3.5,25.1,0.012994632
JD,21,No,No,2.61,606.1310326,3726.5,454,-3.5,5.2,0.012968174
JM,11,No,No,2.69,432.9507376,3724,454,-3.5,0.6,-0.02901952
JM,6,No,No,2.7,432.9507376,3726.5,455,-4,7.1,0.037021741
PD,3,Yes,No,2.02,519.5408851,3726.5,454,-3.5,0.3,0.030444835
PD,11,No,Yes,2.36,1194.590607,3417.4,454,-4,4.1,0.001152211
LJ,21,No,No,2.61,606.1310326,3726.5,455,-3.5,4.8,-0.008139482
JM,11,Yes,No,2.02,519.5408851,3726.5,454,-3.5,0.3,0.020421949
JM,25,No,No,2.69,432.9507376,3417.4,453,-3.5,4,0.008613371
LJ,6,No,No,2.44,531.6163818,3726.5,452,-3,8,-0.005405983
LJ,11,No,No,2.41,606.1310326,3417.4,455,-3,0.5,0.002976631
TD,11,No,No,2.69,432.9507376,3724,451,-3.5,0.8,-0.006712368
PD,11,No,No,2.6,606.1310326,3417.4,453,-4,5,0.027692001
PD,11,No,No,2.45,381.7035074,3726.5,455,-3.5,7.5,0.008955686
KR,21,No,No,2.03,796.3937377,3417.4,454,-4,5.6,0.003091274
JM,21,No,No,2.45,381.7035074,3726.5,455,-3.5,7.5,0.009000335
JM,3,No,No,2.61,636.1725124,3724,455,-3.5,1,0.009335491
JD,11,No,No,2.34,779.3113276,3726.5,455,-4,0.7,0.010904136
PD,11,No,No,2.06,519.5408851,3726.5,453,-2.5,6.8,0.006973261
PD,11,No,No,1.36,170.5295762,3417.4,454,-5,4.4,0.053665237
CL,14,No,Yes,2.37,779.3113276,3726.5,453,-3.5,7.4,-0.009359578
JM,11,No,No,2.61,606.1310326,3726.5,454,-3.5,5.2,0.003195173
TD,,No,Yes,2.14,141.8284774,3500,454,-2.5,0.3,-0.004208081
PD,24,No,No,2.36,1194.590607,3417.4,455,-4,3.9,0.016470979
PD,,No,No,2.61,606.1310326,3726.5,455,-2,4.8,0.008743737
PD,24,No,No,2.41,606.1310326,3417.4,455,-3.5,5.1,0.004421887
JM,25,No,No,2.41,606.1310326,3417.4,455,-3,0.5,-0.001306646
JM,6,No,No,2.7,796.3937377,3417.4,454,-4.5,1,0.016515811
LJ,,No,No,2.03,519.5408851,3417.4,455,-3.5,0.2,0.004105777
PD,11,No,Yes,2.71,432.9507376,3724,452,-3.5,25.3,-0.010456195
JM,3,No,No,2.69,692.7211801,3726.5,455,-3.5,4.3,0.013614615
JM,22,No,No,2.44,531.6163818,3726.5,452,-3,8,0.008059978
PD,11,No,No,2.69,692.7211801,3726.5,455,-3.5,4.3,0.005742317
KR,11,No,No,2.03,519.5408851,3417.4,455,-3,6,0.01702513
PD,19,No,Yes,2.7,796.3937377,3417.4,455,-4.5,1.7,0.024128688
LJ,11,No,No,2.03,519.5408851,3500,455,-3.5,0.3,0.034847195
JD,25,No,Yes,2.14,141.8284774,3500,454,-2.5,0.3,-0.012463781
JD,3,No,No,2.41,606.1310326,3417.4,454,-3.5,5.2,0.021004772
JD,11,No,No,2.61,636.1725124,3724,455,-3.5,1,0.020984943
JD,21,No,No,2.03,796.3937377,3726.5,454,-4,7.3,0.016147471
JM,11,No,No,2.39,606.1310326,3724,454,-4,24.6,0.014194542
JD,24,No,No,2.42,606.1310326,3500,455,-3.5,0.3,0.014288631
LJ,11,No,No,2.7,432.9507376,3726.5,455,-4,7.1,0.01693261
PD,25,No,No,2.03,519.5408851,3417.4,455,-3.5,0.2,0.00424025
PD,11,No,No,2.41,567.057474,3724,455,-4.5,24.9,0.004720729
JM,22,No,No,3.07,190.8517537,3726.5,453,-3,7.3,0.030203197
LJ,14,No,No,2.41,606.1310326,3724,454,-3.5,1.5,0.004590456
LJ,6,No,No,2.7,432.9507376,3726.5,455,-4,7.1,0.038379911
JM,,No,No,4.8,796.3937377,3724,454,-3.5,23.2,0.028172342
TD,24,No,No,3.67,1061.858317,3726.5,455,-4.5,1.2,0.029510045
TD,24,No,No,2.4,606.1310326,3417.4,455,-3,4.2,0.017161407
JM,11,No,No,2.38,779.3113276,3726.5,453,-3.5,7.7,0.02097943
CL,22,No,No,2.03,519.5408851,3500,455,-3.5,0.3,0.020089978
CL,11,No,No,2.03,796.3937377,3417.4,455,-3.5,2.3,0.047951665
JM,11,No,No,2.36,779.3113276,3417.4,455,-4,0.8,0.012250411
JM,3,No,No,2.4,354.4109212,3726.5,455,-1.5,4.6,0.036683213
JM,21,Yes,No,2.6,636.1725124,3724,453,-3.5,0,0.00238475
PD,21,No,Yes,2.14,141.8284774,3500,454,-2.5,0.3,0.000690707
JM,24,No,No,2.41,606.1310326,3726.5,455,-3.5,2,0.027508319
JM,11,No,No,2.71,432.9507376,3724,451,-3.5,25.3,0.011887439
JM,11,No,No,2.4,354.4109212,3726.5,455,-1.5,4.6,0.016503652
JM,,No,No,2.7,796.3937377,3417.4,455,-4.5,1.3,0.009462295
KR,11,No,No,2.69,432.9507376,3724,451,-3.5,0.8,0.021058145
JM,11,No,No,2.39,606.1310326,3724,454,-4,24.6,0.004581252
JD,3,No,No,3.67,1061.858317,3726.5,454,-4.5,1.7,0.009644012
PD,11,No,No,2.4,606.1310326,3417.4,455,-3,4.2,0.001864512
PD,6,No,No,2.37,1194.590607,3726.5,455,-4,5,-0.010795499
TD,11,No,No,2.41,606.1310326,3417.4,455,-3,0.9,-0.007831252
LJ,25,No,No,2.03,796.3937377,3417.4,455,-3.5,2.6,0.007230284
TD,21,No,Yes,3.67,1061.858317,3726.5,455,-4,2.9,0.00032721
KR,11,Yes,No,2.6,636.1725124,3724,453,-3.5,0,0.013758547
PD,22,Yes,No,2.03,519.5408851,3417.4,455,-3.5,0.1,0.030317626
LJ,6,No,Yes,2.34,779.3113276,3726.5,455,-4.5,2.3,-0.002763255
JM,22,No,No,2.36,1194.590607,3417.4,455,-4,4.1,-0.000290909
PD,11,No,No,2.03,519.5408851,3500,454,-3,0.3,0.007132954
JD,11,No,No,2.03,796.3937377,3417.4,455,-3.5,2.3,0.033812441
JD,3,No,Yes,2.37,779.3113276,3726.5,453,-3.5,7.4,0.006605065
LJ,24,No,No,2.69,432.9507376,3417.4,453,-3.5,4.1,-0.015897913
LJ,11,No,No,2.4,606.1310326,3417.4,455,-2.5,2.9,0.010116837
PD,11,No,No,2.61,636.1725124,3724,455,-3.5,1,0.02019437
JM,11,No,No,2.4,606.1310326,3417.4,453,-3.5,4.7,-0.002072136
CL,11,No,No,2.45,381.7035074,3726.5,455,-3.5,7.5,-0.007164192
JM,11,No,No,2.37,779.3113276,3417.4,455,-4,0.8,-0.01939438
JD,21,No,No,2.69,432.9507376,3724,452,-3.5,0.7,-0.003199754
TD,19,No,No,2.39,381.7035074,3724,454,-4,24.8,0.023240269
JM,6,No,No,4.8,796.3937377,3724,454,-3.5,23.2,0.015265916
TD,14,No,Yes,2.03,796.3937377,3417.4,451,-4.5,4.5,0.003247114
PD,11,No,No,3.07,190.8517537,3726.5,451,-3.5,7.6,-0.016034307
JD,11,No,No,2.37,779.3113276,3417.4,455,-4,0.8,0.010317015
JM,6,No,No,2.42,606.1310326,3726.5,455,-3.5,4.9,0.011033177
JM,,No,No,2.03,796.3937377,3417.4,455,-4,5.7,0.004098772
KR,11,No,No,2.39,606.1310326,3724,454,-4,24.6,0.02589295
JM,11,No,No,2.39,606.1310326,3724,453,-4,24.4,0.016325819
JD,,No,No,2.71,432.9507376,3724,455,-3.5,6.7,0.001247884
TD,11,Yes,No,2.02,519.5408851,3726.5,454,-3.5,0.3,0.022918072
PD,6,No,No,2.61,606.1310326,3726.5,454,-3.5,5.2,0.009651309
JM,21,No,No,2.41,606.1310326,3417.4,455,-3,0.5,0.005410546
JM,6,No,Yes,2.14,141.8284774,3500,454,-2.5,0.3,0.00101426
LJ,6,No,No,2.03,519.5408851,3417.4,455,-3,6,0.032055808
LJ,11,No,No,2.42,606.1310326,3500,453,-4,0.3,0.024177841
CL,3,No,No,3.07,190.8517537,3726.5,451,-3.5,7.6,-0.004785485
PD,3,No,No,2.61,636.1725124,3724,455,-3.5,1,0.021516528
KR,,No,No,2.03,519.5408851,3500,454,-3,0.3,-0.010168434
LJ,6,No,No,2.03,796.3937377,3726.5,450,-4,7.3,0.009009984
PD,19,No,Yes,2.14,141.8284774,3500,454,-2.5,0.3,-0.021513449
JM,11,No,No,2.41,606.1310326,3726.5,455,-3.5,2,0.018941047
LJ,21,No,No,2.41,606.1310326,3724,455,-3.5,2,0.001314326
LJ,11,No,No,2.69,692.7211801,3726.5,455,-3.5,4.3,0.016726859
KR,21,No,No,2.7,432.9507376,3726.5,455,-4,7.1,0.045385002
CL,,No,No,2.42,606.1310326,3500,454,-3.5,0.3,0.025115081
JM,25,No,No,2.03,796.3937377,3417.4,455,-4,5.7,-0.003175204
PD,11,No,No,2.42,606.1310326,3500,454,-3.5,0.3,0.029257318
CL,11,No,No,2.4,606.1310326,3724,454,-4,24.1,0.004201449
LJ,11,No,No,2.374,390.2329315,3724,455,-2,22.5,0.006861422
JM,,No,Yes,2.7,796.3937377,3417.4,455,-4.5,1.7,0.001101337
LJ,20,No,Yes,2.7,432.9507376,3726.5,455,-4,7.1,0.000854435
PD,3,No,No,2.7,432.9507376,3726.5,455,-4,7.1,0.023075513
PD,14,No,No,2.61,606.1310326,3726.5,455,-3.5,4.8,-0.002640031
JM,11,No,No,2.42,606.1310326,3724,454,-3.5,2,-0.01545377
PD,11,No,No,2.41,606.1310326,3417.4,455,-3,0.9,-0.01244761
PD,11,No,No,2.69,432.9507376,3417.4,453,-3.5,4,-0.003800958
LJ,25,No,No,2.42,606.1310326,3500,454,-3.5,0.3,0.006409653
LJ,11,No,Yes,2.36,779.3113276,3417.4,455,-4,0.2,-0.009410644
JD,6,No,No,2.03,519.5408851,3417.4,455,-3.5,0.2,0.014019272
JD,24,No,No,2.4,606.1310326,3417.4,454,-3,4.5,0.010261344
PD,24,No,No,2.34,779.3113276,3726.5,455,-4,0.7,0.015305387
KR,6,No,No,2.03,519.5408851,3417.4,455,-3.5,0.2,-0.005046181
JM,11,No,No,2.36,260.1552876,3500,454,-2,0.3,0.011246867
JM,25,No,No,2.42,606.1310326,3500,455,-3.5,0.3,0.02317464
CL,22,No,No,3.07,190.8517537,3726.5,451,-3.5,7.6,-0.005837912
TD,11,No,No,2.41,606.1310326,3417.4,455,-3,0.9,0.00186148
JM,22,No,No,2.03,519.5408851,3500,454,-3,0.3,0.031257241
JM,21,No,No,3.07,190.8517537,3726.5,451,-3.5,7.6,0.005991954
JD,11,No,No,2.41,606.1310326,3724,455,-3.5,2,-0.000309764
JM,11,No,No,2.03,519.5408851,3417.4,455,-3,6,0.010184647
JM,11,No,No,2.4,606.1310326,3417.4,455,-3,4.2,-0.004729866
PD,6,No,No,2.69,432.9507376,3417.4,454,-3.5,4.3,0.00532217
JM,,No,No,2.6,606.1310326,3417.4,453,-4,5,0.038426932
LJ,11,No,No,2.4,606.1310326,3417.4,455,-3,4.2,0.003622237
TD,11,No,No,2.34,779.3113276,3726.5,455,-3.5,1.9,0.009438247
JD,19,No,No,2.41,606.1310326,3724,455,-3.5,2,0.013954374
TD,11,No,Yes,2.14,141.8284774,3500,454,-2.5,0.3,0.020761984
JM,21,No,No,2.44,531.6163818,3726.5,452,-3,8,0.028692233
JM,6,No,No,2.71,432.9507376,3724,455,-3.5,6.7,0.012650547
JM,11,No,No,2.42,606.1310326,3500,453,-4,0.3,-0.004811667
CL,11,No,No,2.61,606.1310326,3726.5,455,-2,4.8,-0.002823902
PD,,No,Yes,2.37,1194.590607,3726.5,455,-4.5,5.4,0.025765996
JD,,No,No,2.69,432.9507376,3417.4,453,-3.5,4.1,0.010540815
TD,21,No,No,2.37,1194.590607,3726.5,455,-4,5,-0.004682587
LJ,21,No,No,2.37,779.3113276,3417.4,455,-4,0.8,-0.000864109
LJ,,No,No,3.07,190.8517537,3726.5,451,-3.5,7.6,-0.014154668
CL,3,No,No,2.41,606.1310326,3417.4,455,-3,0.5,-0.001219576
PD,3,No,No,2.06,519.5408851,3726.5,451,-3,7.4,0.023096817
LJ,14,No,No,2.41,606.1310326,3417.4,455,-4,1.9,-0.006883588
TD,11,No,No,2.03,519.5408851,3500,455,-3.5,0.3,0.018407829
TD,21,No,Yes,2.37,779.3113276,3726.5,453,-3.5,7.4,-0.005679372
JM,21,No,No,2.69,432.9507376,3724,451,-3.5,0.8,0.016037612
JM,11,No,No,2.6,606.1310326,3417.4,453,-4,5,0.016863801
PD,,No,No,2.41,606.1310326,3726.5,455,-3.5,2,-0.000767605
JM,11,No,No,2.69,432.9507376,3724,452,-3.5,0.7,0.014587488
JM,3,No,No,2.98,398.7122864,3417.4,454,-4,5.1,0.007932802
CL,11,No,No,2.42,606.1310326,3724,454,-3.5,2,0.010229316
JM,11,No,No,2.4,606.1310326,3417.4,454,-3.5,4.7,0.00249129
KR,21,No,Yes,2.38,779.3113276,3726.5,450,-3.5,7.7,-0.000829976
CL,,No,No,2.41,606.1310326,3724,455,-3.5,2,0.009022009
PD,11,No,No,2.42,606.1310326,3500,455,-3.5,0.3,0.001269117
JM,11,No,No,2.4,606.1310326,3417.4,455,-2.5,2.7,0.004448221
KR,24,No,No,2.37,779.3113276,3417.4,455,-4,0.8,-0.000439074
KR,11,No,No,2.45,381.7035074,3726.5,455,-3.5,7.5,-0.007460886
JM,11,No,No,2.41,606.1310326,3417.4,454,-4,1.9,0.007375598
CL,19,No,Yes,2.37,779.3113276,3726.5,453,-3.5,7.4,0.007191321
JM,20,No,No,2.03,519.5408851,3500,455,-3.5,0.3,0.032627002
PD,,No,No,2.06,519.5408851,3726.5,453,-2.5,6.8,0.005525242
TD,3,No,No,2.61,606.1310326,3726.5,455,-2,4.8,0.002833298
LJ,11,No,No,2.69,432.9507376,3724,451,-3.5,0.8,0.032738008
JM,11,No,No,2.03,796.3937377,3417.4,454,-4,5.6,0.004150966
JM,11,No,No,2.44,531.6163818,3726.5,452,-3,8,0.006027574
JD,3,No,No,2.36,1194.590607,3417.4,455,-4,4.1,-0.014571636
JM,25,No,No,2.41,606.1310326,3417.4,455,-3.5,5.4,0.016296439
KR,25,No,No,2.4,606.1310326,3417.4,454,-3,4.5,0.012801772
LJ,11,No,Yes,3.67,1061.858317,3726.5,455,-4,2.9,0.004360381
JM,6,No,No,2.03,796.3937377,3726.5,450,-4,7.3,-0.006571668
PD,25,No,No,2.4,606.1310326,3417.4,455,-2.5,2.7,0.004644944
JD,21,No,No,2.04,265.0718801,3724,455,-3,25.9,0.018922035
JM,11,No,No,2.36,1194.590607,3417.4,454,-4,3.7,0.018854151
TD,11,No,No,2.37,779.3113276,3417.4,455,-4,0.8,-0.012116565
CL,24,No,No,2.41,606.1310326,3417.4,454,-4,1.9,-0.005113821
LJ,11,No,No,3.04,283.528737,3500,455,-3.5,0.3,0.004120013
JM,19,No,Yes,2.36,779.3113276,3417.4,455,-4,0.2,-0.000300826
JD,11,No,No,2.39,381.7035074,3724,454,-4,24.8,0.014489857
TD,21,No,No,2.7,796.3937377,3417.4,454,-4.5,1,0.030051779
JM,13,No,No,2.03,519.5408851,3500,454,-3,0.3,-0.006703535
JM,,No,No,2.37,779.3113276,3726.5,453,-3.5,7.6,0.042081392
LJ,11,No,No,2.4,606.1310326,3417.4,455,-2.5,2.9,0.036141822
TD,22,No,No,2.37,260.1552876,3724,455,-2,23.1,0.004119426
JM,21,No,No,2.42,606.1310326,3726.5,455,-3.5,4.9,0.010479353
JM,,No,No,2.45,381.7035074,3726.5,455,-3.5,7.5,-0.007183684
JM,11,No,No,2.42,531.6163818,3726.5,454,-3.5,4.1,0.033866062
PD,11,No,No,2.69,432.9507376,3724,452,-3.5,0.7,0.008301016
JM,11,No,No,2.69,432.9507376,3724,451,-3.5,0.8,0.010432813
JM,11,No,No,2.4,606.1310326,3724,454,-4,24.1,0.016871936
JM,11,No,Yes,2.71,432.9507376,3724,452,-3.5,25.3,0.00913936
PD,21,No,No,2.374,390.2329315,3724,455,-2,22.5,0.013807156
LJ,21,No,No,2.03,796.3937377,3417.4,455,-3.5,2.6,0.007239083
LJ,6,No,No,3.67,1061.858317,3726.5,454,-4.5,1.7,0.020178891
LJ,11,No,No,2.37,779.3113276,3417.4,455,-4,0.8,0.002421508
PD,11,No,No,2.37,779.3113276,3417.4,455,-4,0.8,-0.006923082
TD,11,No,Yes,2.14,141.8284774,3500,454,-2.5,0.3,-0.002753903
PD,21,No,No,2.37,779.3113276,3726.5,453,-3.5,7.4,-0.006305783
KR,,No,No,2.6,636.1725124,3724,455,-3.5,0.7,0.034094953
JD,3,No,No,2.38,779.3113276,3726.5,453,-3.5,7.7,0.013236475
JM,22,No,Yes,2.71,432.9507376,3724,455,-3.5,10.6,-0.009626215
JM,21,No,Yes,3.04,283.528737,3500,455,-3.5,0.3,0.000559612
JM,21,No,No,2.36,260.1552876,3500,454,-2,0.3,-1.30406E-05
TD,20,No,No,2.61,606.1310326,3726.5,455,-2,4.8,0.003848632
PD,11,No,No,2.41,606.1310326,3724,455,-3.5,2,0.001274779
PD,24,No,No,2.41,606.1310326,3417.4,454,-4,1.9,-0.010041936
CL,6,No,No,2.38,779.3113276,3726.5,451,-3.5,7.4,0.008111743
LJ,6,No,No,2.69,432.9507376,3417.4,453,-3.5,4.1,0.00632415
LJ,21,No,No,2.37,779.3113276,3417.4,455,-4,0.8,0.016308448
JD,21,No,No,2.37,779.3113276,3417.4,455,-4,0.8,-0.007284302
PD,,No,No,2.04,265.0718801,3724,455,-3,25.9,-0.013978475
JM,20,No,No,2.69,432.9507376,3724,451,-3.5,0.8,0.008820916
PD,25,No,No,2.37,1194.590607,3726.5,455,-4.5,6.3,0.016619567
JM,22,No,No,2.03,519.5408851,3500,455,-3.5,0.3,0.009632455
JD,3,No,No,2.37,1194.590607,3726.5,455,-4.5,6.6,0.022465096
LJ,6,No,No,2.69,432.9507376,3724,454,-3.5,0.6,0.020789222
KR,24,No,Yes,2.37,779.3113276,3726.5,453,-3.5,7.4,0.003079065
LJ,24,No,Yes,2.03,796.3937377,3417.4,451,-4.5,4.5,-0.013879007
TD,6,No,No,2.06,519.5408851,3726.5,451,-3,7.4,0.037807182
PD,14,No,No,2.43,531.6163818,3726.5,455,-3.5,4.2,0.002474716
JM,25,No,No,2.71,432.9507376,3724,455,-3.5,6.7,0.016425173
JM,14,No,No,3.67,1061.858317,3726.5,455,-4.5,1.2,0.02168851
JM,6,No,No,3.07,190.8517537,3726.5,451,-3.5,7.2,0.034121208
CL,11,Yes,No,2.03,519.5408851,3417.4,455,-3.5,0.1,0.000869323
JM,20,No,No,2.7,796.3937377,3417.4,455,-4.5,1.3,-0.003374192
JD,24,No,No,2.03,796.3937377,3417.4,455,-4,5.7,0.007757271
JM,3,No,No,2.7,432.9507376,3726.5,455,-4,7.1,0.019424498
JD,11,No,Yes,3.04,283.528737,3500,455,-3.5,0.3,0.008276275
JM,11,No,No,2.41,606.1310326,3724,455,-3.5,2,0.001135365
JM,14,No,Yes,2.69,432.9507376,3724,454,-3.5,0.8,-0.004987042
LJ,11,No,No,2.61,606.1310326,3726.5,454,-3.5,5.2,0.00689659
JM,24,No,No,2.43,531.6163818,3726.5,455,-3.5,4.2,0.0210681
JD,11,No,No,2.42,606.1310326,3724,454,-3.5,1.9,0.01089951
LJ,22,No,No,2.69,432.9507376,3417.4,453,-3.5,4.1,-0.016227835
PD,,No,No,2.44,531.6163818,3724,455,-3.5,25.8,-0.013205106
LJ,11,No,No,3.07,190.8517537,3726.5,451,-3.5,7.2,0.012809569
TD,6,No,No,1.36,170.5295762,3417.4,454,-5,4.4,0.0468684
PD,22,No,No,2.41,606.1310326,3417.4,455,-3,0.5,0.006766027
JD,11,No,No,2.03,519.5408851,3500,455,-3.5,0.3,-0.001713784
CL,21,No,No,2.4,606.1310326,3417.4,454,-3,4.5,0.022759998
PD,11,No,No,2.37,1194.590607,3726.5,455,-4.5,6.3,0.007267602
JM,3,No,Yes,2.6,606.1310326,3417.4,453,-4,5.4,0.023167707
PD,21,No,No,2.37,779.3113276,3726.5,453,-3.5,7.6,-0.001434987
JM,11,No,No,2.36,779.3113276,3417.4,455,-4,0.8,0.035649845
JM,11,No,No,2.45,381.7035074,3726.5,455,-3.5,7.5,0.018282334
JM,11,No,No,2.71,432.9507376,3724,454,-3.5,25.1,0.001089896
LJ,22,No,No,3.07,190.8517537,3726.5,451,-3.5,7.6,-0.011782159
JM,,No,Yes,2.3,1194.590607,3500,453,-4,0.3,-0.00259118
TD,11,No,No,2.42,606.1310326,3724,454,-3.5,1.9,0.003495051
JM,25,No,No,2.39,381.7035074,3724,454,-4,24.8,-0.004137901
PD,,No,No,2.03,519.5408851,3500,455,-3.5,0.3,0.024241851
JM,22,No,No,2.41,606.1310326,3417.4,454,-3.5,5.2,0.014297687
PD,6,No,No,2.14,141.8284774,3500,454,-2.5,0.3,-0.021424512
PD,13,Yes,No,2.6,636.1725124,3724,453,-3.5,0,-0.008071784
JM,25,No,No,2.43,531.6163818,3726.5,455,-3.5,4.2,0.017987921
JM,11,No,No,2.61,606.1310326,3726.5,454,-3.5,5.2,-0.004050182
JM,11,No,No,2.03,796.3937377,3726.5,454,-4,7.3,0.005990642
PD,20,No,No,2.37,779.3113276,3417.4,455,-4,0.8,-0.000203526
JD,6,No,No,2.03,519.5408851,3417.4,455,-3,6,0.020318229
JM,24,No,No,2.4,606.1310326,3417.4,453,-3.5,4.7,0.023513186
JD,21,No,No,2.39,606.1310326,3724,454,-4,24.6,0.013849058
JD,14,No,No,2.03,519.5408851,3500,454,-3,0.3,0.002039915
CL,14,No,No,2.7,796.3937377,3417.4,454,-4.5,1,0.014072159
TD,21,No,Yes,2.03,796.3937377,3417.4,451,-4.5,4.5,-0.016540531
JM,21,No,No,2.61,606.1310326,3726.5,455,-3.5,4.8,0.002970147
PD,11,No,No,2.41,606.1310326,3724,455,-3.5,1.4,-0.001495289
TD,25,No,No,3.67,1061.858317,3726.5,455,-4.5,1.2,0.001449849
PD,24,No,Yes,2.37,779.3113276,3726.5,453,-3.5,7.4,0.005854208
JM,21,No,Yes,2.71,432.9507376,3724,452,-3.5,25.3,-0.003062729
KR,6,No,No,3.04,283.528737,3500,455,-3.5,0.3,-0.00831869
JM,11,No,No,2.4,606.1310326,3724,454,-4,24.1,-0.007206741
PD,,No,No,2.36,1194.590607,3417.4,455,-4,3.9,-0.005537465
JM,6,No,No,2.61,636.1725124,3724,455,-3.5,1,0.01791877
JD,20,No,No,2.71,432.9507376,3724,454,-3.5,25.1,0.014535278
JM,19,No,No,2.98,398.7122864,3417.4,454,-4,5.1,-0.005809629
JD,21,No,Yes,2.37,1194.590607,3726.5,455,-4.5,5.4,0.024680262
JM,6,No,No,2.69,432.9507376,3724,452,-3.5,0.7,0.003308459
PD,6,No,No,2.42,606.1310326,3724,454,-3.5,1.8,0.022986824
PD,24,No,No,2.69,432.9507376,3417.4,453,-3.5,4,0.010961261
PD,3,No,No,2.03,519.5408851,3417.4,454,-3.5,0.2,0.000551281
JM,21,No,No,2.37,779.3113276,3417.4,455,-4,0.8,0.0086228
LJ,11,No,No,2.41,606.1310326,3724,454,-3.5,1.5,0.003370636
JM,24,No,No,2.37,779.3113276,3726.5,453,-3.5,7.6,0.010236232
PD,3,No,No,2.37,260.1552876,3724,455,-2,23.1,0.012810048
PD,11,No,No,2.42,531.6163818,3726.5,454,-3.5,4.1,0.031533599
LJ,22,No,No,2.14,141.8284774,3500,454,-2.5,0.3,-0.010031669
JD,3,No,No,2.4,606.1310326,3417.4,455,-3,4.2,-0.001609864
TD,,No,No,2.69,432.9507376,3724,452,-3.5,0.7,-0.001893225
JM,,No,No,3.07,190.8517537,3726.5,453,-3,7.3,0.029514868
JM,,No,No,3.07,190.8517537,3726.5,451,-3.5,7.2,0.009015963
JD,11,No,No,2.37,779.3113276,3417.4,455,-4,0.8,-0.010547537
LJ,11,No,Yes,2.36,779.3113276,3417.4,455,-4,0.2,0.002219899
TD,,No,No,2.03,519.5408851,3417.4,455,-3.5,0.2,0.03718055
CL,,No,No,2.69,432.9507376,3724,451,-3.5,0.8,0.014268145
JD,22,No,No,2.36,1194.590607,3417.4,455,-4,3.9,0.001153694
KR,,Yes,No,2.6,636.1725124,3724,453,-3.5,0,0.003036959
CL,6,No,No,2.6,606.1310326,3417.4,453,-4,4.7,-0.008537915
JM,3,No,No,2.03,796.3937377,3417.4,455,-3.5,2.4,-0.002385306
LJ,21,No,No,2.45,381.7035074,3726.5,455,-3.5,7.5,0.003726974
JM,11,No,No,3.67,1061.858317,3726.5,454,-4.5,1.7,0.00481133
PD,11,No,No,2.71,432.9507376,3724,451,-3.5,25.3,0.027962281
TD,22,No,No,2.7,796.3937377,3417.4,455,-4.5,1.3,-0.000521574
JM,,No,No,2.41,606.1310326,3417.4,455,-4,1.9,0.021812709
JD,11,No,No,2.71,432.9507376,3724,451,-3.5,25.3,0.019205312
LJ,25,No,No,2.71,432.9507376,3724,451,-3.5,25.3,0.016643585
JM,3,No,No,2.03,796.3937377,3726.5,454,-4,7.3,0.000486071
LJ,24,No,No,2.06,519.5408851,3726.5,451,-3,7.4,0.032114983
JD,3,No,No,2.61,606.1310326,3726.5,455,-2,4.8,0.007701721
JM,25,No,No,2.03,796.3937377,3417.4,455,-3.5,2.4,-0.015800638
PD,,No,Yes,2.69,432.9507376,3724,454,-3.5,0.8,-0.007062702
TD,,No,No,2.69,432.9507376,3724,451,-3.5,0.8,-0.004228893
KR,6,No,No,2.37,779.3113276,3726.5,453,-3.5,7.6,0.020267412
JM,11,No,No,2.03,519.5408851,3417.4,455,-3,6,-0.00469415
JM,11,No,No,2.6,606.1310326,3417.4,453,-4,4.7,0.000260522
JM,21,No,No,2.7,796.3937377,3417.4,454,-4.5,1,-0.001068802
KR,11,No,Yes,2.71,432.9507376,3724,455,-3.5,10.6,-0.000405459
PD,,No,No,3.07,190.8517537,3726.5,451,-3.5,7.6,0.009877403
TD,3,No,No,2.34,779.3113276,3726.5,455,-3.5,1.9,-0.001080787
JD,19,No,No,2.03,519.5408851,3500,454,-3,0.3,-0.006294918
PD,14,No,No,2.37,1194.590607,3726.5,455,-4,5,-0.005735395
CL,21,No,No,2.42,606.1310326,3500,454,-3.5,0.3,0.007003942
TD,21,No,No,2.61,606.1310326,3726.5,454,-3.5,5.2,0.015044793
TD,25,No,No,2.37,779.3113276,3726.5,453,-3.5,7.4,0.007736649
KR,21,No,No,2.42,606.1310326,3724,454,-3.5,1.8,-0.01325886
LJ,3,No,Yes,2.38,779.3113276,3726.5,450,-3.5,7.7,-0.00879115
CL,11,No,No,2.03,796.3937377,3417.4,454,-4,5.6,-0.004490193
JD,11,No,Yes,2.69,432.9507376,3417.4,453,-3.5,4.1,0.008839686
JM,21,No,No,2.42,606.1310326,3726.5,455,-3.5,4.9,0.000935997
JM,3,No,No,2.41,606.1310326,3724,455,-3.5,2,-0.000772487
LJ,11,No,No,2.41,606.1310326,3724,455,-3.5,1.4,0.016040131
PD,19,No,No,2.14,141.8284774,3500,454,-2.5,0.3,-0.011216443
JM,6,No,No,2.41,606.1310326,3417.4,455,-3,0.5,-0.010510746
CL,,No,No,2.39,606.1310326,3724,454,-4,24.6,0.008827128
JM,21,Yes,No,2.03,519.5408851,3417.4,455,-3.5,0.1,0.00834228
PD,25,No,No,2.4,354.4109212,3726.5,455,-1.5,4.6,0.045437791
TD,11,No,No,2.03,796.3937377,3417.4,455,-4,5.7,0.005910055
LJ,3,No,No,1.36,170.5295762,3417.4,454,-5,4.4,0.044795292
LJ,21,No,No,2.45,381.7035074,3726.5,455,-3.5,7.5,-0.005080801
JM,11,No,No,2.41,606.1310326,3417.4,455,-3.5,5.4,0.015137833
JM,25,No,No,2.03,519.5408851,3500,454,-3,0.3,0.001567972
JD,6,No,No,2.03,519.5408851,3500,454,-3,0.3,-0.012634639
PD,19,No,No,1.36,170.5295762,3417.4,454,-5,4.4,0.057191736
PD,6,No,No,2.61,636.1725124,3724,455,-3.5,1,0.031675945
TD,24,No,No,2.41,606.1310326,3724,455,-3.5,1.4,-0.011983462
JD,22,No,No,2.61,606.1310326,3726.5,455,-3.5,4.8,0.003620125
JM,6,No,No,2.41,606.1310326,3726.5,455,-3.5,2.5,0.000957481
JM,11,No,Yes,2.71,432.9507376,3724,452,-3.5,25.3,0.001014791
JM,21,No,No,2.38,779.3113276,3726.5,451,-3.5,7.4,0.029563766
LJ,14,No,No,2.6,606.1310326,3417.4,453,-4,5,0.021225473
JM,6,No,No,2.61,606.1310326,3726.5,455,-2,4.8,0.004362748
TD,3,Yes,No,2.03,519.5408851,3417.4,455,-3.5,0.1,0.015625387
PD,25,No,No,2.4,606.1310326,3417.4,454,-3.5,4.7,-0.007131857
PD,3,No,No,2.61,606.1310326,3726.5,455,-2,4.8,-0.010548509
PD,21,No,Yes,2.37,779.3113276,3726.5,453,-3.5,7.4,-0.016120498
CL,,No,No,2.61,606.1310326,3726.5,455,-3.5,4.8,0.015417691
LJ,25,No,No,2.61,606.1310326,3726.5,454,-3.5,5.2,0.015880632
LJ,3,No,Yes,2.37,779.3113276,3726.5,453,-3.5,7.4,0.001658859
PD,14,Yes,No,2.02,519.5408851,3726.5,454,-3.5,0.3,0.024906405
LJ,11,No,No,2.38,779.3113276,3726.5,451,-3.5,7.4,0.021571943
TD,11,No,Yes,3.04,283.528737,3500,455,-3.5,0.3,-0.002279078
LJ,22,No,No,3.07,190.8517537,3726.5,453,-3,7.3,0.038163075
PD,3,No,No,2.98,398.7122864,3417.4,454,-4,5.1,0.021016205
JM,20,No,No,2.44,531.6163818,3724,455,-3.5,25.8,0.003449085
LJ,11,No,No,4.8,796.3937377,3724,454,-3.5,23.2,0.004331598
JM,24,No,No,2.41,606.1310326,3417.4,455,-3.5,5.4,0.005525882
PD,25,No,No,2.41,606.1310326,3417.4,454,-3.5,5.2,0.004482414
JM,,No,No,2.4,606.1310326,3724,455,-4,24.2,0.014951414
PD,6,No,No,2.41,606.1310326,3417.4,455,-4,1.9,-0.000496744
JM,11,No,No,2.61,636.1725124,3724,455,-3.5,1,0.027654663
JM,25,No,No,2.36,1194.590607,3417.4,454,-4,3.7,0.010055126
TD,11,No,Yes,2.36,1194.590607,3417.4,454,-4,4.1,-0.001083911
CL,11,No,No,2.37,779.3113276,3726.5,453,-3.5,7.6,0.027078159
JM,21,No,No,2.04,265.0718801,3724,455,-3,25.9,0.017363119
JM,3,No,No,2.03,519.5408851,3417.4,455,-3,5.9,0.000216154
JM,11,No,No,2.03,796.3937377,3417.4,455,-4,5.7,0.027617494
JM,21,No,No,2.45,381.7035074,3726.5,455,-3.5,7.5,0.008286596
LJ,11,No,No,2.41,606.1310326,3417.4,455,-4,1.9,-0.001060034
LJ,,No,No,2.42,606.1310326,3500,454,-3.5,0.3,0.007872422
LJ,21,No,No,2.3,1194.590607,3500,455,-4,0.3,0.013250453
JM,11,No,No,2.6,606.1310326,3417.4,453,-4,5,0.019376094
PD,20,No,No,2.4,606.1310326,3724,454,-4,24.1,-0.005581315
JM,11,No,No,2.4,606.1310326,3417.4,454,-3.5,4.7,0.005968451
JM,3,No,No,2.41,606.1310326,3417.4,455,-4,1.9,0.008927959
LJ,24,No,No,2.37,260.1552876,3724,455,-2,23.1,0.001379463
CL,11,No,Yes,2.69,432.9507376,3417.4,453,-3.5,4.1,-0.002275542
JM,6,No,No,2.03,519.5408851,3417.4,455,-3,5.9,0.018653388
PD,6,No,No,3.67,1061.858317,3726.5,455,-4.5,1.2,0.017073618
PD,21,No,No,2.61,606.1310326,3726.5,455,-3.5,4.8,-0.018927287
PD,,No,No,2.6,606.1310326,3417.4,453,-4,5.4,0.008650367
JM,11,No,No,2.39,381.7035074,3724,454,-4,24.8,-0.009163072
PD,11,No,No,2.03,519.5408851,3500,454,-3,0.3,0.006916766
JM,11,No,No,2.44,531.6163818,3724,455,-3.5,25.8,0.000302473
LJ,11,No,No,2.45,381.7035074,3726.5,455,-3.5,7.5,0.012691981
PD,14,No,No,2.41,606.1310326,3724,455,-3.5,2,0.002003283
JM,11,No,No,2.41,606.1310326,3726.5,455,-3.5,2.5,0.005924189
JM,21,No,No,2.45,381.7035074,3726.5,455,-3.5,7.5,0.020414625
TD,11,No,No,2.41,606.1310326,3417.4,455,-3,0.5,0.003228206
JD,,No,No,2.6,636.1725124,3724,455,-3.5,0.7,0.047448708
KR,21,No,No,2.41,606.1310326,3724,454,-3.5,1.5,0.008709044
LJ,19,No,Yes,2.14,141.8284774,3500,454,-2.5,0.3,-0.004834998
LJ,11,No,No,2.4,606.1310326,3417.4,454,-3,4.5,0.009376751
PD,,No,No,2.37,260.1552876,3724,455,-2,23.1,0.026369521
TD,21,No,No,2.41,606.1310326,3417.4,455,-4,1.9,0.017473724
JM,,No,No,2.3,1194.590607,3500,455,-4,0.3,0.015936708
JM,3,No,No,2.4,606.1310326,3417.4,455,-3,4.2,0.004977121
CL,11,No,No,2.61,636.1725124,3724,455,-3.5,1,0.020580525
PD,21,No,Yes,3.04,283.528737,3500,455,-3.5,0.3,-0.011317001
LJ,3,No,No,2.42,606.1310326,3500,454,-3.5,0.3,-0.001768276
CL,21,No,Yes,2.69,432.9507376,3724,454,-3.5,0.8,0.013913281
JD,,No,No,2.4,606.1310326,3417.4,454,-3.5,4.7,-0.00138896
TD,11,No,No,2.03,519.5408851,3417.4,454,-3.5,0.2,0.005962086
JM,,No,No,2.4,606.1310326,3417.4,455,-2.5,2.7,-0.00576691
LJ,24,No,No,2.41,606.1310326,3724,455,-3.5,2,0.000449783
KR,11,No,No,2.03,796.3937377,3417.4,455,-3.5,2.6,0.005117133
JM,6,No,No,2.4,354.4109212,3726.5,455,-1.5,4.6,0.035121484
LJ,3,No,No,2.71,432.9507376,3724,453,-3.5,25.1,0.011894058
TD,14,No,No,2.03,519.5408851,3500,455,-3.5,0.3,0.007568852
JM,21,No,Yes,2.14,141.8284774,3500,454,-2.5,0.3,0.000265973
CL,6,No,No,2.03,796.3937377,3417.4,454,-4,5.6,0.002611788
PD,11,No,No,2.42,606.1310326,3724,454,-3.5,2,0.015982017
LJ,3,No,No,2.61,606.1310326,3726.5,454,-3.5,5.2,0.018225117
PD,21,No,No,2.04,265.0718801,3724,455,-3,25.9,-0.006998622
KR,22,No,No,2.61,636.1725124,3724,455,-3.5,1,0.031380795
KR,11,No,No,2.41,606.1310326,3724,455,-3.5,2,-0.021777675
PD,11,No,No,2.374,390.2329315,3724,455,-2,22.5,0.001398241
LJ,24,No,No,2.37,1194.590607,3726.5,455,-4.5,6.3,0.006403104
LJ,,No,No,2.4,606.1310326,3417.4,455,-3,4.2,0.000765805
JM,11,No,No,2.03,796.3937377,3417.4,455,-3.5,2.6,0.01716222
JM,,No,No,2.71,432.9507376,3724,453,-3.5,25.1,-0.011503021
LJ,21,No,No,2.61,606.1310326,3726.5,454,-3.5,5.2,0.005868662
KR,21,No,No,2.42,606.1310326,3724,454,-3.5,2,0.001906617
PD,21,No,No,2.69,432.9507376,3724,452,-3.5,0.7,-0.001316183
JM,11,No,No,2.34,779.3113276,3726.5,455,-3.5,1.9,0.010930813
JM,21,No,No,2.4,606.1310326,3417.4,454,-3.5,4.7,-0.001944565
LJ,19,No,No,2.42,531.6163818,3726.5,454,-3.5,4.1,0.036180047
LJ,22,No,No,2.37,1194.590607,3726.5,455,-4.5,6.3,0.024048365
JM,3,No,No,2.42,606.1310326,3500,454,-3.5,0.3,0.017012787
JM,25,No,No,2.3,1194.590607,3500,455,-4,0.3,0.046615682
PD,21,No,No,2.6,606.1310326,3417.4,453,-4,4.7,0.005118777
TD,,No,No,2.69,432.9507376,3417.4,453,-3.5,4,0.008802755
PD,3,No,No,2.6,636.1725124,3724,455,-3.5,0.7,0.038001661
JM,22,No,No,2.4,606.1310326,3417.4,453,-3.5,4.7,0.01713589
JM,,No,No,2.36,1194.590607,3417.4,455,-4,4.1,0.027580442
PD,21,No,No,2.69,432.9507376,3417.4,453,-3.5,4.1,-0.017085102
PD,11,No,No,2.41,606.1310326,3724,455,-3.5,2,-0.004333855
PD,,No,Yes,2.7,796.3937377,3417.4,455,-4.5,1.7,0.011783584
PD,19,No,No,2.03,519.5408851,3417.4,455,-3,6,0.003931398
JM,11,No,No,2.4,606.1310326,3417.4,454,-3,4.5,0.018058672
JM,25,No,No,2.34,779.3113276,3726.5,455,-4,0.7,0.02073998
PD,3,No,No,2.42,606.1310326,3500,453,-4,0.3,0.009653664
JM,,No,No,2.4,606.1310326,3417.4,455,-3,4.2,0.017010398
LJ,20,No,No,2.61,606.1310326,3726.5,455,-2,4.8,0.003828158
JD,21,No,Yes,2.7,796.3937377,3417.4,455,-4.5,1.7,0.0146706
PD,21,No,No,2.03,519.5408851,3500,454,-3,0.3,0.010894759
TD,21,No,Yes,2.3,1194.590607,3500,453,-4,0.3,0.006959144
JM,11,No,No,2.4,606.1310326,3417.4,455,-3,4.2,0.002383193
PD,6,No,No,2.03,796.3937377,3417.4,455,-4,5.7,-0.01749235
JM,,No,No,2.41,567.057474,3724,455,-4.5,24.9,-0.001526258
PD,11,No,No,2.38,779.3113276,3726.5,451,-3.5,7.4,0.017613581
JD,11,No,No,2.42,606.1310326,3726.5,455,-3.5,4.9,-0.004515774
PD,3,No,No,2.37,1194.590607,3726.5,455,-4.5,6.6,0.026940766
JM,11,No,No,2.61,606.1310326,3726.5,454,-3.5,5.2,0.013676411
LJ,,No,No,2.41,606.1310326,3417.4,454,-3.5,5.2,-0.000677408
TD,21,No,Yes,2.71,432.9507376,3724,455,-3.5,10.6,-0.003740861
LJ,21,No,No,2.4,606.1310326,3417.4,454,-3,4.5,0.022387525
TD,22,No,No,2.42,606.1310326,3500,454,-3.5,0.3,0.014872714
TD,22,No,No,2.7,432.9507376,3726.5,455,-4,7.1,0.032795099
PD,11,No,No,2.39,606.1310326,3724,454,-4,24.6,0.03074094
JM,11,No,Yes,2.37,1194.590607,3726.5,455,-4.5,5.4,0.017918728
PD,21,No,No,2.41,606.1310326,3417.4,454,-3.5,5.2,0.004411444
PD,11,No,No,2.41,606.1310326,3417.4,454,-4,1.9,0.015856709
JM,11,No,No,2.37,779.3113276,3417.4,455,-4,0.8,0.007126532
JM,11,No,No,2.37,779.3113276,3417.4,455,-4,0.8,-0.003086992
JM,21,No,No,2.39,606.1310326,3724,453,-4,24.4,0.017065839
LJ,21,No,No,2.69,432.9507376,3724,454,-3.5,0.6,-0.00514868
PD,11,No,No,4.8,796.3937377,3724,454,-3.5,23.2,0.034548184
JM,6,No,No,2.4,606.1310326,3417.4,454,-3.5,4.7,0.002092487
LJ,11,No,No,2.03,519.5408851,3500,454,-3,0.3,0.004464859
PD,22,No,No,2.41,606.1310326,3724,455,-3.5,2,0.020594086
TD,,No,No,2.37,779.3113276,3726.5,453,-3.5,7.6,0.024409687
TD,22,No,No,2.38,779.3113276,3726.5,453,-3.5,7.7,0.016600486
JM,22,No,No,2.03,519.5408851,3417.4,455,-3.5,0.2,0.008416133
PD,14,No,No,2.03,519.5408851,3417.4,455,-3.5,0.2,0.031159415
LJ,11,No,No,2.37,260.1552876,3724,455,-2,23.1,0.014737638
TD,11,No,No,2.6,606.1310326,3417.4,453,-4,5,0.02451628
LJ,21,No,No,2.42,606.1310326,3724,454,-3.5,2,-0.012735482
LJ,11,No,Yes,2.6,606.1310326,3417.4,453,-4,5.4,0.035744899
JD,3,No,No,2.03,519.5408851,3500,455,-3.5,0.3,0.027688938
JD,11,No,No,2.69,432.9507376,3417.4,453,-3.5,4.1,0.012174418
JM,3,No,No,2.37,779.3113276,3726.5,453,-3.5,7.4,0.003220749
JM,11,No,No,3.07,190.8517537,3726.5,451,-3.5,7.2,0.003144365
JM,21,No,No,2.39,381.7035074,3724,454,-4,24.8,-0.010380733
LJ,11,No,No,2.41,606.1310326,3726.5,455,-3.5,2.5,-0.001955888
JM,21,No,No,2.4,606.1310326,3417.4,455,-3,4.2,0.026265764
PD,3,No,No,2.71,432.9507376,3724,455,-3.5,6.7,-0.008091502
JM,11,No,No,2.42,606.1310326,3500,454,-3.5,0.3,0.015126338
JM,21,No,No,2.71,432.9507376,3724,453,-3.5,25.1,-0.011697968
JM,,No,No,2.71,432.9507376,3724,454,-3.5,25.1,0.024914167
PD,11,No,No,2.39,606.1310326,3724,453,-4,24.4,0.026552349
LJ,11,No,No,2.44,531.6163818,3724,455,-3.5,25.8,-0.002853309
JM,11,No,Yes,2.7,796.3937377,3417.4,455,-4.5,1.7,0.000805299
JM,,No,No,2.14,141.8284774,3500,454,-2.5,0.3,-0.003821457
PD,25,No,No,2.03,796.3937377,3417.4,455,-4,5.7,0.027354293
LJ,3,No,No,2.36,1194.590607,3417.4,455,-4,4.1,0.000866941
LJ,25,No,No,2.41,606.1310326,3417.4,455,-3,0.5,-0.005047251
LJ,25,No,No,4.8,796.3937377,3724,454,-3.5,23.2,0.024379918
CL,25,No,No,2.42,606.1310326,3724,454,-3.5,2,-0.002238105
JM,,No,No,2.41,606.1310326,3724,454,-3.5,1.5,0.00541349
JD,22,No,No,2.41,606.1310326,3417.4,454,-3.5,5.2,0.003775764
JD,11,No,No,2.03,796.3937377,3417.4,454,-4,5.6,0.005892075
CL,3,No,No,2.4,354.4109212,3726.5,455,-1.5,4.6,0.029498153
JM,11,No,No,2.43,531.6163818,3726.5,455,-3.5,4.2,-1.36867E-05
KR,21,No,No,2.42,606.1310326,3724,454,-3.5,1.9,0.006851423
PD,25,No,No,2.7,796.3937377,3417.4,455,-4.5,1.3,0.018674545
JM,21,No,No,2.41,606.1310326,3724,454,-3.5,1.5,0.003898541
PD,11,No,Yes,2.03,796.3937377,3417.4,451,-4.5,4.5,0.007377578
PD,22,No,No,2.06,519.5408851,3726.5,451,-3,7.4,0.037781821
JM,25,No,No,2.37,1194.590607,3726.5,455,-4.5,6.6,0.017192415
JD,,No,Yes,2.71,432.9507376,3724,452,-3.5,25.3,-0.005213071
JM,11,No,No,2.03,796.3937377,3417.4,455,-4,5.7,0.014599985
LJ,,No,No,2.4,354.4109212,3726.5,455,-1.5,4.6,0.024414134
JM,21,No,Yes,2.34,779.3113276,3726.5,455,-4.5,2.3,0.010139718
JM,,No,Yes,3.04,283.528737,3500,455,-3.5,0.3,-0.007009016
PD,24,No,No,2.41,606.1310326,3417.4,455,-3.5,5.1,-0.00208602
JM,11,No,No,2.4,606.1310326,3724,454,-4,24.1,0.01127356
PD,3,No,Yes,2.71,432.9507376,3724,455,-3.5,10.6,0.005244187
PD,11,No,No,2.41,606.1310326,3724,455,-3.5,1.4,0.003652051
JM,3,No,No,2.37,779.3113276,3726.5,453,-3.5,7.6,0.015469938
LJ,20,No,No,2.71,432.9507376,3724,451,-3.5,25.3,0.014249825
LJ,11,No,No,2.03,796.3937377,3417.4,455,-3.5,2.6,0.023291369
LJ,11,No,Yes,2.14,141.8284774,3500,454,-2.5,0.3,0.004866677
CL,11,No,No,2.03,796.3937377,3417.4,455,-3.5,2.4,0.017394843
PD,,No,No,2.42,606.1310326,3500,453,-4,0.3,0.033926643
CL,21,No,No,2.7,432.9507376,3726.5,455,-4,7.1,0.007234169
JM,25,No,No,2.03,796.3937377,3417.4,455,-4,5.7,0.025147975
PD,3,No,Yes,2.71,432.9507376,3724,455,-3.5,10.6,0.005332736
JM,13,No,No,2.4,606.1310326,3724,455,-4,24.2,0.004699547
KR,,No,No,2.03,796.3937377,3726.5,450,-4,7.3,-0.006952206
TD,25,No,No,2.4,606.1310326,3417.4,455,-3,4.2,0.013799695
PD,24,No,Yes,2.38,779.3113276,3726.5,450,-3.5,7.7,-0.014545471
JM,22,No,No,2.71,432.9507376,3724,451,-3.5,25.3,0.007377005
PD,,No,No,2.43,531.6163818,3726.5,455,-3.5,4.2,0.009517213
TD,11,No,No,3.07,190.8517537,3726.5,451,-3.5,7.2,0.008693925
JM,3,No,No,2.14,141.8284774,3500,454,-2.5,0.3,-0.002422574
JM,14,No,No,2.69,432.9507376,3417.4,453,-3.5,4.1,0.009022383
LJ,3,No,No,2.4,354.4109212,3726.5,455,-1.5,4.6,0.029182515
KR,21,No,Yes,3.04,283.528737,3500,455,-3.5,0.3,-0.012719614
TD,6,No,No,2.7,796.3937377,3417.4,455,-4.5,1.3,0.018408556
TD,3,No,Yes,3.67,1061.858317,3726.5,455,-4,2.9,-0.005675435
JM,22,No,No,2.44,531.6163818,3726.5,452,-3,8,-0.008622326
JD,11,No,No,2.45,381.7035074,3726.5,455,-3.5,7.5,-0.00923813
TD,24,No,No,2.03,519.5408851,3417.4,455,-3,5.9,-0.010165993
PD,11,No,No,2.03,796.3937377,3417.4,455,-4,5.7,-0.008031608
PD,11,No,No,3.67,1061.858317,3726.5,455,-4.5,1.2,0.003482798
JM,6,No,No,2.41,606.1310326,3417.4,455,-3.5,5.1,0.020587645
JM,20,No,No,2.39,606.1310326,3724,453,-4,24.4,0.004554781
PD,21,No,No,2.4,606.1310326,3724,455,-4,24.2,0.013750585
JM,,No,Yes,2.03,796.3937377,3417.4,451,-4.5,4.5,-0.006987106
PD,25,No,No,2.6,636.1725124,3724,455,-3.5,0.7,0.043553417
TD,11,No,No,2.03,519.5408851,3417.4,455,-3,6,-0.0020916
JM,11,No,Yes,2.71,432.9507376,3724,455,-3.5,10.6,-0.019120383
JM,22,No,No,2.4,606.1310326,3417.4,455,-3,4.2,0.011755354
JM,20,No,Yes,2.37,779.3113276,3726.5,453,-3.5,7.4,-0.001123128
JM,11,No,No,1.36,170.5295762,3417.4,454,-5,4.4,0.047464497
PD,11,No,No,2.03,519.5408851,3417.4,454,-3.5,0.2,0.021187037
JM,21,No,No,2.34,779.3113276,3726.5,455,-3.5,1.9,0.00640844
TD,21,No,Yes,2.03,796.3937377,3417.4,451,-4.5,4.5,-0.001833246
TD,25,No,No,2.06,519.5408851,3726.5,451,-3,7.4,0.035214662
JM,24,No,No,2.374,390.2329315,3724,455,-2,22.5,0.006776841
LJ,21,No,No,2.41,606.1310326,3724,455,-3.5,2,0.01486771
JM,11,No,No,2.7,796.3937377,3417.4,455,-4.5,1.3,0.023030705
PD,11,No,Yes,2.71,432.9507376,3724,452,-3.5,25.3,-0.005738558
TD,11,No,No,2.34,779.3113276,3726.5,455,-4,0.7,0.015083142
PD,3,No,No,3.67,1061.858317,3726.5,455,-4.5,1.2,0.024303109
LJ,11,No,No,2.03,519.5408851,3417.4,455,-3.5,0.2,0.019471365
JM,,No,No,2.03,519.5408851,3500,455,-3.5,0.3,0.005170268
JM,11,No,No,2.36,1194.590607,3417.4,454,-4,3.7,0.007156412
LJ,11,No,No,2.6,606.1310326,3417.4,453,-4,4.7,0.015463536
KR,6,No,No,2.03,519.5408851,3417.4,455,-3,5.9,0.010418132
JM,11,No,No,2.41,606.1310326,3724,454,-3.5,1.5,0.025282779
PD,21,No,No,2.41,606.1310326,3726.5,455,-3.5,2.5,0.004396031
JM,,No,No,2.36,1194.590607,3417.4,455,-4,3.9,0.006007843
PD,21,No,No,2.37,779.3113276,3726.5,453,-3.5,7.6,0.032191274
JM,22,No,Yes,2.36,1194.590607,3417.4,454,-4,4.1,-0.005399936
PD,3,No,No,2.42,606.1310326,3724,454,-3.5,1.9,0.028763507
JM,,No,No,2.3,1194.590607,3500,455,-4,0.3,0.048729026
JD,3,No,No,2.4,606.1310326,3417.4,454,-3,4.5,0.016101189
JM,11,No,No,4.8,796.3937377,3724,454,-3.5,23.2,0.02242785
JM,,No,No,2.61,636.1725124,3724,455,-3.5,1,0.026836757
JM,11,No,No,3.07,190.8517537,3726.5,453,-3,7.3,0.013363229
JM,11,No,No,2.42,531.6163818,3726.5,454,-3.5,4.1,0.039783247
LJ,11,No,No,2.43,531.6163818,3726.5,455,-3.5,4.2,0.016430495
PD,14,No,No,2.71,432.9507376,3724,455,-3.5,6.7,-0.003218203
JM,,No,No,2.6,636.1725124,3724,455,-3.5,0.7,0.043319361
TD,11,No,No,2.98,398.7122864,3417.4,454,-4,5.1,-0.013306599
JD,,No,No,2.37,779.3113276,3726.5,453,-3.5,7.6,0.013562671
JD,21,No,No,2.36,260.1552876,3500,454,-2,0.3,0.017058298
JM,11,No,No,2.34,779.3113276,3726.5,455,-3.5,1.9,-0.000354544
PD,14,No,Yes,2.3,1194.590607,3500,453,-4,0.3,0.002413196
JM,11,No,No,2.03,519.5408851,3500,454,-3,0.3,-0.006604499
JM,3,No,No,2.37,1194.590607,3726.5,455,-4.5,6.3,0.026498721
JM,11,No,No,3.07,190.8517537,3726.5,451,-3.5,7.2,0.031999592
PD,6,No,No,2.61,606.1310326,3726.5,454,-3.5,5.2,0.032144789
JM,3,No,No,2.42,606.1310326,3500,453,-4,0.3,0.014850177
JM,11,No,No,2.7,796.3937377,3417.4,455,-4.5,1.3,0.017004095
TD,20,No,No,4.8,796.3937377,3724,454,-3.5,23.2,0.029599452
PD,11,No,No,2.71,432.9507376,3724,451,-3.5,25.3,0.005791486
JM,21,No,No,2.34,779.3113276,3726.5,455,-3.5,1.9,0.003124246
JM,20,No,No,2.37,260.1552876,3724,455,-2,23.1,0.016041633
LJ,11,No,No,2.4,606.1310326,3417.4,455,-2.5,2.9,0.017485781
JM,11,No,No,2.41,606.1310326,3726.5,455,-3.5,2.5,0.025872215
PD,11,No,No,2.03,796.3937377,3417.4,454,-4,5.6,-0.002978532
TD,20,No,No,2.45,381.7035074,3726.5,455,-3.5,7.5,-0.001118113
KR,,Yes,No,2.03,519.5408851,3417.4,455,-3.5,0.1,0.0197264
JM,14,No,No,2.39,606.1310326,3724,454,-4,24.6,0.013500428
LJ,3,No,No,2.61,636.1725124,3724,455,-3.5,1,0.021323288
JM,,No,No,2.42,606.1310326,3500,454,-3.5,0.3,0.011759691
JM,11,No,No,2.4,606.1310326,3724,454,-4,24.1,0.016943671
LJ,21,No,No,2.36,260.1552876,3500,454,-2,0.3,0.013448271
JM,20,No,No,2.71,432.9507376,3724,455,-3.5,6.7,0.013200005
JM,,No,No,2.6,606.1310326,3417.4,453,-4,5,0.019346108
TD,6,No,No,2.61,606.1310326,3726.5,454,-3.5,5.2,0.02542537
KR,3,No,No,2.42,606.1310326,3500,455,-3.5,0.3,0.017819879
LJ,,No,No,2.37,1194.590607,3726.5,455,-4.5,6.3,0.011798482
JM,,No,No,2.41,606.1310326,3417.4,455,-3,0.5,0.011144787
JM,3,No,No,2.37,779.3113276,3726.5,453,-3.5,7.4,0.007236493
LJ,3,No,No,2.7,796.3937377,3417.4,455,-4.5,1.3,0.014927507
TD,11,No,No,2.34,779.3113276,3726.5,455,-4,0.7,0.007085437
JM,11,No,No,2.04,265.0718801,3724,455,-3,25.9,0.013806233
CL,3,No,No,2.03,796.3937377,3417.4,455,-4,5.7,-0.012083228
KR,22,No,No,2.4,606.1310326,3417.4,454,-3,4.5,0.035877116
JM,3,No,No,2.69,432.9507376,3417.4,453,-3.5,4,-0.002924144
JM,11,No,No,2.41,606.1310326,3724,455,-3.5,2,-0.001051258
JM,3,No,No,2.03,796.3937377,3417.4,455,-4,5.7,-0.002712929
JM,3,No,Yes,2.03,796.3937377,3417.4,451,-4.5,4.5,-0.009316053
JM,3,No,No,2.42,606.1310326,3726.5,455,-3.5,4.9,0.013189552
TD,,Yes,No,2.02,519.5408851,3726.5,454,-3.5,0.3,0.039243578
JM,6,No,No,3.07,190.8517537,3726.5,451,-3.5,7.2,0.004626505
PD,20,No,No,2.37,779.3113276,3417.4,455,-4,0.8,-0.001447821
JM,3,No,No,2.37,779.3113276,3417.4,455,-4,0.8,0.006933013
JD,3,No,No,2.39,606.1310326,3724,453,-4,24.4,-0.005010375
JD,21,No,No,2.71,432.9507376,3724,454,-3.5,25.1,0.01885704
PD,6,No,Yes,2.36,1194.590607,3417.4,454,-4,4.1,-0.002814347
PD,,No,No,2.4,606.1310326,3417.4,455,-2.5,2.9,-0.001300278
TD,,No,No,2.03,519.5408851,3500,455,-3.5,0.3,0.020776741
JM,11,No,No,2.41,606.1310326,3417.4,455,-4,1.9,0.01242913
JM,25,No,No,2.98,398.7122864,3417.4,454,-4,5.1,0.00439526
JM,11,No,No,2.69,432.9507376,3724,454,-3.5,0.6,0.005879744
PD,21,No,No,2.03,796.3937377,3417.4,455,-4,5.7,0.004829142
JM,19,No,No,2.03,796.3937377,3417.4,455,-3.5,2.3,0.017183178
LJ,11,No,No,2.3,1194.590607,3500,455,-4,0.3,0.031518021
JM,20,No,No,2.42,606.1310326,3500,454,-3.5,0.3,0.003716049
LJ,25,No,No,2.03,796.3937377,3417.4,455,-3.5,2.6,0.017085045
PD,6,No,No,2.37,260.1552876,3724,455,-2,23.1,0.000813676
LJ,6,No,No,2.3,1194.590607,3500,455,-4,0.3,0.002249602
JD,14,No,No,2.6,606.1310326,3417.4,453,-4,4.7,-0.008821798
CL,22,No,No,2.03,519.5408851,3500,455,-3.5,0.3,0.029655071
PD,11,No,No,2.03,519.5408851,3417.4,454,-3.5,0.2,-0.00167715
TD,25,No,Yes,3.04,283.528737,3500,455,-3.5,0.3,-0.015684582
KR,11,No,No,2.69,432.9507376,3417.4,454,-3.5,4.3,0.025594568
JD,19,No,No,2.41,606.1310326,3417.4,454,-3.5,5.2,-0.003497904
JM,11,No,No,2.4,354.4109212,3726.5,455,-1.5,4.6,0.040765399
CL,11,No,No,2.374,390.2329315,3724,455,-2,22.5,-0.009943078
JM,22,No,No,2.42,606.1310326,3500,454,-3.5,0.3,0.00636553
LJ,21,No,No,2.4,606.1310326,3417.4,454,-3,4.5,0.019003552
PD,11,No,No,2.41,606.1310326,3417.4,455,-4,1.9,0.005657272
JM,6,No,No,2.4,606.1310326,3417.4,455,-2.5,2.7,0.005093331
JM,11,No,No,2.42,606.1310326,3500,455,-3.5,0.3,0.029660434
JM,25,No,No,3.07,190.8517537,3726.5,453,-3,7.3,0.020523774
JD,11,No,No,2.7,796.3937377,3417.4,454,-4.5,1,0.025055132
PD,21,No,No,2.42,606.1310326,3500,454,-3.5,0.3,-0.013984186
PD,3,No,No,2.03,796.3937377,3417.4,454,-4,5.6,-0.009598315
JM,6,No,No,2.37,260.1552876,3724,455,-2,23.1,0.005888549
JM,21,No,No,2.41,606.1310326,3417.4,455,-3.5,5.4,0.004015353
LJ,,No,No,2.03,796.3937377,3417.4,455,-3.5,2.6,0.002713525
LJ,22,No,No,2.61,606.1310326,3726.5,454,-3.5,5.2,0.018328952
LJ,21,No,No,2.06,519.5408851,3726.5,453,-2.5,6.8,0.021904763
JD,3,No,No,2.03,796.3937377,3726.5,454,-4,7.3,0.028170233
CL,14,No,No,2.41,606.1310326,3724,455,-3.5,2,-0.002584094
JM,11,No,No,2.69,432.9507376,3417.4,454,-3.5,4.3,0.024853585
CL,21,No,No,2.4,606.1310326,3417.4,453,-3.5,4.7,0.01224781
TD,11,No,No,2.03,519.5408851,3417.4,455,-3,6,0.014355461
PD,11,No,No,2.6,606.1310326,3417.4,453,-4,5.4,-0.007668501
JD,21,No,No,2.6,636.1725124,3724,455,-3.5,0.7,0.017816972
JM,21,No,Yes,2.36,1194.590607,3417.4,454,-4,4.1,0.016267032
TD,,No,No,2.14,141.8284774,3500,454,-2.5,0.3,0.001575329
JD,11,No,No,2.44,531.6163818,3724,455,-3.5,25.8,0.015215611
JM,11,No,No,2.38,779.3113276,3726.5,453,-3.5,7.7,0.019056447
JM,11,No,No,2.42,606.1310326,3724,454,-3.5,2,0.009896625
JM,21,No,No,3.07,190.8517537,3726.5,453,-3,7.3,0.019132891
PD,21,No,No,2.42,606.1310326,3724,454,-3.5,1.9,0.009320742
JM,24,No,No,2.41,606.1310326,3724,455,-3.5,1.4,0.011764585
JM,11,No,No,2.03,519.5408851,3500,454,-3,0.3,-0.003551174
JD,11,No,No,2.03,519.5408851,3500,454,-3,0.3,-0.005256951
PD,11,No,Yes,2.36,1194.590607,3417.4,454,-4,4.1,0.008707818
TD,,No,No,2.34,779.3113276,3726.5,455,-3.5,1.9,0.011841734
JM,6,No,No,2.03,796.3937377,3726.5,454,-4,7.3,-0.002761374
PD,11,No,No,2.4,606.1310326,3417.4,455,-3,4.2,0.009599239
KR,,No,No,2.03,796.3937377,3417.4,455,-4,5.7,-0.01143469
JM,6,No,No,2.03,519.5408851,3500,454,-3,0.3,-0.008618229
KR,19,No,No,2.6,606.1310326,3417.4,453,-4,5.4,-0.005975911
JM,11,No,No,2.37,260.1552876,3724,455,-2,23.1,-0.003948764
PD,,No,No,2.3,1194.590607,3500,455,-4,0.3,0.044835572
PD,6,No,No,2.61,606.1310326,3726.5,454,-3.5,5.2,-0.009996717
JM,21,No,No,2.03,519.5408851,3417.4,454,-3.5,0.2,-0.004583775
JM,,No,No,2.41,606.1310326,3417.4,455,-3,0.5,-0.017442339
LJ,24,No,No,2.03,796.3937377,3417.4,455,-3.5,2.4,0.009167624
JM,11,No,No,2.37,779.3113276,3417.4,455,-4,0.8,0.002911238
PD,20,No,Yes,2.37,779.3113276,3726.5,453,-3.5,7.4,0.003600601
LJ,3,No,No,2.41,606.1310326,3724,454,-3.5,1.5,0.007951356
LJ,21,No,No,2.03,796.3937377,3726.5,450,-4,7.3,0.004300837
LJ,3,No,No,2.42,606.1310326,3724,454,-3.5,1.8,0.03732992
CL,21,No,No,3.04,283.528737,3500,455,-3.5,0.3,0.010459075
JM,11,No,No,2.7,432.9507376,3726.5,455,-4,7.1,0.0177542
JM,11,No,No,2.41,606.1310326,3417.4,455,-3,0.9,-0.000299596
JM,11,No,No,2.98,398.7122864,3417.4,454,-4,5.1,0.003773967
PD,11,No,No,2.41,606.1310326,3417.4,454,-3.5,5.2,0.007413142
LJ,21,No,Yes,2.37,1194.590607,3726.5,455,-4.5,5.4,0.000799733
JM,13,No,No,2.4,354.4109212,3726.5,455,-1.5,4.6,0.050263343
JM,,No,No,2.37,1194.590607,3726.5,455,-4.5,6.6,0.005028516
LJ,3,No,No,2.45,381.7035074,3726.5,455,-3.5,7.5,-0.008318892
JM,14,No,No,2.374,390.2329315,3724,455,-2,22.5,0.024011075
LJ,21,No,No,2.44,531.6163818,3724,455,-3.5,25.8,0.00041648
JM,25,No,No,2.69,432.9507376,3724,454,-3.5,0.6,-0.001382366
LJ,6,No,No,2.69,432.9507376,3724,452,-3.5,0.7,-0.007711141
JM,3,No,No,2.4,606.1310326,3724,455,-4,24.2,0.01097651
TD,21,No,No,2.4,606.1310326,3417.4,455,-2.5,2.9,0.009067179
JM,6,No,No,2.4,606.1310326,3417.4,454,-3.5,4.7,0.011415456
PD,11,No,No,2.41,606.1310326,3417.4,454,-3.5,5.2,0.028676049
TD,11,No,No,2.42,606.1310326,3724,454,-3.5,2,0.000482349
PD,6,No,No,2.03,796.3937377,3417.4,455,-3.5,2.6,0.001523051
JM,11,No,No,2.6,606.1310326,3417.4,453,-4,5.4,0.002974744
JM,,No,No,1.36,170.5295762,3417.4,454,-5,4.4,0.069261758
KR,21,No,No,2.5,528.2961111,3724,455,-4,3.2,0.084957719
LJ,11,No,No,2.41,606.1310326,3724,454,-3.5,1.5,0.012749008
JM,22,No,No,2.04,265.0718801,3724,455,-3,25.9,-0.013842974
PD,21,No,No,2.36,1194.590607,3417.4,455,-4,3.9,0.016317064
JM,6,No,No,2.4,606.1310326,3724,454,-4,24.1,0.003551897
LJ,11,No,No,2.61,606.1310326,3726.5,455,-2,4.8,-0.008882285
PD,3,No,No,2.42,606.1310326,3724,454,-3.5,1.9,-0.006115702
JM,11,No,Yes,3.67,1061.858317,3726.5,455,-4,2.9,0.007174506
PD,11,No,No,2.03,519.5408851,3500,455,-3.5,0.3,0.021543894
JM,11,No,No,2.39,606.1310326,3724,454,-4,24.6,0.007682523
JM,11,No,No,2.03,519.5408851,3417.4,455,-3.5,0.2,0.022874928
JD,14,No,No,2.37,779.3113276,3726.5,453,-3.5,7.6,0.013443375
JD,11,No,No,4.8,796.3937377,3724,454,-3.5,23.2,0.020202483
TD,11,No,No,2.38,779.3113276,3726.5,451,-3.5,7.4,0.024855489
JM,11,No,No,2.71,432.9507376,3724,454,-3.5,25.1,-0.00287526
PD,22,No,No,2.39,381.7035074,3724,454,-4,24.8,-0.006040806
JM,21,No,No,2.38,779.3113276,3726.5,453,-3.5,7.7,0.001096637
JM,19,No,No,2.41,606.1310326,3417.4,454,-3.5,5.2,0.00584172
CL,6,No,No,2.36,1194.590607,3417.4,455,-4,4.1,0.013092776
LJ,20,No,No,2.42,606.1310326,3724,454,-3.5,2,-0.013691135
PD,11,No,No,2.42,606.1310326,3500,453,-4,0.3,0.00025629
JM,11,No,No,2.03,519.5408851,3417.4,455,-3,5.9,-0.0109465
JM,22,No,No,2.41,606.1310326,3724,455,-3.5,2,-0.00752736
KR,11,No,No,2.45,381.7035074,3726.5,455,-3.5,7.5,0.01479066
JM,6,No,No,2.4,606.1310326,3417.4,454,-3.5,4.7,-0.003220977
JM,21,No,Yes,2.63,528.2961111,3724,456,-3,23,0.005853761
JM,19,No,No,2.97,398.7122864,3724,456,-2.5,22.5,-0.001793922
JD,21,No,No,2.04,265.0718801,3724,456,-3,25.9,0.009580137
CL,21,No,No,2.04,265.0718801,3724,456,-3,25.9,0.024328533
CL,14,No,No,2.97,398.7122864,3724,456,-2.5,22.5,-0.012195603
JM,,No,Yes,2.63,528.2961111,3724,456,-3,23,0.016418044
JM,,No,No,2.04,265.0718801,3724,456,-3,26,0.016061722
KR,6,No,No,2.04,265.0718801,3724,456,-3,26,0.022076653
PD,6,No,No,2.04,265.0718801,3724,456,-3,26,-0.004067746
LJ,22,No,No,2.04,265.0718801,3724,456,-3,26,0.035893945
LJ,21,No,No,2.04,265.0718801,3724,456,-3,25.9,0.016204349
PD,21,No,Yes,2.63,528.2961111,3724,456,-3,23,0.010514793
LJ,6,No,No,2.04,265.0718801,3724,456,-3,26,0.029726691
PD,25,No,No,2.04,265.0718801,3724,456,-3,26,0.004504277
PD,,No,No,2.04,265.0718801,3724,456,-3,25.9,0.012351349
JM,11,No,No,2.04,265.0718801,3724,456,-3,25.9,0.015683774
JM,6,No,No,2.97,398.7122864,3724,456,-2.5,22.5,-0.008739534
TD,20,No,Yes,2.63,528.2961111,3724,456,-3,23,-0.002064652
PD,6,No,No,2.97,398.7122864,3724,456,-2.5,22.5,0.003735137
JM,11,No,No,2.97,398.7122864,3724,456,-2.5,22.5,0.002162176
JD,6,No,No,2.04,265.0718801,3724,456,-3,26,0.020906247
JM,6,No,No,2.04,265.0718801,3724,456,-3,26,0.011624291
JM,,No,No,2.97,398.7122864,3724,456,-2.5,22.5,-0.004588348
LJ,14,No,Yes,2.63,528.2961111,3724,456,-3,23,0.012841317
JM,19,No,No,2.04,265.0718801,3724,456,-3,26,0.037366176
PD,11,No,Yes,2.63,528.2961111,3724,456,-3,23,-0.005646738
LJ,3,No,No,2.04,265.0718801,3724,456,-3,25.9,0.006225917
KR,11,No,Yes,2.63,528.2961111,3724,456,-3,23,0.001944688
TD,14,No,No,2.97,398.7122864,3724,456,-2.5,22.5,0.005752449
TD,21,No,Yes,2.63,528.2961111,3724,456,-3,23,0.010062229
CL,11,No,Yes,2.63,528.2961111,3724,456,-3,23,0.009415489
LJ,14,No,No,2.04,265.0718801,3724,456,-3,26,0.021484514
LJ,3,No,No,2.97,398.7122864,3724,456,-2.5,22.5,-0.014359683
PD,6,No,No,2.04,265.0718801,3724,456,-3,26,0.017143141
JM,,No,No,2.04,265.0718801,3724,456,-3,26,0.01823812
PD,3,No,No,2.97,398.7122864,3724,456,-2.5,22.5,-0.010622886
LJ,22,No,No,2.97,398.7122864,3724,456,-2.5,22.5,0.006733375
TD,11,No,No,2.04,265.0718801,3724,456,-3,26,0.015476317
KR,21,No,No,2.04,265.0718801,3724,456,-3,25.9,0.034114355
JM,21,No,No,2.04,265.0718801,3724,456,-3,25.9,0.01292285
JM,11,No,No,2.4,606.1310326,3417.4,456,-2.5,2.7,-0.009393621
JM,11,No,No,2.63,528.2961111,3724,456,-3,22.9,0.247374961
PD,3,No,No,2.63,528.2961111,3724,456,-3,22.9,0.227629099
PD,24,No,No,2.42,606.1310326,3500,458,-3,0.3,0.029584328
CL,11,No,No,2.63,528.2961111,3724,456,-3,19.5,0.163868082
JM,,No,No,2.63,528.2961111,3724,456,-3,22.9,0.251198563
KR,3,No,No,2.63,528.2961111,3724,456,-3,22.9,0.232732737
PD,,No,No,2.63,528.2961111,3724,456,-3,19.5,0.149890659
PD,21,No,No,2.63,528.2961111,3724,456,-3,22.9,0.262072151
PD,6,No,No,2.42,606.1310326,3500,458,-3,0.3,0.034495916
LJ,3,No,No,2.42,606.1310326,3500,458,-3,0.3,0.012831695
PD,24,No,No,2.63,528.2961111,3724,456,-3,17.3,0.476216757
TD,6,No,No,2.63,528.2961111,3724,456,-3,10.6,0.288730186
KR,11,No,No,2.63,528.2961111,3724,456,-3,17.3,0.473827905
TD,21,No,No,2.63,528.2961111,3724,456,-3,19.5,0.151973252
TD,3,No,No,2.4,606.1310326,3417.4,456,-2.5,2.7,-0.013223606
JM,19,No,No,2.63,528.2961111,3724,456,-3,17.3,0.490881154
PD,3,No,No,2.63,528.2961111,3724,456,-3,19.5,0.166449473
JM,11,No,No,2.63,528.2961111,3724,456,-3,19.5,0.157989995
TD,21,No,No,2.4,606.1310326,3417.4,456,-2.5,2.7,-0.000780254
JM,11,No,No,2.63,528.2961111,3724,456,-3,22.9,0.261619996
JM,6,No,No,2.4,606.1310326,3417.4,456,-2.5,2.7,0.030764334
JM,11,No,No,2.42,606.1310326,3500,458,-3,0.3,0.02427819
JM,,No,No,2.42,606.1310326,3500,458,-3,0.3,0.016569016
PD,21,No,No,2.63,528.2961111,3724,456,-3,22.9,0.243521764
LJ,11,No,No,2.4,606.1310326,3417.4,456,-2.5,2.7,-0.007464243
PD,24,No,No,2.63,528.2961111,3724,456,-3,22.9,0.227712477
JM,11,No,No,2.42,606.1310326,3500,458,-3,0.3,0.013843019
LJ,11,No,No,2.63,528.2961111,3724,456,-3,10.6,0.272500784
CL,22,No,No,2.4,606.1310326,3417.4,456,-2.5,2.7,-0.00745809
JD,11,No,No,2.63,528.2961111,3724,456,-3,17.3,0.487589749
LJ,11,No,No,2.63,528.2961111,3724,456,-3,19.5,0.156740197
JM,21,No,No,2.4,606.1310326,3417.4,456,-2.5,2.7,0.019309486
JM,3,No,No,2.4,606.1310326,3417.4,456,-2.5,2.7,0.000454951
JM,21,No,No,2.63,528.2961111,3724,456,-3,22.9,0.229980567
PD,24,No,No,2.63,528.2961111,3724,456,-3,17.3,0.475542266
CL,6,No,No,2.63,528.2961111,3724,456,-3,19.5,0.140111359
JM,24,No,No,2.63,528.2961111,3724,456,-3,22.9,0.243140604
JM,22,No,No,2.63,528.2961111,3724,456,-3,10.6,0.254674457
LJ,11,No,No,2.63,528.2961111,3724,456,-3,22.9,0.238083015
JD,22,No,No,2.63,528.2961111,3724,456,-3,17.3,0.478167275
LJ,21,No,No,2.63,528.2961111,3724,456,-3,17.3,0.487615563
LJ,11,No,No,2.63,528.2961111,3724,456,-3,19.5,0.156179995
JM,11,No,No,2.63,528.2961111,3724,456,-3,17.3,0.483147326
JM,11,No,No,2.63,528.2961111,3724,456,-3,17.3,0.485653955
JM,22,No,No,2.63,528.2961111,3724,456,-3,19.5,0.166811487
JM,21,No,No,2.63,528.2961111,3724,456,-3,19.5,0.136862938
JM,11,No,No,2.63,528.2961111,3724,456,-3,22.9,0.250368518
LJ,3,No,No,2.63,528.2961111,3724,456,-3,19.5,0.139113156
JM,3,No,No,2.63,528.2961111,3724,456,-3,22.9,0.255324534
JD,21,No,No,2.63,528.2961111,3724,456,-3,19.5,0.165591742
JM,3,No,No,2.4,606.1310326,3417.4,456,-2.5,2.7,-0.005864935
KR,6,No,No,2.63,528.2961111,3724,456,-3,10.6,0.28144291
PD,6,No,No,2.63,528.2961111,3724,456,-3,19.5,0.139471767
JM,21,No,No,2.63,528.2961111,3724,456,-3,10.6,0.271127302
PD,11,No,No,2.63,528.2961111,3724,456,-3,19.5,0.16731756
LJ,11,No,No,2.4,606.1310326,3417.4,456,-2.5,2.7,0.017530777
JM,6,No,No,2.4,606.1310326,3417.4,456,-2.5,2.7,-0.001005389
TD,22,No,No,2.63,528.2961111,3724,456,-3,10.6,0.306091881
JM,14,No,No,2.63,528.2961111,3724,456,-3,22.9,0.235828003
KR,6,No,No,2.41,606.1310326,3417.4,456,-4,2,0.015733056
JM,21,No,No,2.41,606.1310326,3417.4,456,-3.5,0.7,0.022386591
PD,11,No,No,2.41,606.1310326,3417.4,456,-3.5,0.7,0.013599273
KR,25,No,No,2.41,606.1310326,3417.4,456,-3.5,0.7,0.009751915
JM,3,No,No,1.36,170.5295762,3417.4,456,-6,5.6,0.07443215
JM,3,No,No,2.41,606.1310326,3417.4,456,-3.5,0.7,0.014175353
PD,21,No,No,2.41,606.1310326,3417.4,456,-4,2,-0.00732947
PD,11,No,No,1.36,170.5295762,3417.4,456,-6,5.6,0.075674589
JD,3,No,No,1.36,170.5295762,3417.4,456,-6,5.6,0.070282079
TD,6,No,No,1.36,170.5295762,3417.4,456,-6,5.6,0.106047605
JD,25,No,No,1.36,170.5295762,3417.4,456,-6,5.6,0.09507535
TD,21,No,No,2.41,606.1310326,3417.4,456,-4,2,-0.002535326
LJ,21,No,No,2.41,606.1310326,3417.4,456,-4,2,-0.008750608
JM,22,No,No,2.41,606.1310326,3417.4,456,-4,2,-0.000320559
JM,11,No,No,2.41,606.1310326,3417.4,456,-4,2,0.008722583
JM,11,No,No,2.41,606.1310326,3417.4,456,-4,2,-0.003586826
LJ,3,No,No,1.36,170.5295762,3417.4,456,-6,5.6,0.0823781
CL,21,No,No,2.41,606.1310326,3417.4,456,-4,2,0.021303468
PD,11,No,No,1.36,170.5295762,3417.4,456,-6,5.6,0.090091027
JD,,No,No,2.41,606.1310326,3417.4,456,-3.5,0.7,0.030525877
TD,21,No,No,2.41,606.1310326,3417.4,456,-3.5,0.7,0.025523451
LJ,11,No,No,2.41,606.1310326,3417.4,456,-4,2,0.021983818
JD,6,No,No,1.36,170.5295762,3417.4,456,-6,5.6,0.100731325
LJ,3,No,No,2.41,606.1310326,3417.4,456,-3.5,0.7,0.015249974
PD,11,No,No,1.36,170.5295762,3417.4,456,-6,5.6,0.072586723
LJ,3,No,No,1.36,170.5295762,3417.4,456,-6,5.6,0.091697105
LJ,21,No,No,2.41,606.1310326,3417.4,456,-4,2,0.011790268
JM,3,No,No,1.36,170.5295762,3417.4,456,-6,5.6,0.081205988
JM,3,No,No,1.36,170.5295762,3417.4,456,-6,5.6,0.081422028
JM,20,No,No,2.41,606.1310326,3417.4,456,-4,2,0.011021527
JM,11,No,No,2.5,528.2961111,3724,456,-4,6.4,0.155364828
JM,6,No,No,2.5,528.2961111,3724,456,-4,6.4,0.153450854
JD,3,No,No,2.5,528.2961111,3724,456,-4,6.4,0.153345961
TD,11,No,No,2.5,528.2961111,3724,456,-4,6.4,0.138046418
JM,21,No,No,2.5,528.2961111,3724,456,-3.5,4.5,0.082517776
CL,11,No,No,2.5,528.2961111,3724,457,-3.5,2.8,0.063754695
JD,11,No,No,2.5,528.2961111,3724,457,-3.5,2.8,0.079116357
LJ,11,No,No,2.5,528.2961111,3724,456,-4,6.4,0.142864562
PD,11,No,No,2.5,528.2961111,3724,457,-3.5,2.8,0.061161255
PD,14,No,No,2.5,528.2961111,3724,456,-4,6.4,0.145524274
PD,11,No,No,2.5,528.2961111,3724,456,-3.5,4.5,0.096960373
PD,,No,No,2.5,528.2961111,3724,457,-3.5,2.8,0.077810221
JM,11,No,No,2.5,528.2961111,3724,456,-4,6.4,0.15285579
JM,25,No,No,2.5,528.2961111,3724,456,-3.5,4.5,0.091683165
JM,19,No,No,2.5,528.2961111,3724,456,-4,6.4,0.130831349
JM,24,No,No,2.5,528.2961111,3724,456,-3.5,4.5,0.092832915
PD,11,No,No,2.5,528.2961111,3724,456,-4,6.4,0.150821294
PD,6,No,No,2.5,528.2961111,3724,456,-3.5,4.5,0.101770074
PD,3,No,No,2.5,528.2961111,3724,456,-4,6.4,0.156856601
JM,3,No,No,2.5,528.2961111,3724,456,-4,6.4,0.15668058
PD,19,No,No,2.5,528.2961111,3724,457,-3.5,2.8,0.063674187
CL,3,No,No,2.5,528.2961111,3724,457,-3.5,2.8,0.064842913
PD,22,No,No,2.5,528.2961111,3724,456,-3.5,4.5,0.07872036
JM,3,No,No,2.5,528.2961111,3724,456,-4,6.4,0.14220166
TD,22,No,No,2.5,528.2961111,3724,457,-3.5,2.8,0.106739315
PD,11,No,No,2.5,528.2961111,3724,456,-4,6.4,0.155873201
PD,3,No,No,2.5,528.2961111,3724,457,-3.5,2.8,0.066775328
CL,21,No,No,2.5,528.2961111,3724,456,-3.5,4.5,0.105993761
JM,,No,No,2.5,528.2961111,3724,456,-4,6.4,0.14847484
PD,11,No,No,2.5,528.2961111,3724,456,-4,6.4,0.156972502
JM,3,No,No,2.41,531.6163818,3417.4,456,-4,1.8,-0.009018625
JM,14,No,No,2.04,796.3937377,3726.5,457,-4,7.2,0.00474985
PD,21,No,No,4.8,796.3937377,3724,458,-3.5,23.8,0.021606154
JM,3,No,No,2.36,779.3113276,3417.4,457,-4,0.2,0.012313587
JM,3,No,No,2.4,692.7211801,3726.5,457,-3.5,4.2,0.000341426
CL,25,No,No,2.7,432.9507376,3726.5,456,-4,7.1,-0.000557802
PD,,No,No,2.71,432.9507376,3724,456,-3.5,6.6,0.017785082
PD,11,No,No,2.03,796.3937377,3724,456,-3.5,25.8,-0.026133977
TD,,No,No,2.7,796.3937377,3417.4,456,-4.5,1.5,-0.004264569
JD,24,No,No,2.42,531.6163818,3724,457,-3.5,24,0.016727478
PD,6,No,No,2.03,796.3937377,3724,456,-3.5,25.8,0.017666687
JM,11,No,No,2.03,796.3937377,3724,456,-3.5,25.5,0.031396383
JM,3,No,No,4.8,796.3937377,3724,458,-3.5,23.8,0.04053275
LJ,22,No,No,2.03,796.3937377,3724,456,-3.5,25.5,-0.001093133
PD,11,No,No,2.44,636.1725124,3726.5,458,-3.5,7.7,0.008943493
LJ,3,No,No,2.41,606.1310326,3724,456,-3.5,1.7,0.01547945
PD,11,No,No,2.41,531.6163818,3417.4,456,-4,1.8,0.005821119
JM,11,No,No,2.36,1194.590607,3417.4,456,-4,3.1,0.009992739
JD,6,No,No,2.36,779.3113276,3417.4,457,-4,0.2,0.017055829
JM,11,No,No,2.41,606.1310326,3724,456,-3.5,1.7,0.018662015
JM,11,No,No,2.42,606.1310326,3726.5,456,-3.5,5.1,0.015550588
CL,24,No,Yes,2.37,1194.590607,3726.5,456,-4.5,6.3,0.028329377
LJ,24,No,No,2.41,606.1310326,3724,456,-3.5,1.7,-0.008939043
LJ,21,No,No,2.36,1194.590607,3417.4,456,-4,3.1,0.00131936
CL,24,No,No,2.41,531.6163818,3417.4,456,-4,1.8,-0.014456571
JM,,No,Yes,2.37,779.3113276,3417.4,456,-4,0.9,0.014119462
JM,22,No,No,4.8,796.3937377,3724,458,-3.5,23.8,0.015222798
JD,3,No,Yes,2.6,636.1725124,3724,456,-3.5,-0.1,0.027657315
PD,11,No,No,2.04,796.3937377,3726.5,456,-4,7.3,0.002392188
JD,21,No,No,2.45,381.7035074,3726.5,456,-3.5,7.4,0.022167247
KR,6,No,No,2.71,432.9507376,3724,456,-3.5,6.6,0.00793234
PD,11,No,No,4.8,796.3937377,3724,458,-3.5,23.3,-0.01257034
CL,21,No,No,2.03,796.3937377,3724,456,-3.5,25.8,0.010279333
TD,3,No,No,2.03,796.3937377,3724,456,-3.5,25.8,-0.005134018
LJ,25,No,No,2.03,796.3937377,3724,456,-3.5,25.8,0.023873611
PD,6,No,Yes,2.61,636.1725124,3724,457,-3.5,1.1,-0.001256865
JD,22,No,No,2.03,796.3937377,3724,456,-3.5,25.5,0.012967695
JM,11,No,Yes,2.36,1194.590607,3417.4,456,-4,3.5,0.030020708
CL,3,No,No,4.8,796.3937377,3724,458,-3.5,23.3,-0.012935414
LJ,,No,No,2.6,636.1725124,3724,456,-3.5,0.1,0.012353157
JD,21,No,No,2.44,636.1725124,3726.5,457,-3.5,8,0.0141406
LJ,6,No,No,2.6,636.1725124,3724,456,-3.5,0.1,0.015809837
LJ,11,No,Yes,2.6,636.1725124,3724,456,-3.5,-0.1,0.003900519
PD,21,No,No,2.42,606.1310326,3726.5,456,-3.5,5.1,0.003738014
JM,11,No,No,2.03,796.3937377,3724,456,-3.5,25.8,-0.004704523
PD,11,No,No,2.04,796.3937377,3726.5,457,-4,7.2,-0.00206552
CL,,No,No,2.45,381.7035074,3726.5,456,-3.5,7.4,0.013626907
PD,3,No,No,2.7,432.9507376,3726.5,456,-4,6.8,0.006449117
TD,,No,No,2.71,432.9507376,3724,456,-3.5,6.8,0.022168279
TD,3,No,No,2.36,779.3113276,3417.4,457,-4,0.2,0.029633983
JD,3,No,No,2.61,636.1725124,3724,456,-3.5,1.3,0.03298145
JM,20,No,No,2.42,606.1310326,3726.5,456,-3.5,5.1,0.036790203
JD,,No,No,2.04,796.3937377,3726.5,456,-4,7.3,0.003159169
PD,21,No,No,2.44,636.1725124,3726.5,457,-3.5,8,0.004769392
PD,11,No,No,2.42,606.1310326,3726.5,456,-3.5,5.1,0.012273076
JM,3,No,No,2.4,606.1310326,3724,456,-4,24.8,0.001982648
LJ,,No,No,2.03,796.3937377,3724,456,-3.5,25.8,-0.016800437
JM,20,No,No,2.45,381.7035074,3726.5,456,-3.5,7.4,0.00381404
LJ,11,No,No,2.42,606.1310326,3726.5,456,-3.5,5.1,-0.001077943
JM,11,No,No,2.41,606.1310326,3724,456,-3.5,1.7,0.019383424
LJ,25,No,No,2.03,796.3937377,3724,456,-3.5,25.8,0.013306635
TD,6,No,No,2.04,796.3937377,3726.5,456,-4,7.3,0.004160963
CL,21,No,No,2.41,606.1310326,3726.5,456,-3.5,2.1,0.013169494
LJ,24,No,No,2.44,636.1725124,3726.5,457,-3.5,8,0.02465273
JD,11,No,Yes,2.37,779.3113276,3417.4,456,-4,0.9,0.015994319
PD,11,No,Yes,2.6,636.1725124,3724,456,-3.5,-0.1,0.014913524
PD,22,No,No,2.44,636.1725124,3726.5,457,-3.5,8,0.01127609
CL,21,No,No,2.44,636.1725124,3726.5,458,-3.5,8,0.015436877
JD,11,No,Yes,2.6,636.1725124,3724,456,-3.5,-0.1,0.025735104
KR,22,No,No,2.61,636.1725124,3724,456,-3.5,1.3,0.000815193
KR,3,No,No,2.04,796.3937377,3726.5,457,-4,7.2,0.009833721
JM,21,No,No,2.03,796.3937377,3724,456,-3.5,25.8,0.004025423
JM,25,No,No,2.45,381.7035074,3726.5,456,-3.5,7.4,0.027571914
JM,11,No,No,4.8,796.3937377,3724,458,-3.5,23.8,0.018008009
JD,3,No,No,2.03,796.3937377,3417.4,456,-4,5.9,0.012730029
JM,11,No,No,2.6,636.1725124,3724,456,-3.5,0.1,0.024179361
JM,3,No,No,2.03,796.3937377,3417.4,456,-4,5.9,0.014531594
JM,11,No,No,2.41,531.6163818,3417.4,456,-4,1.8,0.014330286
JM,20,No,Yes,2.37,1194.590607,3726.5,456,-4.5,6.3,0.011191067
JM,11,No,No,2.6,636.1725124,3724,456,-3.5,0.1,-0.008022625
CL,21,No,No,3.67,1061.858317,3726.5,456,-4.5,1.3,0.015030852
PD,6,No,No,2.42,606.1310326,3726.5,456,-3.5,5.1,0.016269437
JD,20,No,No,2.04,796.3937377,3726.5,457,-4,7.2,-0.003742254
LJ,11,No,No,2.7,796.3937377,3417.4,456,-4.5,1.5,0.022841709
LJ,22,No,No,2.41,606.1310326,3726.5,456,-3.5,2.1,-0.002446501
TD,14,No,Yes,2.61,636.1725124,3724,457,-3.5,1.1,-0.008317582
KR,22,No,Yes,2.37,779.3113276,3417.4,456,-4,0.9,-0.008132436
PD,22,No,No,2.4,692.7211801,3726.5,457,-3.5,4.2,-0.004815863
JM,3,No,No,2.7,432.9507376,3726.5,456,-4,6.8,0.003856635
PD,,No,No,2.7,432.9507376,3726.5,456,-4,6.8,0.005123091
CL,11,No,No,2.04,796.3937377,3726.5,456,-4,7.3,0.009025544
PD,11,No,No,2.36,1194.590607,3417.4,456,-4,3.1,0.008205222
JM,11,No,No,2.44,636.1725124,3726.5,458,-3.5,7.7,0.001710946
PD,11,No,No,2.41,606.1310326,3726.5,456,-3.5,2.1,0.014870806
CL,6,No,Yes,2.61,636.1725124,3724,457,-3.5,1.1,0.010471027
LJ,6,No,No,2.4,606.1310326,3724,456,-4,24.8,0.014794628
JM,3,No,No,2.36,1194.590607,3417.4,456,-4,3.1,0.009241234
LJ,11,No,No,2.41,606.1310326,3726.5,456,-3.5,2.1,0.013020193
LJ,21,No,No,2.03,796.3937377,3724,456,-3.5,25.5,0.017087017
JM,,No,No,2.06,519.5408851,3726.5,456,-3.5,7.1,0.028869877
JM,25,No,Yes,2.36,1194.590607,3417.4,456,-4,3.5,-0.003207284
JM,3,No,No,2.03,796.3937377,3724,456,-3.5,25.8,-0.011906369
JD,11,No,No,2.42,606.1310326,3726.5,456,-3.5,5.1,-0.010361016
PD,24,No,No,2.04,796.3937377,3726.5,457,-4,7.2,0.001112428
CL,3,No,No,2.7,432.9507376,3726.5,456,-4,6.8,0.016410288
LJ,22,No,Yes,2.37,779.3113276,3417.4,456,-4,0.9,-0.006652304
JM,11,No,No,2.42,606.1310326,3726.5,456,-3.5,5.1,0.008589004
PD,11,No,No,2.37,1194.590607,3726.5,457,-4.5,6,0.003220402
PD,11,No,No,2.7,432.9507376,3726.5,456,-4,6.8,0.014947151
JM,11,No,No,2.7,432.9507376,3726.5,456,-4,7.1,0.006778411
JD,11,No,No,2.44,636.1725124,3726.5,458,-3.5,7.7,0.013779822
LJ,11,No,No,2.4,606.1310326,3724,456,-4,24.8,0.037786227
CL,11,No,No,2.06,519.5408851,3726.5,456,-3.5,7.1,0.019102729
JM,,No,No,2.36,779.3113276,3417.4,457,-4,0.2,0.000149386
JM,11,No,No,2.03,796.3937377,3724,456,-3.5,25.8,0.019554384
JM,3,No,No,3.67,1061.858317,3726.5,456,-4.5,1.3,-0.001077975
PD,21,No,No,2.04,796.3937377,3726.5,457,-4,7.2,0.003105339
JM,3,No,No,2.71,432.9507376,3724,456,-3.5,6.8,0.024924269
PD,21,No,No,2.7,796.3937377,3417.4,456,-4.5,1.5,0.008155457
JM,20,No,No,2.03,796.3937377,3724,456,-3.5,25.8,0.00934962
JM,11,No,No,2.41,531.6163818,3417.4,456,-4,1.8,0.019308113
PD,11,No,No,2.04,796.3937377,3726.5,456,-4,7.3,-0.000144464
JM,3,No,No,2.7,796.3937377,3417.4,456,-4.5,1.5,0.021381585
PD,,No,No,4.8,796.3937377,3724,458,-3.5,23.3,-0.010548992
PD,21,No,No,2.03,796.3937377,3724,456,-3.5,25.5,0.023301667
PD,,No,Yes,2.37,1194.590607,3726.5,456,-4.5,6.3,0.015828741
CL,25,No,Yes,2.37,1194.590607,3726.5,456,-4.5,6.3,-0.007130387
JM,11,No,No,2.03,796.3937377,3724,456,-3.5,25.5,0.007916493
JM,11,No,No,2.61,636.1725124,3724,456,-3.5,1.3,0.025945691
JM,11,No,No,2.61,636.1725124,3724,456,-3.5,1.3,0.016212538
JM,21,No,No,3.67,1061.858317,3726.5,456,-4.5,1.3,0.00780656
JM,3,No,No,2.03,796.3937377,3724,456,-3.5,25.8,0.021808362
CL,24,No,No,2.03,796.3937377,3724,456,-3.5,25.8,0.005822394
CL,,No,No,2.36,1194.590607,3417.4,456,-4,3.1,0.014461338
PD,21,No,No,2.4,692.7211801,3726.5,457,-3.5,4.2,-0.005393665
JM,25,No,No,2.7,432.9507376,3726.5,456,-4,6.8,0.018296447
PD,21,No,No,2.36,779.3113276,3417.4,457,-4,0.2,-0.006817992
JM,20,No,No,2.7,432.9507376,3726.5,456,-4,6.8,0.001714025
JM,11,No,No,2.06,519.5408851,3726.5,456,-3.5,7.1,0.024758679
JM,14,No,Yes,2.36,1194.590607,3417.4,456,-4,3.5,0.001005538
PD,3,No,No,2.41,606.1310326,3726.5,456,-3.5,2.1,-0.011565091
PD,21,No,Yes,2.61,636.1725124,3724,457,-3.5,1.1,0.012133717
LJ,3,No,Yes,2.6,636.1725124,3724,456,-3.5,-0.1,0.018702143
LJ,6,No,No,2.45,381.7035074,3726.5,456,-3.5,7.4,0.025889296
JM,11,No,No,2.03,796.3937377,3724,456,-3.5,25.8,0.001303987
KR,24,No,No,2.03,796.3937377,3724,456,-3.5,25.5,0.001515236
JM,21,No,No,2.61,636.1725124,3724,456,-3.5,1.3,0.000955084
JM,19,No,No,2.44,636.1725124,3726.5,457,-3.5,8,0.015256356
CL,3,No,No,4.8,796.3937377,3724,458,-3.5,23.3,0.00529564
TD,11,No,No,2.04,796.3937377,3726.5,457,-4,7.2,-0.015690755
LJ,11,No,No,2.7,432.9507376,3726.5,456,-4,7.1,-0.00971942
JD,21,No,No,2.06,519.5408851,3726.5,456,-3.5,7.1,0.019932609
LJ,14,No,No,2.04,796.3937377,3726.5,457,-4,7.2,-0.005642938
JM,11,No,No,2.44,636.1725124,3726.5,457,-3.5,8,0.028844831
JM,11,No,No,2.42,606.1310326,3726.5,456,-3.5,5.1,0.021115047
JD,11,No,No,2.03,796.3937377,3724,456,-3.5,25.5,0.002009382
JM,11,No,Yes,2.36,1194.590607,3417.4,456,-4,3.5,0.010395009
JM,11,No,No,2.44,636.1725124,3726.5,458,-3.5,8,0.008049899
CL,6,No,Yes,2.36,1194.590607,3417.4,456,-4,3.5,-0.003980143
LJ,11,No,No,2.36,1194.590607,3417.4,456,-4,3.1,0.007767189
LJ,21,No,No,4.8,796.3937377,3724,458,-3.5,23.3,-0.005672803
PD,,No,No,2.36,779.3113276,3417.4,457,-4,0.2,0.012494087
JM,3,No,No,2.03,796.3937377,3724,456,-3.5,25.8,0.004649136
JM,25,No,No,2.03,796.3937377,3724,456,-3.5,25.8,0.003049586
PD,24,No,No,2.41,531.6163818,3417.4,456,-4,1.8,0.012788631
JM,11,No,No,2.42,606.1310326,3726.5,456,-3.5,5.1,0.005624938
JM,6,No,No,2.44,636.1725124,3726.5,458,-3.5,8,0.012913206
JD,14,No,No,2.36,1194.590607,3417.4,456,-4,3.1,0.010128304
JM,21,No,No,4.8,796.3937377,3724,458,-3.5,23.8,0.019403485
CL,,No,No,2.03,796.3937377,3417.4,456,-4,5.9,0.022749001
CL,14,No,No,2.04,796.3937377,3726.5,457,-4,7.2,-0.003811074
LJ,21,No,No,2.42,606.1310326,3726.5,456,-3.5,5.1,-0.005428213
LJ,21,No,Yes,2.37,1194.590607,3726.5,456,-4.5,6.3,0.001610564
TD,6,No,No,2.03,796.3937377,3724,456,-3.5,25.8,0.00967609
CL,,No,Yes,2.61,636.1725124,3724,457,-3.5,1.1,0.015201828
JM,21,No,No,2.37,1194.590607,3726.5,457,-4.5,6,0.017451893
PD,21,No,Yes,2.6,636.1725124,3724,456,-3.5,-0.1,0.01464363
JM,11,No,No,2.71,432.9507376,3724,456,-3.5,6.8,0.005610847
JM,6,No,No,2.4,606.1310326,3724,456,-4,24.8,0.018699493
JM,21,No,No,2.71,432.9507376,3724,456,-3.5,6.6,0.006036103
JM,,No,No,2.44,636.1725124,3726.5,457,-3.5,8,0.031311586
JM,11,No,No,2.44,636.1725124,3726.5,458,-3.5,8,-0.005684868
JD,,No,Yes,2.37,779.3113276,3417.4,456,-4,0.9,-0.007315987
TD,11,No,No,2.36,779.3113276,3417.4,457,-4,0.2,0.009207339
JD,21,No,No,2.36,1194.590607,3417.4,456,-4,3.1,0.025521197
CL,11,No,No,2.44,636.1725124,3726.5,457,-3.5,8,0.016623324
LJ,21,No,No,2.4,692.7211801,3726.5,457,-3.5,4.2,-0.002202351
KR,11,No,No,2.71,432.9507376,3724,456,-3.5,6.8,0.010564679
PD,11,No,Yes,2.37,1194.590607,3726.5,456,-4.5,6.3,-0.007075178
CL,6,No,No,2.71,432.9507376,3724,456,-3.5,6.8,0.00841544
LJ,21,No,No,3.67,1061.858317,3726.5,456,-4.5,1.3,-0.008354577
KR,11,No,No,2.44,636.1725124,3726.5,457,-3.5,8,0.032009238
KR,11,No,No,2.03,796.3937377,3724,456,-3.5,25.5,0.021014319
JM,3,No,No,2.7,796.3937377,3417.4,456,-4.5,1.5,0.00302856
JM,11,No,No,2.41,606.1310326,3726.5,456,-3.5,2.1,-0.001858633
PD,11,No,No,4.8,796.3937377,3724,458,-3.5,23.8,0.014535485
PD,11,No,No,2.7,432.9507376,3726.5,456,-4,7.1,0.009663824
JM,11,No,No,2.03,796.3937377,3724,456,-3.5,25.8,0.007582213
PD,6,No,No,2.6,636.1725124,3724,456,-3.5,0.1,0.008623792
JM,6,No,No,2.03,796.3937377,3417.4,456,-4,5.9,0.005995153
LJ,24,No,No,2.03,796.3937377,3724,456,-3.5,25.8,0.009351384
PD,11,No,No,2.61,636.1725124,3724,456,-3.5,1.3,0.00706985
LJ,11,No,Yes,2.37,779.3113276,3417.4,456,-4,0.9,0.009128385
JM,11,No,No,2.45,381.7035074,3726.5,456,-3.5,7.4,0.036919995
PD,11,No,No,2.71,432.9507376,3724,456,-3.5,6.8,0.01506998
PD,,No,No,2.04,796.3937377,3726.5,456,-4,7.3,-0.008224799
TD,3,No,No,2.36,1194.590607,3417.4,456,-4,3.1,0.008594803
TD,6,No,Yes,2.61,636.1725124,3724,457,-3.5,1.1,0.02543066
PD,11,No,No,2.03,796.3937377,3724,456,-3.5,25.8,0.000451455
PD,24,No,No,2.37,1194.590607,3726.5,457,-4.5,6,0.023576114
LJ,3,No,No,2.03,796.3937377,3724,456,-3.5,25.8,-0.011185495
JM,6,No,No,2.4,606.1310326,3724,456,-4,24.8,0.019383961
JM,11,No,Yes,2.37,779.3113276,3417.4,456,-4,0.9,-0.001917488
KR,22,No,No,2.42,606.1310326,3726.5,456,-3.5,5.1,0.015312471
CL,11,No,No,2.42,531.6163818,3724,457,-3.5,24,0.01313831
PD,11,No,No,2.44,636.1725124,3726.5,458,-3.5,7.7,0.01408257
JM,22,No,No,4.8,796.3937377,3724,458,-3.5,23.8,0.008578759
LJ,3,No,No,2.36,779.3113276,3417.4,457,-4,0.2,0.009902959
PD,6,No,No,2.04,796.3937377,3726.5,456,-4,7.3,0.006595694
KR,25,No,No,2.7,432.9507376,3726.5,456,-4,7.1,-0.007759027
TD,20,No,No,2.71,432.9507376,3724,456,-3.5,6.6,0.031953745
JD,21,No,No,2.36,779.3113276,3417.4,457,-4,0.2,0.016260109
JM,24,No,No,2.7,432.9507376,3726.5,456,-4,7.1,0.01154797
PD,3,No,No,2.44,636.1725124,3726.5,458,-3.5,8,0.010305398
CL,21,No,No,2.03,796.3937377,3724,456,-3.5,25.8,0.001414027
PD,3,No,No,2.37,1194.590607,3726.5,457,-4.5,6,0.015313901
LJ,22,No,No,2.41,606.1310326,3724,456,-3.5,1.7,0.008009187
JM,21,No,No,2.45,381.7035074,3726.5,456,-3.5,7.4,0.008614823
JM,11,No,No,3.67,1061.858317,3726.5,456,-4.5,1.3,-0.003089526
PD,11,No,No,2.44,636.1725124,3726.5,457,-3.5,8,0.004029289
JD,3,No,Yes,2.6,636.1725124,3724,456,-3.5,-0.1,0.016657318
PD,3,No,No,2.06,519.5408851,3726.5,456,-3.5,7.1,0.033880593
PD,22,No,No,2.03,796.3937377,3724,456,-3.5,25.5,0.020913279
LJ,11,No,Yes,2.61,636.1725124,3724,457,-3.5,1.1,-0.00171909
JM,11,No,No,2.41,606.1310326,3724,456,-3.5,1.7,0.013992562
JD,11,No,Yes,2.6,636.1725124,3724,456,-3.5,-0.1,0.015435848
JM,3,No,No,2.44,636.1725124,3726.5,458,-3.5,7.7,0.02319584
LJ,11,No,No,2.41,606.1310326,3726.5,456,-3.5,2.1,-0.009305657
LJ,24,No,No,2.71,432.9507376,3724,456,-3.5,6.8,0.005249813
LJ,,No,No,2.61,636.1725124,3724,456,-3.5,1.3,0.005710346
JM,11,No,Yes,2.61,636.1725124,3724,457,-3.5,1.1,-0.000293502
LJ,3,No,No,2.42,531.6163818,3724,457,-3.5,24,0.000708823
JM,11,No,No,2.4,692.7211801,3726.5,457,-3.5,4.2,-0.009232545
JM,14,No,No,2.6,636.1725124,3724,456,-3.5,0.1,0.030483729
PD,,No,Yes,2.36,1194.590607,3417.4,456,-4,3.5,0.015814665
PD,11,No,No,2.37,1194.590607,3726.5,457,-4.5,6,0.018749746
JD,11,No,No,2.03,796.3937377,3417.4,456,-4,5.9,0.004629326
JM,3,No,No,2.03,796.3937377,3724,456,-3.5,25.5,0.016602674
PD,,No,No,2.36,1194.590607,3417.4,456,-4,3.1,0.010587103
JM,14,No,No,2.42,531.6163818,3724,457,-3.5,24,0.017794699
CL,3,No,No,2.41,531.6163818,3417.4,456,-4,1.8,0.008706869
JM,21,No,Yes,2.36,1194.590607,3417.4,456,-4,3.5,0.038540125
JM,11,No,No,2.44,636.1725124,3726.5,458,-3.5,7.7,-0.007080744
PD,6,No,No,2.03,796.3937377,3724,456,-3.5,25.8,0.033665506
PD,21,No,Yes,2.36,1194.590607,3417.4,456,-4,3.5,0.009919734
LJ,3,No,No,2.6,636.1725124,3724,456,-3.5,0.1,0.021045491
JM,19,No,No,2.71,432.9507376,3724,456,-3.5,6.6,0.01910346
JM,14,No,Yes,2.36,1194.590607,3417.4,456,-4,3.5,0.030932245
JM,24,No,No,2.45,381.7035074,3726.5,456,-3.5,7.4,0.011626024
JM,14,No,No,2.4,606.1310326,3724,456,-4,24.8,-0.006738259
KR,20,No,No,2.36,1194.590607,3417.4,456,-4,3.1,0.012225059
JD,11,No,No,2.71,432.9507376,3724,456,-3.5,6.6,0.01554426
PD,20,No,Yes,2.61,636.1725124,3724,457,-3.5,1.1,0.015762467
TD,22,No,No,2.03,796.3937377,3724,456,-3.5,25.8,-0.005635669
JM,11,No,No,2.41,606.1310326,3726.5,456,-3.5,2.1,0.012742252
PD,22,No,No,2.61,636.1725124,3724,456,-3.5,1.3,-0.003208802
JM,6,No,No,2.03,796.3937377,3724,456,-3.5,25.8,0.011534789
PD,21,No,No,2.06,519.5408851,3726.5,456,-3.5,7.1,0.025261002
LJ,11,No,No,2.03,796.3937377,3724,456,-3.5,25.8,-0.001532307
PD,20,No,No,2.41,531.6163818,3417.4,456,-4,1.8,0.011247549
CL,22,No,No,2.6,636.1725124,3724,456,-3.5,0.1,0.011495737
JM,24,No,No,2.42,606.1310326,3726.5,456,-3.5,5.1,0.023141222
JM,11,No,No,2.41,606.1310326,3724,456,-3.5,1.7,0.011864105
JM,3,No,No,2.36,779.3113276,3417.4,457,-4,0.2,0.019399706
CL,11,No,Yes,2.37,1194.590607,3726.5,456,-4.5,6.3,-0.011589103
JD,25,No,No,4.8,796.3937377,3724,458,-3.5,23.3,0.005305378
LJ,3,No,No,4.8,796.3937377,3724,458,-3.5,23.3,0.002368907
PD,11,No,No,2.42,606.1310326,3726.5,456,-3.5,5.1,0.032638531
LJ,11,No,No,2.4,692.7211801,3726.5,457,-3.5,4.2,-0.001160234
PD,14,No,No,4.8,796.3937377,3724,458,-3.5,23.3,0.015847144
JM,22,No,Yes,2.6,636.1725124,3724,456,-3.5,-0.1,0.015757941
LJ,11,No,No,2.42,531.6163818,3724,457,-3.5,24,0.012463012
CL,21,No,No,2.6,636.1725124,3724,456,-3.5,0.1,0.011094075
TD,11,No,No,2.7,432.9507376,3726.5,456,-4,6.8,0.01420761
JD,21,No,No,2.36,1194.590607,3417.4,456,-4,3.1,0.005863606
LJ,24,No,No,2.41,531.6163818,3417.4,456,-4,1.8,0.02943772
LJ,3,No,No,4.8,796.3937377,3724,458,-3.5,23.8,0.01223218
JM,11,No,No,2.71,432.9507376,3724,456,-3.5,6.6,0.013978737
JD,25,No,No,2.44,636.1725124,3726.5,457,-3.5,8,0.018296205
JD,11,No,No,2.41,606.1310326,3726.5,456,-3.5,2.1,0.00927498
TD,11,No,No,2.42,531.6163818,3724,457,-3.5,24,0.013450312
JM,,No,No,2.36,1194.590607,3417.4,456,-4,3.1,0.013690119
JM,11,No,Yes,2.37,1194.590607,3726.5,456,-4.5,6.3,-0.009077552
JM,11,No,No,2.06,519.5408851,3726.5,456,-3.5,7.1,0.005232829
JM,21,No,No,2.04,796.3937377,3726.5,456,-4,7.3,-0.021118693
LJ,3,No,Yes,2.6,636.1725124,3724,456,-3.5,-0.1,0.014429319
LJ,11,No,No,2.71,432.9507376,3724,456,-3.5,6.8,0.00295288
CL,24,No,No,2.41,531.6163818,3417.4,456,-4,1.8,0.016781427
JM,22,No,No,2.4,692.7211801,3726.5,457,-3.5,4.2,0.012787971
JM,21,No,No,2.36,779.3113276,3417.4,457,-4,0.2,0.016436403
TD,3,No,No,2.36,1194.590607,3417.4,456,-4,3.1,0.003124
PD,21,No,No,2.03,796.3937377,3724,456,-3.5,25.8,-0.007834217
PD,,No,No,2.42,531.6163818,3724,457,-3.5,24,0.017692191
LJ,11,No,No,2.03,796.3937377,3724,456,-3.5,25.8,0.005348829
LJ,21,No,No,2.37,1194.590607,3726.5,457,-4.5,6,0.028930695
CL,21,No,No,4.8,796.3937377,3724,458,-3.5,23.3,0.000851036
LJ,21,No,No,2.04,796.3937377,3726.5,456,-4,7.3,-0.007592337
JD,3,No,No,2.7,432.9507376,3726.5,456,-4,7.1,0.000898434
JM,11,No,No,2.37,1194.590607,3726.5,457,-4.5,6,0.007316469
JM,,No,No,4.8,796.3937377,3724,458,-3.5,23.8,0.01217924
PD,,No,No,3.67,1061.858317,3726.5,456,-4.5,1.3,-0.008681148
JM,11,No,Yes,2.37,1194.590607,3726.5,456,-4.5,6.3,0.001049697
JM,22,No,No,2.03,796.3937377,3417.4,456,-4,5.9,-0.000148041
KR,11,No,No,4.8,796.3937377,3724,458,-3.5,23.3,0.004961393
CL,11,No,No,2.45,381.7035074,3726.5,456,-3.5,7.4,0.017487807
JM,11,No,No,2.04,796.3937377,3726.5,456,-4,7.3,-0.010846343
PD,20,No,No,2.03,796.3937377,3724,456,-3.5,25.8,-0.004227775
PD,11,No,No,2.44,636.1725124,3726.5,458,-3.5,7.7,0.000434076
JM,11,No,Yes,2.37,779.3113276,3417.4,456,-4,0.9,0.003746111
PD,14,No,Yes,2.6,636.1725124,3724,456,-3.5,-0.1,0.032354288
JM,,No,No,2.61,636.1725124,3724,456,-3.5,1.3,0.010633968
LJ,25,No,No,2.41,606.1310326,3726.5,456,-3.5,2.1,0.012555069
PD,21,No,No,2.7,796.3937377,3417.4,456,-4.5,1.5,0.016185449
PD,14,No,Yes,2.6,636.1725124,3724,456,-3.5,-0.1,0.030852196
JM,11,No,No,2.4,692.7211801,3726.5,457,-3.5,4.2,-0.014686632
TD,11,No,No,2.06,519.5408851,3726.5,456,-3.5,7.1,0.03402629
JM,6,No,No,2.6,636.1725124,3724,456,-3.5,0.1,0.018701708
PD,21,No,Yes,2.37,779.3113276,3417.4,456,-4,0.9,0.006340764
JM,,No,No,2.03,796.3937377,3724,456,-3.5,25.8,-0.008960391
JM,11,No,No,2.36,1194.590607,3417.4,456,-4,3.1,0.022585614
PD,6,No,No,2.03,796.3937377,3724,456,-3.5,25.8,-0.008414817
PD,,No,No,2.41,606.1310326,3724,456,-3.5,1.7,0.00257026
LJ,14,No,No,2.71,432.9507376,3724,456,-3.5,6.8,0.00285495
JM,6,No,No,2.06,519.5408851,3726.5,456,-3.5,7.1,0.026555716
LJ,24,No,No,3.67,1061.858317,3726.5,456,-4.5,1.3,0.011985411
PD,6,No,No,2.6,636.1725124,3724,456,-3.5,0.1,0.016523645
JD,21,No,No,2.03,796.3937377,3724,456,-3.5,25.8,0.007612049
TD,6,No,No,2.71,432.9507376,3724,456,-3.5,6.8,-0.008811356
JM,21,No,No,2.41,606.1310326,3724,456,-3.5,1.7,0.030272665
PD,11,No,No,2.44,636.1725124,3726.5,457,-3.5,8,0.015808169
KR,6,No,No,2.7,432.9507376,3726.5,456,-4,6.8,0.016545612
JM,11,No,No,3.67,1061.858317,3726.5,456,-4.5,1.3,0.00375572
JM,14,No,No,2.03,796.3937377,3724,456,-3.5,25.8,0.002230792
JM,11,No,Yes,2.36,1194.590607,3417.4,456,-4,3.5,0.015220431
JD,11,No,No,2.41,606.1310326,3724,456,-3.5,1.7,0.031531738
JM,21,No,No,2.04,796.3937377,3726.5,457,-4,7.2,-0.00249753
JM,3,No,No,2.44,636.1725124,3726.5,457,-3.5,8,0.010371558
CL,3,No,No,2.03,796.3937377,3724,456,-3.5,25.8,0.023157873
JM,,No,No,2.03,796.3937377,3417.4,456,-4,5.9,0.01124156
KR,11,No,Yes,2.6,636.1725124,3724,456,-3.5,-0.1,0.010786547
JM,24,No,No,2.4,606.1310326,3724,456,-4,24.8,0.004500013
KR,,No,No,2.42,531.6163818,3724,457,-3.5,24,0.026808038
JM,21,No,Yes,2.6,636.1725124,3724,456,-3.5,-0.1,0.031172861
LJ,11,No,No,2.03,796.3937377,3724,456,-3.5,25.5,0.003250082
JM,11,No,No,2.03,796.3937377,3724,456,-3.5,25.5,0.006538831
JM,19,No,No,4.8,796.3937377,3724,458,-3.5,23.8,0.006232889
JM,20,No,No,2.03,796.3937377,3724,456,-3.5,25.5,0.029482479
JM,21,No,No,2.36,779.3113276,3417.4,457,-4,0.2,0.009365413
JM,,No,No,2.71,432.9507376,3724,456,-3.5,6.8,0.015129285
JM,22,No,Yes,2.37,1194.590607,3726.5,456,-4.5,6.3,0.010215618
LJ,11,No,No,2.42,531.6163818,3724,457,-3.5,24,0.017151001
PD,11,No,No,2.44,636.1725124,3726.5,457,-3.5,8,0.020044316
JM,3,No,No,4.8,796.3937377,3724,458,-3.5,23.8,0.011000693
LJ,3,No,No,2.03,796.3937377,3724,456,-3.5,25.8,0.015348802
JD,,No,No,2.71,432.9507376,3724,456,-3.5,6.8,0.013958159
JM,,No,Yes,2.36,1194.590607,3417.4,456,-4,3.5,0.019432927
KR,21,No,No,2.7,432.9507376,3726.5,456,-4,6.8,0.002883104
PD,11,No,No,2.71,432.9507376,3724,456,-3.5,6.8,-0.005336682
JM,11,No,No,2.4,692.7211801,3726.5,457,-3.5,4.2,-0.008587346
PD,6,No,No,2.42,606.1310326,3726.5,456,-3.5,5.1,0.002394183
PD,21,No,No,2.06,519.5408851,3726.5,456,-3.5,7.1,0.044308066
LJ,21,No,No,2.4,606.1310326,3724,456,-4,24.8,0.018710703
JM,21,No,No,2.61,636.1725124,3724,456,-3.5,1.3,0.009005798
PD,11,No,No,2.42,531.6163818,3724,457,-3.5,24,0.018141714
LJ,3,No,No,2.37,1194.590607,3726.5,457,-4.5,6,0.02410042
LJ,11,No,No,2.44,636.1725124,3726.5,457,-3.5,8,0.007121716
JM,6,No,No,2.44,636.1725124,3726.5,458,-3.5,7.7,0.014936844
JM,,No,No,2.7,432.9507376,3726.5,456,-4,6.8,0.009159107
PD,3,No,Yes,2.37,779.3113276,3417.4,456,-4,0.9,0.017921729
JM,3,No,No,2.7,432.9507376,3726.5,456,-4,6.8,0.005664316
